transaction_id,is_anomaly,anomaly_type,is_fraud
TX_2026_00000001,False,None,False
TX_2026_00000002,False,None,False
TX_2026_00000003,False,None,False
TX_2026_00000004,False,None,False
TX_2026_00000005,False,None,False
TX_2026_00000006,False,None,False
TX_2026_00000007,False,None,False
TX_2026_00000008,False,None,False
TX_2026_00000009,False,None,False
TX_2026_00000010,False,None,False
TX_2026_00000011,False,None,False
TX_2026_00000012,False,None,False
TX_2026_00000013,False,None,False
TX_2026_00000014,False,None,False
TX_2026_00000015,False,None,False
TX_2026_00000016,False,None,False
TX_2026_00000017,False,None,False
TX_2026_00000018,False,None,False
TX_2026_00000019,False,None,False
TX_2026_00000020,False,None,False
TX_2026_00000021,False,None,False
TX_2026_00000022,False,None,False
TX_2026_00000023,False,None,False
TX_2026_00000024,False,None,False
TX_2026_00000025,False,None,False
TX_2026_00000026,False,None,False
TX_2026_00000027,False,None,False
TX_2026_00000028,False,None,False
TX_2026_00000029,False,None,False
TX_2026_00000030,False,None,False
TX_2026_00000031,False,None,False
TX_2026_00000032,False,None,False
TX_2026_00000033,False,None,False
TX_2026_00000034,False,None,False
TX_2026_00000035,False,None,False
TX_2026_00000036,False,None,False
TX_2026_00000037,False,None,False
TX_2026_00000038,False,None,False
TX_2026_00000039,False,None,False
TX_2026_00000040,False,None,False
TX_2026_00000041,False,None,False
TX_2026_00000042,False,None,False
TX_2026_00000043,False,None,False
TX_2026_00000044,False,None,False
TX_2026_00000045,False,None,False
TX_2026_00000046,False,None,False
TX_2026_00000047,False,None,False
TX_2026_00000048,False,None,False
TX_2026_00000049,False,None,False
TX_2026_00000050,False,None,False
TX_2026_00000051,False,None,False
TX_2026_00000052,False,None,False
TX_2026_00000053,False,None,False
TX_2026_00000054,False,None,False
TX_2026_00000055,False,None,False
TX_2026_00000056,False,None,False
TX_2026_00000057,False,None,False
TX_2026_00000058,False,None,False
TX_2026_00000059,False,None,False
TX_2026_00000060,False,None,False
TX_2026_00000061,False,None,False
TX_2026_00000062,False,None,False
TX_2026_00000063,False,None,False
TX_2026_00000064,False,None,False
TX_2026_00000065,False,None,False
TX_2026_00000066,False,None,False
TX_2026_00000067,False,None,False
TX_2026_00000068,False,None,False
TX_2026_00000069,False,None,False
TX_2026_00000070,False,None,False
TX_2026_00000071,False,None,False
TX_2026_00000072,False,None,False
TX_2026_00000073,False,None,False
TX_2026_00000074,False,None,False
TX_2026_00000075,False,None,False
TX_2026_00000076,False,None,False
TX_2026_00000077,True,UNUSUAL_NIGHT,False
TX_2026_00000078,False,None,False
TX_2026_00000079,False,None,False
TX_2026_00000080,False,None,False
TX_2026_00000081,False,None,False
TX_2026_00000082,False,None,False
TX_2026_00000083,False,None,False
TX_2026_00000084,False,None,False
TX_2026_00000085,False,None,False
TX_2026_00000086,False,None,False
TX_2026_00000087,False,None,False
TX_2026_00000088,False,None,False
TX_2026_00000089,False,None,False
TX_2026_00000090,False,None,False
TX_2026_00000091,False,None,False
TX_2026_00000092,False,None,False
TX_2026_00000093,False,None,False
TX_2026_00000094,False,None,False
TX_2026_00000095,False,None,False
TX_2026_00000096,False,None,False
TX_2026_00000097,False,None,False
TX_2026_00000098,False,None,False
TX_2026_00000099,False,None,False
TX_2026_00000100,False,None,False
TX_2026_00000101,False,None,False
TX_2026_00000102,False,None,False
TX_2026_00000103,False,None,False
TX_2026_00000104,False,None,False
TX_2026_00000105,False,None,False
TX_2026_00000106,False,None,False
TX_2026_00000107,False,None,False
TX_2026_00000108,False,None,False
TX_2026_00000109,False,None,False
TX_2026_00000110,False,None,False
TX_2026_00000111,False,None,False
TX_2026_00000112,False,None,False
TX_2026_00000113,False,None,False
TX_2026_00000114,False,None,False
TX_2026_00000115,False,None,False
TX_2026_00000116,False,None,False
TX_2026_00000117,False,None,False
TX_2026_00000118,False,None,False
TX_2026_00000119,False,None,False
TX_2026_00000120,False,None,False
TX_2026_00000121,False,None,False
TX_2026_00000122,False,None,False
TX_2026_00000123,False,None,False
TX_2026_00000124,False,None,False
TX_2026_00000125,False,None,False
TX_2026_00000126,False,None,False
TX_2026_00000127,False,None,False
TX_2026_00000128,False,None,False
TX_2026_00000129,True,HIGH_AMOUNT,False
TX_2026_00000130,False,None,False
TX_2026_00000131,False,None,False
TX_2026_00000132,False,None,False
TX_2026_00000133,False,None,False
TX_2026_00000134,False,None,False
TX_2026_00000135,False,None,False
TX_2026_00000136,False,None,False
TX_2026_00000137,False,None,False
TX_2026_00000138,False,None,False
TX_2026_00000139,False,None,False
TX_2026_00000140,False,None,False
TX_2026_00000141,False,None,False
TX_2026_00000142,False,None,False
TX_2026_00000143,False,None,False
TX_2026_00000144,False,None,False
TX_2026_00000145,False,None,False
TX_2026_00000146,False,None,False
TX_2026_00000147,False,None,False
TX_2026_00000148,False,None,False
TX_2026_00000149,False,None,False
TX_2026_00000150,False,None,False
TX_2026_00000151,False,None,False
TX_2026_00000152,False,None,False
TX_2026_00000153,False,None,False
TX_2026_00000154,True,HIGH_AMOUNT,False
TX_2026_00000155,False,None,False
TX_2026_00000156,False,None,False
TX_2026_00000157,False,None,False
TX_2026_00000158,False,None,False
TX_2026_00000159,False,None,False
TX_2026_00000160,False,None,False
TX_2026_00000161,False,None,False
TX_2026_00000162,False,None,False
TX_2026_00000163,False,None,False
TX_2026_00000164,False,None,False
TX_2026_00000165,False,None,False
TX_2026_00000166,False,None,False
TX_2026_00000167,False,None,False
TX_2026_00000168,False,None,False
TX_2026_00000169,False,None,False
TX_2026_00000170,False,None,False
TX_2026_00000171,False,None,False
TX_2026_00000172,False,None,False
TX_2026_00000173,False,None,False
TX_2026_00000174,False,None,False
TX_2026_00000175,False,None,False
TX_2026_00000176,False,None,False
TX_2026_00000177,False,None,False
TX_2026_00000178,False,None,False
TX_2026_00000179,False,None,False
TX_2026_00000180,False,None,False
TX_2026_00000181,False,None,False
TX_2026_00000182,False,None,False
TX_2026_00000183,False,None,False
TX_2026_00000184,False,None,False
TX_2026_00000185,False,None,False
TX_2026_00000186,False,None,False
TX_2026_00000187,False,None,False
TX_2026_00000188,False,None,False
TX_2026_00000189,False,None,False
TX_2026_00000190,False,None,False
TX_2026_00000191,False,None,False
TX_2026_00000192,False,None,False
TX_2026_00000193,False,None,False
TX_2026_00000194,False,None,False
TX_2026_00000195,False,None,False
TX_2026_00000196,False,None,False
TX_2026_00000197,False,None,False
TX_2026_00000198,False,None,False
TX_2026_00000199,False,None,False
TX_2026_00000200,False,None,False
TX_2026_00000201,False,None,False
TX_2026_00000202,False,None,False
TX_2026_00000203,False,None,False
TX_2026_00000204,False,None,False
TX_2026_00000205,True,HIGH_AMOUNT,False
TX_2026_00000206,False,None,False
TX_2026_00000207,False,None,False
TX_2026_00000208,False,None,False
TX_2026_00000209,True,UNUSUAL_NIGHT,True
TX_2026_00000210,False,None,False
TX_2026_00000211,False,None,False
TX_2026_00000212,False,None,False
TX_2026_00000213,False,None,False
TX_2026_00000214,False,None,False
TX_2026_00000215,False,None,False
TX_2026_00000216,False,None,False
TX_2026_00000217,False,None,False
TX_2026_00000218,False,None,False
TX_2026_00000219,False,None,False
TX_2026_00000220,False,None,False
TX_2026_00000221,False,None,False
TX_2026_00000222,False,None,False
TX_2026_00000223,False,None,False
TX_2026_00000224,False,None,False
TX_2026_00000225,False,None,False
TX_2026_00000226,False,None,False
TX_2026_00000227,False,None,False
TX_2026_00000228,False,None,False
TX_2026_00000229,False,None,False
TX_2026_00000230,False,None,False
TX_2026_00000231,False,None,False
TX_2026_00000232,False,None,False
TX_2026_00000233,False,None,False
TX_2026_00000234,False,None,False
TX_2026_00000235,False,None,False
TX_2026_00000236,False,None,False
TX_2026_00000237,False,None,False
TX_2026_00000238,False,None,False
TX_2026_00000239,False,None,False
TX_2026_00000240,False,None,False
TX_2026_00000241,False,None,False
TX_2026_00000242,False,None,False
TX_2026_00000243,False,None,False
TX_2026_00000244,False,None,False
TX_2026_00000245,False,None,False
TX_2026_00000246,False,None,False
TX_2026_00000247,False,None,False
TX_2026_00000248,False,None,False
TX_2026_00000249,False,None,False
TX_2026_00000250,False,None,False
TX_2026_00000251,False,None,False
TX_2026_00000252,False,None,False
TX_2026_00000253,False,None,False
TX_2026_00000254,False,None,False
TX_2026_00000255,False,None,False
TX_2026_00000256,False,None,False
TX_2026_00000257,False,None,False
TX_2026_00000258,False,None,False
TX_2026_00000259,False,None,False
TX_2026_00000260,False,None,False
TX_2026_00000261,False,None,False
TX_2026_00000262,False,None,False
TX_2026_00000263,False,None,False
TX_2026_00000264,False,None,False
TX_2026_00000265,False,None,False
TX_2026_00000266,False,None,False
TX_2026_00000267,False,None,False
TX_2026_00000268,False,None,False
TX_2026_00000269,False,None,False
TX_2026_00000270,False,None,False
TX_2026_00000271,False,None,False
TX_2026_00000272,False,None,False
TX_2026_00000273,False,None,False
TX_2026_00000274,False,None,False
TX_2026_00000275,False,None,False
TX_2026_00000276,False,None,False
TX_2026_00000277,False,None,False
TX_2026_00000278,False,None,False
TX_2026_00000279,False,None,False
TX_2026_00000280,False,None,False
TX_2026_00000281,False,None,False
TX_2026_00000282,False,None,False
TX_2026_00000283,False,None,False
TX_2026_00000284,False,None,False
TX_2026_00000285,True,NEW_FOREIGN_LOCATION,True
TX_2026_00000286,False,None,False
TX_2026_00000287,False,None,False
TX_2026_00000288,False,None,False
TX_2026_00000289,False,None,False
TX_2026_00000290,False,None,False
TX_2026_00000291,False,None,False
TX_2026_00000292,False,None,False
TX_2026_00000293,False,None,False
TX_2026_00000294,False,None,False
TX_2026_00000295,False,None,False
TX_2026_00000296,False,None,False
TX_2026_00000297,False,None,False
TX_2026_00000298,False,None,False
TX_2026_00000299,False,None,False
TX_2026_00000300,False,None,False
TX_2026_00000301,False,None,False
TX_2026_00000302,False,None,False
TX_2026_00000303,False,None,False
TX_2026_00000304,False,None,False
TX_2026_00000305,False,None,False
TX_2026_00000306,False,None,False
TX_2026_00000307,False,None,False
TX_2026_00000308,False,None,False
TX_2026_00000309,False,None,False
TX_2026_00000310,False,None,False
TX_2026_00000311,False,None,False
TX_2026_00000312,False,None,False
TX_2026_00000313,False,None,False
TX_2026_00000314,False,None,False
TX_2026_00000315,False,None,False
TX_2026_00000316,False,None,False
TX_2026_00000317,False,None,False
TX_2026_00000318,False,None,False
TX_2026_00000319,False,None,False
TX_2026_00000320,False,None,False
TX_2026_00000321,False,None,False
TX_2026_00000322,False,None,False
TX_2026_00000323,False,None,False
TX_2026_00000324,False,None,False
TX_2026_00000325,False,None,False
TX_2026_00000326,False,None,False
TX_2026_00000327,False,None,False
TX_2026_00000328,False,None,False
TX_2026_00000329,False,None,False
TX_2026_00000330,False,None,False
TX_2026_00000331,True,NEW_DEVICE_BURST,True
TX_2026_00000332,False,None,False
TX_2026_00000333,False,None,False
TX_2026_00000334,False,None,False
TX_2026_00000335,False,None,False
TX_2026_00000336,False,None,False
TX_2026_00000337,False,None,False
TX_2026_00000338,False,None,False
TX_2026_00000339,False,None,False
TX_2026_00000340,False,None,False
TX_2026_00000341,False,None,False
TX_2026_00000342,False,None,False
TX_2026_00000343,False,None,False
TX_2026_00000344,False,None,False
TX_2026_00000345,True,NEW_DEVICE_BURST,True
TX_2026_00000346,False,None,False
TX_2026_00000347,False,None,False
TX_2026_00000348,False,None,False
TX_2026_00000349,False,None,False
TX_2026_00000350,False,None,False
TX_2026_00000351,False,None,False
TX_2026_00000352,False,None,False
TX_2026_00000353,False,None,False
TX_2026_00000354,False,None,False
TX_2026_00000355,False,None,False
TX_2026_00000356,False,None,False
TX_2026_00000357,False,None,False
TX_2026_00000358,False,None,False
TX_2026_00000359,False,None,False
TX_2026_00000360,False,None,False
TX_2026_00000361,False,None,False
TX_2026_00000362,False,None,False
TX_2026_00000363,False,None,False
TX_2026_00000364,False,None,False
TX_2026_00000365,False,None,False
TX_2026_00000366,False,None,False
TX_2026_00000367,False,None,False
TX_2026_00000368,False,None,False
TX_2026_00000369,False,None,False
TX_2026_00000370,False,None,False
TX_2026_00000371,False,None,False
TX_2026_00000372,False,None,False
TX_2026_00000373,False,None,False
TX_2026_00000374,False,None,False
TX_2026_00000375,False,None,False
TX_2026_00000376,False,None,False
TX_2026_00000377,False,None,False
TX_2026_00000378,False,None,False
TX_2026_00000379,False,None,False
TX_2026_00000380,False,None,False
TX_2026_00000381,False,None,False
TX_2026_00000382,False,None,False
TX_2026_00000383,False,None,False
TX_2026_00000384,False,None,False
TX_2026_00000385,False,None,False
TX_2026_00000386,False,None,False
TX_2026_00000387,False,None,False
TX_2026_00000388,False,None,False
TX_2026_00000389,False,None,False
TX_2026_00000390,False,None,False
TX_2026_00000391,False,None,False
TX_2026_00000392,False,None,False
TX_2026_00000393,False,None,False
TX_2026_00000394,False,None,False
TX_2026_00000395,False,None,False
TX_2026_00000396,False,None,False
TX_2026_00000397,False,None,False
TX_2026_00000398,False,None,False
TX_2026_00000399,False,None,False
TX_2026_00000400,False,None,False
TX_2026_00000401,False,None,False
TX_2026_00000402,False,None,False
TX_2026_00000403,True,NEW_DEVICE_BURST,True
TX_2026_00000404,False,None,False
TX_2026_00000405,False,None,False
TX_2026_00000406,False,None,False
TX_2026_00000407,False,None,False
TX_2026_00000408,False,None,False
TX_2026_00000409,False,None,False
TX_2026_00000410,False,None,False
TX_2026_00000411,False,None,False
TX_2026_00000412,False,None,False
TX_2026_00000413,True,NEW_FOREIGN_LOCATION,True
TX_2026_00000414,False,None,False
TX_2026_00000415,False,None,False
TX_2026_00000416,False,None,False
TX_2026_00000417,False,None,False
TX_2026_00000418,False,None,False
TX_2026_00000419,False,None,False
TX_2026_00000420,False,None,False
TX_2026_00000421,False,None,False
TX_2026_00000422,False,None,False
TX_2026_00000423,False,None,False
TX_2026_00000424,False,None,False
TX_2026_00000425,False,None,False
TX_2026_00000426,False,None,False
TX_2026_00000427,False,None,False
TX_2026_00000428,False,None,False
TX_2026_00000429,False,None,False
TX_2026_00000430,False,None,False
TX_2026_00000431,False,None,False
TX_2026_00000432,False,None,False
TX_2026_00000433,False,None,False
TX_2026_00000434,False,None,False
TX_2026_00000435,False,None,False
TX_2026_00000436,False,None,False
TX_2026_00000437,False,None,False
TX_2026_00000438,False,None,False
TX_2026_00000439,True,HIGH_AMOUNT,True
TX_2026_00000440,False,None,False
TX_2026_00000441,False,None,False
TX_2026_00000442,False,None,False
TX_2026_00000443,False,None,False
TX_2026_00000444,False,None,False
TX_2026_00000445,False,None,False
TX_2026_00000446,False,None,False
TX_2026_00000447,False,None,False
TX_2026_00000448,True,NEW_FOREIGN_LOCATION,True
TX_2026_00000449,False,None,False
TX_2026_00000450,False,None,False
TX_2026_00000451,False,None,False
TX_2026_00000452,False,None,False
TX_2026_00000453,False,None,False
TX_2026_00000454,False,None,False
TX_2026_00000455,False,None,False
TX_2026_00000456,False,None,False
TX_2026_00000457,False,None,False
TX_2026_00000458,False,None,False
TX_2026_00000459,False,None,False
TX_2026_00000460,False,None,False
TX_2026_00000461,False,None,False
TX_2026_00000462,False,None,False
TX_2026_00000463,False,None,False
TX_2026_00000464,False,None,False
TX_2026_00000465,False,None,False
TX_2026_00000466,False,None,False
TX_2026_00000467,False,None,False
TX_2026_00000468,False,None,False
TX_2026_00000469,False,None,False
TX_2026_00000470,False,None,False
TX_2026_00000471,False,None,False
TX_2026_00000472,False,None,False
TX_2026_00000473,False,None,False
TX_2026_00000474,False,None,False
TX_2026_00000475,False,None,False
TX_2026_00000476,False,None,False
TX_2026_00000477,False,None,False
TX_2026_00000478,False,None,False
TX_2026_00000479,False,None,False
TX_2026_00000480,False,None,False
TX_2026_00000481,False,None,False
TX_2026_00000482,False,None,False
TX_2026_00000483,False,None,False
TX_2026_00000484,False,None,False
TX_2026_00000485,False,None,False
TX_2026_00000486,False,None,False
TX_2026_00000487,False,None,False
TX_2026_00000488,False,None,False
TX_2026_00000489,False,None,False
TX_2026_00000490,False,None,False
TX_2026_00000491,False,None,False
TX_2026_00000492,False,None,False
TX_2026_00000493,False,None,False
TX_2026_00000494,False,None,False
TX_2026_00000495,False,None,False
TX_2026_00000496,False,None,False
TX_2026_00000497,False,None,False
TX_2026_00000498,False,None,False
TX_2026_00000499,False,None,False
TX_2026_00000500,False,None,False
TX_2026_00000501,False,None,False
TX_2026_00000502,False,None,False
TX_2026_00000503,False,None,False
TX_2026_00000504,False,None,False
TX_2026_00000505,False,None,False
TX_2026_00000506,False,None,False
TX_2026_00000507,False,None,False
TX_2026_00000508,False,None,False
TX_2026_00000509,False,None,False
TX_2026_00000510,True,UNUSUAL_NIGHT,True
TX_2026_00000511,False,None,False
TX_2026_00000512,False,None,False
TX_2026_00000513,False,None,False
TX_2026_00000514,False,None,False
TX_2026_00000515,False,None,False
TX_2026_00000516,False,None,False
TX_2026_00000517,False,None,False
TX_2026_00000518,False,None,False
TX_2026_00000519,False,None,False
TX_2026_00000520,False,None,False
TX_2026_00000521,False,None,False
TX_2026_00000522,False,None,False
TX_2026_00000523,False,None,False
TX_2026_00000524,False,None,False
TX_2026_00000525,False,None,False
TX_2026_00000526,False,None,False
TX_2026_00000527,False,None,False
TX_2026_00000528,False,None,False
TX_2026_00000529,False,None,False
TX_2026_00000530,False,None,False
TX_2026_00000531,False,None,False
TX_2026_00000532,False,None,False
TX_2026_00000533,False,None,False
TX_2026_00000534,False,None,False
TX_2026_00000535,False,None,False
TX_2026_00000536,False,None,False
TX_2026_00000537,False,None,False
TX_2026_00000538,False,None,False
TX_2026_00000539,False,None,False
TX_2026_00000540,False,None,False
TX_2026_00000541,False,None,False
TX_2026_00000542,False,None,False
TX_2026_00000543,False,None,False
TX_2026_00000544,False,None,False
TX_2026_00000545,False,None,False
TX_2026_00000546,False,None,False
TX_2026_00000547,False,None,False
TX_2026_00000548,False,None,False
TX_2026_00000549,False,None,False
TX_2026_00000550,False,None,False
TX_2026_00000551,False,None,False
TX_2026_00000552,False,None,False
TX_2026_00000553,False,None,False
TX_2026_00000554,False,None,False
TX_2026_00000555,False,None,False
TX_2026_00000556,False,None,False
TX_2026_00000557,False,None,False
TX_2026_00000558,False,None,False
TX_2026_00000559,False,None,False
TX_2026_00000560,False,None,False
TX_2026_00000561,False,None,False
TX_2026_00000562,False,None,False
TX_2026_00000563,False,None,False
TX_2026_00000564,False,None,False
TX_2026_00000565,False,None,False
TX_2026_00000566,False,None,False
TX_2026_00000567,False,None,False
TX_2026_00000568,False,None,False
TX_2026_00000569,False,None,False
TX_2026_00000570,False,None,False
TX_2026_00000571,False,None,False
TX_2026_00000572,False,None,False
TX_2026_00000573,False,None,False
TX_2026_00000574,False,None,False
TX_2026_00000575,False,None,False
TX_2026_00000576,False,None,False
TX_2026_00000577,False,None,False
TX_2026_00000578,False,None,False
TX_2026_00000579,False,None,False
TX_2026_00000580,False,None,False
TX_2026_00000581,False,None,False
TX_2026_00000582,False,None,False
TX_2026_00000583,False,None,False
TX_2026_00000584,False,None,False
TX_2026_00000585,False,None,False
TX_2026_00000586,False,None,False
TX_2026_00000587,False,None,False
TX_2026_00000588,True,NEW_FOREIGN_LOCATION,False
TX_2026_00000589,False,None,False
TX_2026_00000590,False,None,False
TX_2026_00000591,False,None,False
TX_2026_00000592,False,None,False
TX_2026_00000593,False,None,False
TX_2026_00000594,False,None,False
TX_2026_00000595,False,None,False
TX_2026_00000596,False,None,False
TX_2026_00000597,False,None,False
TX_2026_00000598,False,None,False
TX_2026_00000599,False,None,False
TX_2026_00000600,False,None,False
TX_2026_00000601,False,None,False
TX_2026_00000602,False,None,False
TX_2026_00000603,False,None,False
TX_2026_00000604,False,None,False
TX_2026_00000605,False,None,False
TX_2026_00000606,False,None,False
TX_2026_00000607,False,None,False
TX_2026_00000608,False,None,False
TX_2026_00000609,False,None,False
TX_2026_00000610,False,None,False
TX_2026_00000611,False,None,False
TX_2026_00000612,True,UNUSUAL_NIGHT,True
TX_2026_00000613,False,None,False
TX_2026_00000614,False,None,False
TX_2026_00000615,False,None,False
TX_2026_00000616,False,None,False
TX_2026_00000617,False,None,False
TX_2026_00000618,False,None,False
TX_2026_00000619,False,None,False
TX_2026_00000620,False,None,False
TX_2026_00000621,False,None,False
TX_2026_00000622,False,None,False
TX_2026_00000623,False,None,False
TX_2026_00000624,False,None,False
TX_2026_00000625,False,None,False
TX_2026_00000626,False,None,False
TX_2026_00000627,False,None,False
TX_2026_00000628,False,None,False
TX_2026_00000629,False,None,False
TX_2026_00000630,False,None,False
TX_2026_00000631,False,None,False
TX_2026_00000632,False,None,False
TX_2026_00000633,False,None,False
TX_2026_00000634,False,None,False
TX_2026_00000635,False,None,False
TX_2026_00000636,False,None,False
TX_2026_00000637,False,None,False
TX_2026_00000638,False,None,False
TX_2026_00000639,False,None,False
TX_2026_00000640,False,None,False
TX_2026_00000641,False,None,False
TX_2026_00000642,False,None,False
TX_2026_00000643,False,None,False
TX_2026_00000644,False,None,False
TX_2026_00000645,False,None,False
TX_2026_00000646,False,None,False
TX_2026_00000647,False,None,False
TX_2026_00000648,False,None,False
TX_2026_00000649,False,None,False
TX_2026_00000650,False,None,False
TX_2026_00000651,False,None,False
TX_2026_00000652,False,None,False
TX_2026_00000653,False,None,False
TX_2026_00000654,False,None,False
TX_2026_00000655,False,None,False
TX_2026_00000656,False,None,False
TX_2026_00000657,False,None,False
TX_2026_00000658,False,None,False
TX_2026_00000659,False,None,False
TX_2026_00000660,False,None,False
TX_2026_00000661,False,None,False
TX_2026_00000662,False,None,False
TX_2026_00000663,False,None,False
TX_2026_00000664,False,None,False
TX_2026_00000665,False,None,False
TX_2026_00000666,False,None,False
TX_2026_00000667,False,None,False
TX_2026_00000668,False,None,False
TX_2026_00000669,False,None,False
TX_2026_00000670,False,None,False
TX_2026_00000671,False,None,False
TX_2026_00000672,False,None,False
TX_2026_00000673,False,None,False
TX_2026_00000674,False,None,False
TX_2026_00000675,False,None,False
TX_2026_00000676,False,None,False
TX_2026_00000677,False,None,False
TX_2026_00000678,False,None,False
TX_2026_00000679,False,None,False
TX_2026_00000680,False,None,False
TX_2026_00000681,False,None,False
TX_2026_00000682,False,None,False
TX_2026_00000683,False,None,False
TX_2026_00000684,False,None,False
TX_2026_00000685,False,None,False
TX_2026_00000686,True,NEW_DEVICE_BURST,True
TX_2026_00000687,False,None,False
TX_2026_00000688,False,None,False
TX_2026_00000689,False,None,False
TX_2026_00000690,False,None,False
TX_2026_00000691,False,None,False
TX_2026_00000692,False,None,False
TX_2026_00000693,False,None,False
TX_2026_00000694,False,None,False
TX_2026_00000695,False,None,False
TX_2026_00000696,False,None,False
TX_2026_00000697,False,None,False
TX_2026_00000698,False,None,False
TX_2026_00000699,False,None,False
TX_2026_00000700,False,None,False
TX_2026_00000701,False,None,False
TX_2026_00000702,False,None,False
TX_2026_00000703,False,None,False
TX_2026_00000704,False,None,False
TX_2026_00000705,False,None,False
TX_2026_00000706,False,None,False
TX_2026_00000707,False,None,False
TX_2026_00000708,False,None,False
TX_2026_00000709,False,None,False
TX_2026_00000710,False,None,False
TX_2026_00000711,False,None,False
TX_2026_00000712,False,None,False
TX_2026_00000713,False,None,False
TX_2026_00000714,False,None,False
TX_2026_00000715,False,None,False
TX_2026_00000716,False,None,False
TX_2026_00000717,False,None,False
TX_2026_00000718,False,None,False
TX_2026_00000719,False,None,False
TX_2026_00000720,False,None,False
TX_2026_00000721,False,None,False
TX_2026_00000722,False,None,False
TX_2026_00000723,False,None,False
TX_2026_00000724,False,None,False
TX_2026_00000725,False,None,False
TX_2026_00000726,False,None,False
TX_2026_00000727,False,None,False
TX_2026_00000728,False,None,False
TX_2026_00000729,False,None,False
TX_2026_00000730,False,None,False
TX_2026_00000731,False,None,False
TX_2026_00000732,False,None,False
TX_2026_00000733,False,None,False
TX_2026_00000734,False,None,False
TX_2026_00000735,False,None,False
TX_2026_00000736,False,None,False
TX_2026_00000737,False,None,False
TX_2026_00000738,False,None,False
TX_2026_00000739,False,None,False
TX_2026_00000740,False,None,False
TX_2026_00000741,False,None,False
TX_2026_00000742,True,HIGH_AMOUNT,True
TX_2026_00000743,False,None,False
TX_2026_00000744,False,None,False
TX_2026_00000745,False,None,False
TX_2026_00000746,False,None,False
TX_2026_00000747,False,None,False
TX_2026_00000748,False,None,False
TX_2026_00000749,False,None,False
TX_2026_00000750,False,None,False
TX_2026_00000751,False,None,False
TX_2026_00000752,False,None,False
TX_2026_00000753,False,None,False
TX_2026_00000754,False,None,False
TX_2026_00000755,False,None,False
TX_2026_00000756,False,None,False
TX_2026_00000757,False,None,False
TX_2026_00000758,False,None,False
TX_2026_00000759,False,None,False
TX_2026_00000760,False,None,False
TX_2026_00000761,False,None,False
TX_2026_00000762,False,None,False
TX_2026_00000763,False,None,False
TX_2026_00000764,False,None,False
TX_2026_00000765,False,None,False
TX_2026_00000766,False,None,False
TX_2026_00000767,False,None,False
TX_2026_00000768,False,None,False
TX_2026_00000769,True,HIGH_AMOUNT,True
TX_2026_00000770,False,None,False
TX_2026_00000771,True,UNUSUAL_NIGHT,True
TX_2026_00000772,False,None,False
TX_2026_00000773,False,None,False
TX_2026_00000774,False,None,False
TX_2026_00000775,False,None,False
TX_2026_00000776,False,None,False
TX_2026_00000777,False,None,False
TX_2026_00000778,False,None,False
TX_2026_00000779,False,None,False
TX_2026_00000780,False,None,False
TX_2026_00000781,False,None,False
TX_2026_00000782,False,None,False
TX_2026_00000783,False,None,False
TX_2026_00000784,False,None,False
TX_2026_00000785,False,None,False
TX_2026_00000786,False,None,False
TX_2026_00000787,False,None,False
TX_2026_00000788,False,None,False
TX_2026_00000789,False,None,False
TX_2026_00000790,False,None,False
TX_2026_00000791,False,None,False
TX_2026_00000792,False,None,False
TX_2026_00000793,False,None,False
TX_2026_00000794,False,None,False
TX_2026_00000795,False,None,False
TX_2026_00000796,False,None,False
TX_2026_00000797,False,None,False
TX_2026_00000798,False,None,False
TX_2026_00000799,False,None,False
TX_2026_00000800,False,None,False
TX_2026_00000801,False,None,False
TX_2026_00000802,False,None,False
TX_2026_00000803,False,None,False
TX_2026_00000804,False,None,False
TX_2026_00000805,False,None,False
TX_2026_00000806,False,None,False
TX_2026_00000807,False,None,False
TX_2026_00000808,False,None,False
TX_2026_00000809,False,None,False
TX_2026_00000810,False,None,False
TX_2026_00000811,False,None,False
TX_2026_00000812,False,None,False
TX_2026_00000813,False,None,False
TX_2026_00000814,False,None,False
TX_2026_00000815,False,None,False
TX_2026_00000816,False,None,False
TX_2026_00000817,False,None,False
TX_2026_00000818,False,None,False
TX_2026_00000819,False,None,False
TX_2026_00000820,False,None,False
TX_2026_00000821,False,None,False
TX_2026_00000822,False,None,False
TX_2026_00000823,False,None,False
TX_2026_00000824,False,None,False
TX_2026_00000825,False,None,False
TX_2026_00000826,False,None,False
TX_2026_00000827,False,None,False
TX_2026_00000828,False,None,False
TX_2026_00000829,False,None,False
TX_2026_00000830,False,None,False
TX_2026_00000831,False,None,False
TX_2026_00000832,False,None,False
TX_2026_00000833,False,None,False
TX_2026_00000834,False,None,False
TX_2026_00000835,False,None,False
TX_2026_00000836,False,None,False
TX_2026_00000837,False,None,False
TX_2026_00000838,False,None,False
TX_2026_00000839,False,None,False
TX_2026_00000840,False,None,False
TX_2026_00000841,False,None,False
TX_2026_00000842,False,None,False
TX_2026_00000843,False,None,False
TX_2026_00000844,False,None,False
TX_2026_00000845,False,None,False
TX_2026_00000846,False,None,False
TX_2026_00000847,False,None,False
TX_2026_00000848,False,None,False
TX_2026_00000849,False,None,False
TX_2026_00000850,False,None,False
TX_2026_00000851,False,None,False
TX_2026_00000852,False,None,False
TX_2026_00000853,False,None,False
TX_2026_00000854,False,None,False
TX_2026_00000855,False,None,False
TX_2026_00000856,False,None,False
TX_2026_00000857,False,None,False
TX_2026_00000858,False,None,False
TX_2026_00000859,False,None,False
TX_2026_00000860,False,None,False
TX_2026_00000861,False,None,False
TX_2026_00000862,False,None,False
TX_2026_00000863,False,None,False
TX_2026_00000864,False,None,False
TX_2026_00000865,False,None,False
TX_2026_00000866,False,None,False
TX_2026_00000867,False,None,False
TX_2026_00000868,False,None,False
TX_2026_00000869,False,None,False
TX_2026_00000870,False,None,False
TX_2026_00000871,False,None,False
TX_2026_00000872,False,None,False
TX_2026_00000873,False,None,False
TX_2026_00000874,False,None,False
TX_2026_00000875,False,None,False
TX_2026_00000876,False,None,False
TX_2026_00000877,False,None,False
TX_2026_00000878,False,None,False
TX_2026_00000879,False,None,False
TX_2026_00000880,False,None,False
TX_2026_00000881,False,None,False
TX_2026_00000882,False,None,False
TX_2026_00000883,False,None,False
TX_2026_00000884,False,None,False
TX_2026_00000885,False,None,False
TX_2026_00000886,False,None,False
TX_2026_00000887,False,None,False
TX_2026_00000888,False,None,False
TX_2026_00000889,False,None,False
TX_2026_00000890,False,None,False
TX_2026_00000891,False,None,False
TX_2026_00000892,False,None,False
TX_2026_00000893,False,None,False
TX_2026_00000894,False,None,False
TX_2026_00000895,False,None,False
TX_2026_00000896,False,None,False
TX_2026_00000897,False,None,False
TX_2026_00000898,False,None,False
TX_2026_00000899,False,None,False
TX_2026_00000900,False,None,False
TX_2026_00000901,False,None,False
TX_2026_00000902,False,None,False
TX_2026_00000903,False,None,False
TX_2026_00000904,False,None,False
TX_2026_00000905,False,None,False
TX_2026_00000906,False,None,False
TX_2026_00000907,False,None,False
TX_2026_00000908,False,None,False
TX_2026_00000909,False,None,False
TX_2026_00000910,False,None,False
TX_2026_00000911,False,None,False
TX_2026_00000912,False,None,False
TX_2026_00000913,False,None,False
TX_2026_00000914,False,None,False
TX_2026_00000915,False,None,False
TX_2026_00000916,False,None,False
TX_2026_00000917,False,None,False
TX_2026_00000918,False,None,False
TX_2026_00000919,False,None,False
TX_2026_00000920,False,None,False
TX_2026_00000921,False,None,False
TX_2026_00000922,False,None,False
TX_2026_00000923,False,None,False
TX_2026_00000924,False,None,False
TX_2026_00000925,False,None,False
TX_2026_00000926,False,None,False
TX_2026_00000927,False,None,False
TX_2026_00000928,False,None,False
TX_2026_00000929,False,None,False
TX_2026_00000930,False,None,False
TX_2026_00000931,False,None,False
TX_2026_00000932,False,None,False
TX_2026_00000933,False,None,False
TX_2026_00000934,False,None,False
TX_2026_00000935,False,None,False
TX_2026_00000936,False,None,False
TX_2026_00000937,False,None,False
TX_2026_00000938,False,None,False
TX_2026_00000939,False,None,False
TX_2026_00000940,False,None,False
TX_2026_00000941,False,None,False
TX_2026_00000942,False,None,False
TX_2026_00000943,False,None,False
TX_2026_00000944,False,None,False
TX_2026_00000945,False,None,False
TX_2026_00000946,False,None,False
TX_2026_00000947,False,None,False
TX_2026_00000948,False,None,False
TX_2026_00000949,False,None,False
TX_2026_00000950,False,None,False
TX_2026_00000951,False,None,False
TX_2026_00000952,False,None,False
TX_2026_00000953,False,None,False
TX_2026_00000954,False,None,False
TX_2026_00000955,False,None,False
TX_2026_00000956,False,None,False
TX_2026_00000957,False,None,False
TX_2026_00000958,False,None,False
TX_2026_00000959,False,None,False
TX_2026_00000960,False,None,False
TX_2026_00000961,False,None,False
TX_2026_00000962,False,None,False
TX_2026_00000963,False,None,False
TX_2026_00000964,False,None,False
TX_2026_00000965,False,None,False
TX_2026_00000966,False,None,False
TX_2026_00000967,False,None,False
TX_2026_00000968,False,None,False
TX_2026_00000969,False,None,False
TX_2026_00000970,False,None,False
TX_2026_00000971,False,None,False
TX_2026_00000972,False,None,False
TX_2026_00000973,False,None,False
TX_2026_00000974,False,None,False
TX_2026_00000975,False,None,False
TX_2026_00000976,False,None,False
TX_2026_00000977,False,None,False
TX_2026_00000978,False,None,False
TX_2026_00000979,False,None,False
TX_2026_00000980,False,None,False
TX_2026_00000981,False,None,False
TX_2026_00000982,False,None,False
TX_2026_00000983,False,None,False
TX_2026_00000984,False,None,False
TX_2026_00000985,False,None,False
TX_2026_00000986,False,None,False
TX_2026_00000987,False,None,False
TX_2026_00000988,False,None,False
TX_2026_00000989,False,None,False
TX_2026_00000990,False,None,False
TX_2026_00000991,False,None,False
TX_2026_00000992,False,None,False
TX_2026_00000993,False,None,False
TX_2026_00000994,True,NEW_FOREIGN_LOCATION,True
TX_2026_00000995,False,None,False
TX_2026_00000996,False,None,False
TX_2026_00000997,False,None,False
TX_2026_00000998,False,None,False
TX_2026_00000999,False,None,False
TX_2026_00001000,False,None,False
TX_2026_00001001,False,None,False
TX_2026_00001002,False,None,False
TX_2026_00001003,False,None,False
TX_2026_00001004,False,None,False
TX_2026_00001005,False,None,False
TX_2026_00001006,False,None,False
TX_2026_00001007,True,NEW_DEVICE_BURST,True
TX_2026_00001008,False,None,False
TX_2026_00001009,False,None,False
TX_2026_00001010,False,None,False
TX_2026_00001011,False,None,False
TX_2026_00001012,False,None,False
TX_2026_00001013,False,None,False
TX_2026_00001014,False,None,False
TX_2026_00001015,False,None,False
TX_2026_00001016,False,None,False
TX_2026_00001017,False,None,False
TX_2026_00001018,False,None,False
TX_2026_00001019,False,None,False
TX_2026_00001020,False,None,False
TX_2026_00001021,False,None,False
TX_2026_00001022,False,None,False
TX_2026_00001023,False,None,False
TX_2026_00001024,False,None,False
TX_2026_00001025,False,None,False
TX_2026_00001026,False,None,False
TX_2026_00001027,False,None,False
TX_2026_00001028,False,None,False
TX_2026_00001029,False,None,False
TX_2026_00001030,False,None,False
TX_2026_00001031,False,None,False
TX_2026_00001032,False,None,False
TX_2026_00001033,False,None,False
TX_2026_00001034,False,None,False
TX_2026_00001035,False,None,False
TX_2026_00001036,False,None,False
TX_2026_00001037,False,None,False
TX_2026_00001038,False,None,False
TX_2026_00001039,False,None,False
TX_2026_00001040,False,None,False
TX_2026_00001041,False,None,False
TX_2026_00001042,False,None,False
TX_2026_00001043,False,None,False
TX_2026_00001044,False,None,False
TX_2026_00001045,False,None,False
TX_2026_00001046,False,None,False
TX_2026_00001047,False,None,False
TX_2026_00001048,False,None,False
TX_2026_00001049,True,HIGH_AMOUNT,True
TX_2026_00001050,False,None,False
TX_2026_00001051,False,None,False
TX_2026_00001052,False,None,False
TX_2026_00001053,False,None,False
TX_2026_00001054,False,None,False
TX_2026_00001055,False,None,False
TX_2026_00001056,False,None,False
TX_2026_00001057,False,None,False
TX_2026_00001058,False,None,False
TX_2026_00001059,False,None,False
TX_2026_00001060,False,None,False
TX_2026_00001061,False,None,False
TX_2026_00001062,False,None,False
TX_2026_00001063,False,None,False
TX_2026_00001064,False,None,False
TX_2026_00001065,False,None,False
TX_2026_00001066,False,None,False
TX_2026_00001067,False,None,False
TX_2026_00001068,False,None,False
TX_2026_00001069,False,None,False
TX_2026_00001070,False,None,False
TX_2026_00001071,False,None,False
TX_2026_00001072,False,None,False
TX_2026_00001073,False,None,False
TX_2026_00001074,False,None,False
TX_2026_00001075,False,None,False
TX_2026_00001076,False,None,False
TX_2026_00001077,False,None,False
TX_2026_00001078,False,None,False
TX_2026_00001079,False,None,False
TX_2026_00001080,False,None,False
TX_2026_00001081,False,None,False
TX_2026_00001082,False,None,False
TX_2026_00001083,False,None,False
TX_2026_00001084,False,None,False
TX_2026_00001085,False,None,False
TX_2026_00001086,False,None,False
TX_2026_00001087,False,None,False
TX_2026_00001088,False,None,False
TX_2026_00001089,False,None,False
TX_2026_00001090,False,None,False
TX_2026_00001091,False,None,False
TX_2026_00001092,False,None,False
TX_2026_00001093,False,None,False
TX_2026_00001094,True,UNUSUAL_NIGHT,True
TX_2026_00001095,False,None,False
TX_2026_00001096,False,None,False
TX_2026_00001097,False,None,False
TX_2026_00001098,True,HIGH_AMOUNT,True
TX_2026_00001099,False,None,False
TX_2026_00001100,False,None,False
TX_2026_00001101,False,None,False
TX_2026_00001102,False,None,False
TX_2026_00001103,False,None,False
TX_2026_00001104,False,None,False
TX_2026_00001105,False,None,False
TX_2026_00001106,False,None,False
TX_2026_00001107,False,None,False
TX_2026_00001108,False,None,False
TX_2026_00001109,False,None,False
TX_2026_00001110,False,None,False
TX_2026_00001111,False,None,False
TX_2026_00001112,False,None,False
TX_2026_00001113,False,None,False
TX_2026_00001114,False,None,False
TX_2026_00001115,False,None,False
TX_2026_00001116,False,None,False
TX_2026_00001117,False,None,False
TX_2026_00001118,False,None,False
TX_2026_00001119,False,None,False
TX_2026_00001120,False,None,False
TX_2026_00001121,False,None,False
TX_2026_00001122,False,None,False
TX_2026_00001123,False,None,False
TX_2026_00001124,False,None,False
TX_2026_00001125,False,None,False
TX_2026_00001126,False,None,False
TX_2026_00001127,False,None,False
TX_2026_00001128,False,None,False
TX_2026_00001129,False,None,False
TX_2026_00001130,False,None,False
TX_2026_00001131,False,None,False
TX_2026_00001132,False,None,False
TX_2026_00001133,False,None,False
TX_2026_00001134,False,None,False
TX_2026_00001135,False,None,False
TX_2026_00001136,False,None,False
TX_2026_00001137,False,None,False
TX_2026_00001138,False,None,False
TX_2026_00001139,False,None,False
TX_2026_00001140,False,None,False
TX_2026_00001141,False,None,False
TX_2026_00001142,False,None,False
TX_2026_00001143,False,None,False
TX_2026_00001144,False,None,False
TX_2026_00001145,False,None,False
TX_2026_00001146,False,None,False
TX_2026_00001147,False,None,False
TX_2026_00001148,True,NEW_FOREIGN_LOCATION,False
TX_2026_00001149,False,None,False
TX_2026_00001150,False,None,False
TX_2026_00001151,False,None,False
TX_2026_00001152,False,None,False
TX_2026_00001153,False,None,False
TX_2026_00001154,False,None,False
TX_2026_00001155,False,None,False
TX_2026_00001156,False,None,False
TX_2026_00001157,False,None,False
TX_2026_00001158,False,None,False
TX_2026_00001159,False,None,False
TX_2026_00001160,False,None,False
TX_2026_00001161,True,HIGH_AMOUNT,True
TX_2026_00001162,False,None,False
TX_2026_00001163,False,None,False
TX_2026_00001164,False,None,False
TX_2026_00001165,False,None,False
TX_2026_00001166,False,None,False
TX_2026_00001167,False,None,False
TX_2026_00001168,False,None,False
TX_2026_00001169,False,None,False
TX_2026_00001170,False,None,False
TX_2026_00001171,False,None,False
TX_2026_00001172,False,None,False
TX_2026_00001173,False,None,False
TX_2026_00001174,False,None,False
TX_2026_00001175,False,None,False
TX_2026_00001176,False,None,False
TX_2026_00001177,False,None,False
TX_2026_00001178,False,None,False
TX_2026_00001179,False,None,False
TX_2026_00001180,False,None,False
TX_2026_00001181,False,None,False
TX_2026_00001182,False,None,False
TX_2026_00001183,False,None,False
TX_2026_00001184,False,None,False
TX_2026_00001185,False,None,False
TX_2026_00001186,False,None,False
TX_2026_00001187,False,None,False
TX_2026_00001188,False,None,False
TX_2026_00001189,False,None,False
TX_2026_00001190,False,None,False
TX_2026_00001191,False,None,False
TX_2026_00001192,False,None,False
TX_2026_00001193,False,None,False
TX_2026_00001194,False,None,False
TX_2026_00001195,False,None,False
TX_2026_00001196,False,None,False
TX_2026_00001197,False,None,False
TX_2026_00001198,False,None,False
TX_2026_00001199,False,None,False
TX_2026_00001200,False,None,False
TX_2026_00001201,False,None,False
TX_2026_00001202,False,None,False
TX_2026_00001203,False,None,False
TX_2026_00001204,False,None,False
TX_2026_00001205,False,None,False
TX_2026_00001206,False,None,False
TX_2026_00001207,False,None,False
TX_2026_00001208,False,None,False
TX_2026_00001209,False,None,False
TX_2026_00001210,False,None,False
TX_2026_00001211,False,None,False
TX_2026_00001212,False,None,False
TX_2026_00001213,False,None,False
TX_2026_00001214,False,None,False
TX_2026_00001215,False,None,False
TX_2026_00001216,False,None,False
TX_2026_00001217,False,None,False
TX_2026_00001218,False,None,False
TX_2026_00001219,False,None,False
TX_2026_00001220,False,None,False
TX_2026_00001221,False,None,False
TX_2026_00001222,False,None,False
TX_2026_00001223,False,None,False
TX_2026_00001224,False,None,False
TX_2026_00001225,False,None,False
TX_2026_00001226,False,None,False
TX_2026_00001227,False,None,False
TX_2026_00001228,False,None,False
TX_2026_00001229,False,None,False
TX_2026_00001230,False,None,False
TX_2026_00001231,False,None,False
TX_2026_00001232,False,None,False
TX_2026_00001233,False,None,False
TX_2026_00001234,False,None,False
TX_2026_00001235,False,None,False
TX_2026_00001236,False,None,False
TX_2026_00001237,False,None,False
TX_2026_00001238,False,None,False
TX_2026_00001239,False,None,False
TX_2026_00001240,False,None,False
TX_2026_00001241,False,None,False
TX_2026_00001242,False,None,False
TX_2026_00001243,False,None,False
TX_2026_00001244,False,None,False
TX_2026_00001245,False,None,False
TX_2026_00001246,False,None,False
TX_2026_00001247,False,None,False
TX_2026_00001248,False,None,False
TX_2026_00001249,False,None,False
TX_2026_00001250,False,None,False
TX_2026_00001251,False,None,False
TX_2026_00001252,False,None,False
TX_2026_00001253,False,None,False
TX_2026_00001254,False,None,False
TX_2026_00001255,False,None,False
TX_2026_00001256,False,None,False
TX_2026_00001257,True,UNUSUAL_NIGHT,False
TX_2026_00001258,False,None,False
TX_2026_00001259,False,None,False
TX_2026_00001260,False,None,False
TX_2026_00001261,False,None,False
TX_2026_00001262,False,None,False
TX_2026_00001263,False,None,False
TX_2026_00001264,False,None,False
TX_2026_00001265,False,None,False
TX_2026_00001266,False,None,False
TX_2026_00001267,False,None,False
TX_2026_00001268,False,None,False
TX_2026_00001269,False,None,False
TX_2026_00001270,False,None,False
TX_2026_00001271,False,None,False
TX_2026_00001272,False,None,False
TX_2026_00001273,False,None,False
TX_2026_00001274,False,None,False
TX_2026_00001275,False,None,False
TX_2026_00001276,False,None,False
TX_2026_00001277,False,None,False
TX_2026_00001278,False,None,False
TX_2026_00001279,False,None,False
TX_2026_00001280,False,None,False
TX_2026_00001281,False,None,False
TX_2026_00001282,False,None,False
TX_2026_00001283,False,None,False
TX_2026_00001284,False,None,False
TX_2026_00001285,False,None,False
TX_2026_00001286,False,None,False
TX_2026_00001287,False,None,False
TX_2026_00001288,False,None,False
TX_2026_00001289,False,None,False
TX_2026_00001290,False,None,False
TX_2026_00001291,False,None,False
TX_2026_00001292,False,None,False
TX_2026_00001293,False,None,False
TX_2026_00001294,False,None,False
TX_2026_00001295,False,None,False
TX_2026_00001296,False,None,False
TX_2026_00001297,False,None,False
TX_2026_00001298,False,None,False
TX_2026_00001299,False,None,False
TX_2026_00001300,False,None,False
TX_2026_00001301,False,None,False
TX_2026_00001302,False,None,False
TX_2026_00001303,True,NEW_DEVICE_BURST,True
TX_2026_00001304,False,None,False
TX_2026_00001305,False,None,False
TX_2026_00001306,False,None,False
TX_2026_00001307,False,None,False
TX_2026_00001308,False,None,False
TX_2026_00001309,False,None,False
TX_2026_00001310,False,None,False
TX_2026_00001311,False,None,False
TX_2026_00001312,False,None,False
TX_2026_00001313,False,None,False
TX_2026_00001314,False,None,False
TX_2026_00001315,False,None,False
TX_2026_00001316,False,None,False
TX_2026_00001317,False,None,False
TX_2026_00001318,False,None,False
TX_2026_00001319,False,None,False
TX_2026_00001320,False,None,False
TX_2026_00001321,False,None,False
TX_2026_00001322,False,None,False
TX_2026_00001323,False,None,False
TX_2026_00001324,False,None,False
TX_2026_00001325,False,None,False
TX_2026_00001326,False,None,False
TX_2026_00001327,False,None,False
TX_2026_00001328,False,None,False
TX_2026_00001329,False,None,False
TX_2026_00001330,False,None,False
TX_2026_00001331,False,None,False
TX_2026_00001332,False,None,False
TX_2026_00001333,False,None,False
TX_2026_00001334,True,NEW_FOREIGN_LOCATION,True
TX_2026_00001335,False,None,False
TX_2026_00001336,False,None,False
TX_2026_00001337,False,None,False
TX_2026_00001338,False,None,False
TX_2026_00001339,False,None,False
TX_2026_00001340,False,None,False
TX_2026_00001341,False,None,False
TX_2026_00001342,False,None,False
TX_2026_00001343,False,None,False
TX_2026_00001344,False,None,False
TX_2026_00001345,False,None,False
TX_2026_00001346,False,None,False
TX_2026_00001347,False,None,False
TX_2026_00001348,False,None,False
TX_2026_00001349,False,None,False
TX_2026_00001350,False,None,False
TX_2026_00001351,False,None,False
TX_2026_00001352,False,None,False
TX_2026_00001353,False,None,False
TX_2026_00001354,False,None,False
TX_2026_00001355,False,None,False
TX_2026_00001356,False,None,False
TX_2026_00001357,False,None,False
TX_2026_00001358,False,None,False
TX_2026_00001359,False,None,False
TX_2026_00001360,False,None,False
TX_2026_00001361,False,None,False
TX_2026_00001362,False,None,False
TX_2026_00001363,False,None,False
TX_2026_00001364,False,None,False
TX_2026_00001365,False,None,False
TX_2026_00001366,False,None,False
TX_2026_00001367,False,None,False
TX_2026_00001368,False,None,False
TX_2026_00001369,False,None,False
TX_2026_00001370,False,None,False
TX_2026_00001371,False,None,False
TX_2026_00001372,False,None,False
TX_2026_00001373,False,None,False
TX_2026_00001374,False,None,False
TX_2026_00001375,False,None,False
TX_2026_00001376,False,None,False
TX_2026_00001377,False,None,False
TX_2026_00001378,False,None,False
TX_2026_00001379,False,None,False
TX_2026_00001380,False,None,False
TX_2026_00001381,False,None,False
TX_2026_00001382,False,None,False
TX_2026_00001383,False,None,False
TX_2026_00001384,False,None,False
TX_2026_00001385,False,None,False
TX_2026_00001386,False,None,False
TX_2026_00001387,False,None,False
TX_2026_00001388,False,None,False
TX_2026_00001389,False,None,False
TX_2026_00001390,False,None,False
TX_2026_00001391,False,None,False
TX_2026_00001392,False,None,False
TX_2026_00001393,False,None,False
TX_2026_00001394,False,None,False
TX_2026_00001395,False,None,False
TX_2026_00001396,False,None,False
TX_2026_00001397,False,None,False
TX_2026_00001398,False,None,False
TX_2026_00001399,False,None,False
TX_2026_00001400,False,None,False
TX_2026_00001401,False,None,False
TX_2026_00001402,False,None,False
TX_2026_00001403,False,None,False
TX_2026_00001404,False,None,False
TX_2026_00001405,False,None,False
TX_2026_00001406,False,None,False
TX_2026_00001407,False,None,False
TX_2026_00001408,True,NEW_DEVICE_BURST,True
TX_2026_00001409,False,None,False
TX_2026_00001410,False,None,False
TX_2026_00001411,False,None,False
TX_2026_00001412,False,None,False
TX_2026_00001413,False,None,False
TX_2026_00001414,False,None,False
TX_2026_00001415,False,None,False
TX_2026_00001416,True,NEW_FOREIGN_LOCATION,False
TX_2026_00001417,False,None,False
TX_2026_00001418,False,None,False
TX_2026_00001419,True,HIGH_AMOUNT,False
TX_2026_00001420,False,None,False
TX_2026_00001421,False,None,False
TX_2026_00001422,False,None,False
TX_2026_00001423,False,None,False
TX_2026_00001424,False,None,False
TX_2026_00001425,False,None,False
TX_2026_00001426,False,None,False
TX_2026_00001427,False,None,False
TX_2026_00001428,False,None,False
TX_2026_00001429,False,None,False
TX_2026_00001430,False,None,False
TX_2026_00001431,False,None,False
TX_2026_00001432,False,None,False
TX_2026_00001433,False,None,False
TX_2026_00001434,False,None,False
TX_2026_00001435,False,None,False
TX_2026_00001436,False,None,False
TX_2026_00001437,False,None,False
TX_2026_00001438,False,None,False
TX_2026_00001439,False,None,False
TX_2026_00001440,False,None,False
TX_2026_00001441,False,None,False
TX_2026_00001442,False,None,False
TX_2026_00001443,False,None,False
TX_2026_00001444,False,None,False
TX_2026_00001445,False,None,False
TX_2026_00001446,False,None,False
TX_2026_00001447,False,None,False
TX_2026_00001448,False,None,False
TX_2026_00001449,False,None,False
TX_2026_00001450,False,None,False
TX_2026_00001451,False,None,False
TX_2026_00001452,False,None,False
TX_2026_00001453,False,None,False
TX_2026_00001454,False,None,False
TX_2026_00001455,True,NEW_DEVICE_BURST,False
TX_2026_00001456,False,None,False
TX_2026_00001457,False,None,False
TX_2026_00001458,False,None,False
TX_2026_00001459,False,None,False
TX_2026_00001460,False,None,False
TX_2026_00001461,False,None,False
TX_2026_00001462,False,None,False
TX_2026_00001463,False,None,False
TX_2026_00001464,False,None,False
TX_2026_00001465,False,None,False
TX_2026_00001466,False,None,False
TX_2026_00001467,False,None,False
TX_2026_00001468,False,None,False
TX_2026_00001469,True,UNUSUAL_NIGHT,False
TX_2026_00001470,True,NEW_DEVICE_BURST,True
TX_2026_00001471,False,None,False
TX_2026_00001472,False,None,False
TX_2026_00001473,False,None,False
TX_2026_00001474,False,None,False
TX_2026_00001475,False,None,False
TX_2026_00001476,False,None,False
TX_2026_00001477,False,None,False
TX_2026_00001478,False,None,False
TX_2026_00001479,False,None,False
TX_2026_00001480,False,None,False
TX_2026_00001481,False,None,False
TX_2026_00001482,False,None,False
TX_2026_00001483,False,None,False
TX_2026_00001484,False,None,False
TX_2026_00001485,False,None,False
TX_2026_00001486,False,None,False
TX_2026_00001487,False,None,False
TX_2026_00001488,False,None,False
TX_2026_00001489,False,None,False
TX_2026_00001490,False,None,False
TX_2026_00001491,False,None,False
TX_2026_00001492,False,None,False
TX_2026_00001493,False,None,False
TX_2026_00001494,False,None,False
TX_2026_00001495,False,None,False
TX_2026_00001496,False,None,False
TX_2026_00001497,False,None,False
TX_2026_00001498,False,None,False
TX_2026_00001499,False,None,False
TX_2026_00001500,False,None,False
TX_2026_00001501,False,None,False
TX_2026_00001502,False,None,False
TX_2026_00001503,True,HIGH_AMOUNT,True
TX_2026_00001504,False,None,False
TX_2026_00001505,False,None,False
TX_2026_00001506,False,None,False
TX_2026_00001507,False,None,False
TX_2026_00001508,False,None,False
TX_2026_00001509,False,None,False
TX_2026_00001510,False,None,False
TX_2026_00001511,False,None,False
TX_2026_00001512,False,None,False
TX_2026_00001513,False,None,False
TX_2026_00001514,False,None,False
TX_2026_00001515,False,None,False
TX_2026_00001516,False,None,False
TX_2026_00001517,False,None,False
TX_2026_00001518,False,None,False
TX_2026_00001519,False,None,False
TX_2026_00001520,False,None,False
TX_2026_00001521,False,None,False
TX_2026_00001522,False,None,False
TX_2026_00001523,False,None,False
TX_2026_00001524,False,None,False
TX_2026_00001525,False,None,False
TX_2026_00001526,False,None,False
TX_2026_00001527,False,None,False
TX_2026_00001528,False,None,False
TX_2026_00001529,False,None,False
TX_2026_00001530,False,None,False
TX_2026_00001531,False,None,False
TX_2026_00001532,False,None,False
TX_2026_00001533,False,None,False
TX_2026_00001534,False,None,False
TX_2026_00001535,False,None,False
TX_2026_00001536,False,None,False
TX_2026_00001537,False,None,False
TX_2026_00001538,False,None,False
TX_2026_00001539,False,None,False
TX_2026_00001540,False,None,False
TX_2026_00001541,False,None,False
TX_2026_00001542,False,None,False
TX_2026_00001543,False,None,False
TX_2026_00001544,False,None,False
TX_2026_00001545,False,None,False
TX_2026_00001546,True,HIGH_AMOUNT,True
TX_2026_00001547,False,None,False
TX_2026_00001548,False,None,False
TX_2026_00001549,False,None,False
TX_2026_00001550,False,None,False
TX_2026_00001551,False,None,False
TX_2026_00001552,False,None,False
TX_2026_00001553,False,None,False
TX_2026_00001554,False,None,False
TX_2026_00001555,False,None,False
TX_2026_00001556,False,None,False
TX_2026_00001557,False,None,False
TX_2026_00001558,False,None,False
TX_2026_00001559,False,None,False
TX_2026_00001560,False,None,False
TX_2026_00001561,False,None,False
TX_2026_00001562,False,None,False
TX_2026_00001563,False,None,False
TX_2026_00001564,True,UNUSUAL_NIGHT,True
TX_2026_00001565,False,None,False
TX_2026_00001566,False,None,False
TX_2026_00001567,False,None,False
TX_2026_00001568,False,None,False
TX_2026_00001569,False,None,False
TX_2026_00001570,False,None,False
TX_2026_00001571,False,None,False
TX_2026_00001572,False,None,False
TX_2026_00001573,False,None,False
TX_2026_00001574,False,None,False
TX_2026_00001575,False,None,False
TX_2026_00001576,False,None,False
TX_2026_00001577,False,None,False
TX_2026_00001578,False,None,False
TX_2026_00001579,False,None,False
TX_2026_00001580,False,None,False
TX_2026_00001581,False,None,False
TX_2026_00001582,False,None,False
TX_2026_00001583,False,None,False
TX_2026_00001584,False,None,False
TX_2026_00001585,False,None,False
TX_2026_00001586,False,None,False
TX_2026_00001587,False,None,False
TX_2026_00001588,False,None,False
TX_2026_00001589,False,None,False
TX_2026_00001590,False,None,False
TX_2026_00001591,False,None,False
TX_2026_00001592,False,None,False
TX_2026_00001593,False,None,False
TX_2026_00001594,False,None,False
TX_2026_00001595,False,None,False
TX_2026_00001596,False,None,False
TX_2026_00001597,False,None,False
TX_2026_00001598,False,None,False
TX_2026_00001599,True,HIGH_AMOUNT,True
TX_2026_00001600,False,None,False
TX_2026_00001601,False,None,False
TX_2026_00001602,False,None,False
TX_2026_00001603,False,None,False
TX_2026_00001604,False,None,False
TX_2026_00001605,False,None,False
TX_2026_00001606,False,None,False
TX_2026_00001607,False,None,False
TX_2026_00001608,False,None,False
TX_2026_00001609,False,None,False
TX_2026_00001610,False,None,False
TX_2026_00001611,False,None,False
TX_2026_00001612,False,None,False
TX_2026_00001613,False,None,False
TX_2026_00001614,False,None,False
TX_2026_00001615,False,None,False
TX_2026_00001616,False,None,False
TX_2026_00001617,False,None,False
TX_2026_00001618,False,None,False
TX_2026_00001619,False,None,False
TX_2026_00001620,False,None,False
TX_2026_00001621,False,None,False
TX_2026_00001622,False,None,False
TX_2026_00001623,False,None,False
TX_2026_00001624,False,None,False
TX_2026_00001625,False,None,False
TX_2026_00001626,False,None,False
TX_2026_00001627,False,None,False
TX_2026_00001628,False,None,False
TX_2026_00001629,True,HIGH_AMOUNT,False
TX_2026_00001630,False,None,False
TX_2026_00001631,False,None,False
TX_2026_00001632,False,None,False
TX_2026_00001633,False,None,False
TX_2026_00001634,False,None,False
TX_2026_00001635,False,None,False
TX_2026_00001636,False,None,False
TX_2026_00001637,False,None,False
TX_2026_00001638,False,None,False
TX_2026_00001639,False,None,False
TX_2026_00001640,False,None,False
TX_2026_00001641,False,None,False
TX_2026_00001642,False,None,False
TX_2026_00001643,False,None,False
TX_2026_00001644,False,None,False
TX_2026_00001645,False,None,False
TX_2026_00001646,False,None,False
TX_2026_00001647,False,None,False
TX_2026_00001648,False,None,False
TX_2026_00001649,True,NEW_FOREIGN_LOCATION,True
TX_2026_00001650,False,None,False
TX_2026_00001651,False,None,False
TX_2026_00001652,False,None,False
TX_2026_00001653,False,None,False
TX_2026_00001654,False,None,False
TX_2026_00001655,False,None,False
TX_2026_00001656,False,None,False
TX_2026_00001657,False,None,False
TX_2026_00001658,False,None,False
TX_2026_00001659,False,None,False
TX_2026_00001660,False,None,False
TX_2026_00001661,False,None,False
TX_2026_00001662,False,None,False
TX_2026_00001663,False,None,False
TX_2026_00001664,False,None,False
TX_2026_00001665,False,None,False
TX_2026_00001666,False,None,False
TX_2026_00001667,False,None,False
TX_2026_00001668,False,None,False
TX_2026_00001669,False,None,False
TX_2026_00001670,False,None,False
TX_2026_00001671,False,None,False
TX_2026_00001672,False,None,False
TX_2026_00001673,False,None,False
TX_2026_00001674,False,None,False
TX_2026_00001675,False,None,False
TX_2026_00001676,False,None,False
TX_2026_00001677,False,None,False
TX_2026_00001678,False,None,False
TX_2026_00001679,False,None,False
TX_2026_00001680,False,None,False
TX_2026_00001681,False,None,False
TX_2026_00001682,False,None,False
TX_2026_00001683,False,None,False
TX_2026_00001684,False,None,False
TX_2026_00001685,False,None,False
TX_2026_00001686,False,None,False
TX_2026_00001687,False,None,False
TX_2026_00001688,True,HIGH_AMOUNT,True
TX_2026_00001689,False,None,False
TX_2026_00001690,False,None,False
TX_2026_00001691,False,None,False
TX_2026_00001692,False,None,False
TX_2026_00001693,False,None,False
TX_2026_00001694,False,None,False
TX_2026_00001695,False,None,False
TX_2026_00001696,False,None,False
TX_2026_00001697,False,None,False
TX_2026_00001698,False,None,False
TX_2026_00001699,False,None,False
TX_2026_00001700,False,None,False
TX_2026_00001701,False,None,False
TX_2026_00001702,False,None,False
TX_2026_00001703,False,None,False
TX_2026_00001704,False,None,False
TX_2026_00001705,False,None,False
TX_2026_00001706,False,None,False
TX_2026_00001707,False,None,False
TX_2026_00001708,False,None,False
TX_2026_00001709,False,None,False
TX_2026_00001710,False,None,False
TX_2026_00001711,False,None,False
TX_2026_00001712,False,None,False
TX_2026_00001713,False,None,False
TX_2026_00001714,False,None,False
TX_2026_00001715,False,None,False
TX_2026_00001716,False,None,False
TX_2026_00001717,False,None,False
TX_2026_00001718,False,None,False
TX_2026_00001719,False,None,False
TX_2026_00001720,False,None,False
TX_2026_00001721,False,None,False
TX_2026_00001722,False,None,False
TX_2026_00001723,False,None,False
TX_2026_00001724,False,None,False
TX_2026_00001725,False,None,False
TX_2026_00001726,False,None,False
TX_2026_00001727,False,None,False
TX_2026_00001728,False,None,False
TX_2026_00001729,False,None,False
TX_2026_00001730,False,None,False
TX_2026_00001731,False,None,False
TX_2026_00001732,False,None,False
TX_2026_00001733,False,None,False
TX_2026_00001734,False,None,False
TX_2026_00001735,False,None,False
TX_2026_00001736,False,None,False
TX_2026_00001737,False,None,False
TX_2026_00001738,False,None,False
TX_2026_00001739,False,None,False
TX_2026_00001740,False,None,False
TX_2026_00001741,False,None,False
TX_2026_00001742,False,None,False
TX_2026_00001743,False,None,False
TX_2026_00001744,False,None,False
TX_2026_00001745,False,None,False
TX_2026_00001746,False,None,False
TX_2026_00001747,False,None,False
TX_2026_00001748,False,None,False
TX_2026_00001749,False,None,False
TX_2026_00001750,False,None,False
TX_2026_00001751,False,None,False
TX_2026_00001752,False,None,False
TX_2026_00001753,False,None,False
TX_2026_00001754,False,None,False
TX_2026_00001755,False,None,False
TX_2026_00001756,False,None,False
TX_2026_00001757,False,None,False
TX_2026_00001758,False,None,False
TX_2026_00001759,False,None,False
TX_2026_00001760,False,None,False
TX_2026_00001761,False,None,False
TX_2026_00001762,False,None,False
TX_2026_00001763,False,None,False
TX_2026_00001764,False,None,False
TX_2026_00001765,False,None,False
TX_2026_00001766,False,None,False
TX_2026_00001767,False,None,False
TX_2026_00001768,False,None,False
TX_2026_00001769,False,None,False
TX_2026_00001770,False,None,False
TX_2026_00001771,False,None,False
TX_2026_00001772,False,None,False
TX_2026_00001773,False,None,False
TX_2026_00001774,False,None,False
TX_2026_00001775,False,None,False
TX_2026_00001776,False,None,False
TX_2026_00001777,False,None,False
TX_2026_00001778,False,None,False
TX_2026_00001779,False,None,False
TX_2026_00001780,False,None,False
TX_2026_00001781,False,None,False
TX_2026_00001782,False,None,False
TX_2026_00001783,False,None,False
TX_2026_00001784,False,None,False
TX_2026_00001785,False,None,False
TX_2026_00001786,False,None,False
TX_2026_00001787,False,None,False
TX_2026_00001788,False,None,False
TX_2026_00001789,False,None,False
TX_2026_00001790,False,None,False
TX_2026_00001791,False,None,False
TX_2026_00001792,False,None,False
TX_2026_00001793,False,None,False
TX_2026_00001794,False,None,False
TX_2026_00001795,False,None,False
TX_2026_00001796,False,None,False
TX_2026_00001797,False,None,False
TX_2026_00001798,False,None,False
TX_2026_00001799,False,None,False
TX_2026_00001800,False,None,False
TX_2026_00001801,False,None,False
TX_2026_00001802,False,None,False
TX_2026_00001803,False,None,False
TX_2026_00001804,False,None,False
TX_2026_00001805,False,None,False
TX_2026_00001806,False,None,False
TX_2026_00001807,False,None,False
TX_2026_00001808,False,None,False
TX_2026_00001809,False,None,False
TX_2026_00001810,False,None,False
TX_2026_00001811,False,None,False
TX_2026_00001812,False,None,False
TX_2026_00001813,False,None,False
TX_2026_00001814,False,None,False
TX_2026_00001815,False,None,False
TX_2026_00001816,False,None,False
TX_2026_00001817,False,None,False
TX_2026_00001818,False,None,False
TX_2026_00001819,False,None,False
TX_2026_00001820,False,None,False
TX_2026_00001821,False,None,False
TX_2026_00001822,False,None,False
TX_2026_00001823,False,None,False
TX_2026_00001824,False,None,False
TX_2026_00001825,False,None,False
TX_2026_00001826,False,None,False
TX_2026_00001827,False,None,False
TX_2026_00001828,False,None,False
TX_2026_00001829,False,None,False
TX_2026_00001830,False,None,False
TX_2026_00001831,False,None,False
TX_2026_00001832,True,NEW_FOREIGN_LOCATION,True
TX_2026_00001833,False,None,False
TX_2026_00001834,False,None,False
TX_2026_00001835,False,None,False
TX_2026_00001836,False,None,False
TX_2026_00001837,False,None,False
TX_2026_00001838,False,None,False
TX_2026_00001839,False,None,False
TX_2026_00001840,False,None,False
TX_2026_00001841,False,None,False
TX_2026_00001842,False,None,False
TX_2026_00001843,False,None,False
TX_2026_00001844,False,None,False
TX_2026_00001845,False,None,False
TX_2026_00001846,False,None,False
TX_2026_00001847,False,None,False
TX_2026_00001848,False,None,False
TX_2026_00001849,False,None,False
TX_2026_00001850,False,None,False
TX_2026_00001851,False,None,False
TX_2026_00001852,False,None,False
TX_2026_00001853,False,None,False
TX_2026_00001854,False,None,False
TX_2026_00001855,False,None,False
TX_2026_00001856,False,None,False
TX_2026_00001857,False,None,False
TX_2026_00001858,False,None,False
TX_2026_00001859,False,None,False
TX_2026_00001860,False,None,False
TX_2026_00001861,False,None,False
TX_2026_00001862,False,None,False
TX_2026_00001863,False,None,False
TX_2026_00001864,False,None,False
TX_2026_00001865,False,None,False
TX_2026_00001866,False,None,False
TX_2026_00001867,False,None,False
TX_2026_00001868,False,None,False
TX_2026_00001869,False,None,False
TX_2026_00001870,False,None,False
TX_2026_00001871,False,None,False
TX_2026_00001872,False,None,False
TX_2026_00001873,False,None,False
TX_2026_00001874,False,None,False
TX_2026_00001875,False,None,False
TX_2026_00001876,False,None,False
TX_2026_00001877,False,None,False
TX_2026_00001878,False,None,False
TX_2026_00001879,False,None,False
TX_2026_00001880,False,None,False
TX_2026_00001881,False,None,False
TX_2026_00001882,False,None,False
TX_2026_00001883,False,None,False
TX_2026_00001884,False,None,False
TX_2026_00001885,False,None,False
TX_2026_00001886,False,None,False
TX_2026_00001887,False,None,False
TX_2026_00001888,False,None,False
TX_2026_00001889,False,None,False
TX_2026_00001890,False,None,False
TX_2026_00001891,False,None,False
TX_2026_00001892,False,None,False
TX_2026_00001893,False,None,False
TX_2026_00001894,False,None,False
TX_2026_00001895,False,None,False
TX_2026_00001896,False,None,False
TX_2026_00001897,False,None,False
TX_2026_00001898,False,None,False
TX_2026_00001899,False,None,False
TX_2026_00001900,False,None,False
TX_2026_00001901,False,None,False
TX_2026_00001902,False,None,False
TX_2026_00001903,False,None,False
TX_2026_00001904,False,None,False
TX_2026_00001905,False,None,False
TX_2026_00001906,False,None,False
TX_2026_00001907,False,None,False
TX_2026_00001908,False,None,False
TX_2026_00001909,False,None,False
TX_2026_00001910,False,None,False
TX_2026_00001911,False,None,False
TX_2026_00001912,False,None,False
TX_2026_00001913,False,None,False
TX_2026_00001914,False,None,False
TX_2026_00001915,False,None,False
TX_2026_00001916,False,None,False
TX_2026_00001917,False,None,False
TX_2026_00001918,False,None,False
TX_2026_00001919,False,None,False
TX_2026_00001920,False,None,False
TX_2026_00001921,False,None,False
TX_2026_00001922,False,None,False
TX_2026_00001923,False,None,False
TX_2026_00001924,False,None,False
TX_2026_00001925,False,None,False
TX_2026_00001926,False,None,False
TX_2026_00001927,False,None,False
TX_2026_00001928,False,None,False
TX_2026_00001929,False,None,False
TX_2026_00001930,False,None,False
TX_2026_00001931,False,None,False
TX_2026_00001932,False,None,False
TX_2026_00001933,False,None,False
TX_2026_00001934,False,None,False
TX_2026_00001935,False,None,False
TX_2026_00001936,False,None,False
TX_2026_00001937,False,None,False
TX_2026_00001938,True,NEW_FOREIGN_LOCATION,True
TX_2026_00001939,False,None,False
TX_2026_00001940,False,None,False
TX_2026_00001941,False,None,False
TX_2026_00001942,False,None,False
TX_2026_00001943,False,None,False
TX_2026_00001944,False,None,False
TX_2026_00001945,False,None,False
TX_2026_00001946,False,None,False
TX_2026_00001947,False,None,False
TX_2026_00001948,False,None,False
TX_2026_00001949,False,None,False
TX_2026_00001950,False,None,False
TX_2026_00001951,True,NEW_DEVICE_BURST,True
TX_2026_00001952,False,None,False
TX_2026_00001953,False,None,False
TX_2026_00001954,False,None,False
TX_2026_00001955,False,None,False
TX_2026_00001956,False,None,False
TX_2026_00001957,False,None,False
TX_2026_00001958,False,None,False
TX_2026_00001959,False,None,False
TX_2026_00001960,False,None,False
TX_2026_00001961,False,None,False
TX_2026_00001962,False,None,False
TX_2026_00001963,False,None,False
TX_2026_00001964,False,None,False
TX_2026_00001965,False,None,False
TX_2026_00001966,False,None,False
TX_2026_00001967,False,None,False
TX_2026_00001968,False,None,False
TX_2026_00001969,False,None,False
TX_2026_00001970,False,None,False
TX_2026_00001971,False,None,False
TX_2026_00001972,False,None,False
TX_2026_00001973,False,None,False
TX_2026_00001974,False,None,False
TX_2026_00001975,False,None,False
TX_2026_00001976,False,None,False
TX_2026_00001977,False,None,False
TX_2026_00001978,False,None,False
TX_2026_00001979,False,None,False
TX_2026_00001980,False,None,False
TX_2026_00001981,False,None,False
TX_2026_00001982,False,None,False
TX_2026_00001983,False,None,False
TX_2026_00001984,False,None,False
TX_2026_00001985,False,None,False
TX_2026_00001986,False,None,False
TX_2026_00001987,False,None,False
TX_2026_00001988,False,None,False
TX_2026_00001989,False,None,False
TX_2026_00001990,False,None,False
TX_2026_00001991,False,None,False
TX_2026_00001992,False,None,False
TX_2026_00001993,False,None,False
TX_2026_00001994,False,None,False
TX_2026_00001995,False,None,False
TX_2026_00001996,False,None,False
TX_2026_00001997,False,None,False
TX_2026_00001998,False,None,False
TX_2026_00001999,False,None,False
TX_2026_00002000,False,None,False
TX_2026_00002001,False,None,False
TX_2026_00002002,False,None,False
TX_2026_00002003,False,None,False
TX_2026_00002004,False,None,False
TX_2026_00002005,False,None,False
TX_2026_00002006,False,None,False
TX_2026_00002007,False,None,False
TX_2026_00002008,False,None,False
TX_2026_00002009,False,None,False
TX_2026_00002010,False,None,False
TX_2026_00002011,False,None,False
TX_2026_00002012,False,None,False
TX_2026_00002013,False,None,False
TX_2026_00002014,False,None,False
TX_2026_00002015,False,None,False
TX_2026_00002016,False,None,False
TX_2026_00002017,False,None,False
TX_2026_00002018,False,None,False
TX_2026_00002019,False,None,False
TX_2026_00002020,False,None,False
TX_2026_00002021,False,None,False
TX_2026_00002022,False,None,False
TX_2026_00002023,False,None,False
TX_2026_00002024,False,None,False
TX_2026_00002025,False,None,False
TX_2026_00002026,False,None,False
TX_2026_00002027,False,None,False
TX_2026_00002028,False,None,False
TX_2026_00002029,False,None,False
TX_2026_00002030,False,None,False
TX_2026_00002031,False,None,False
TX_2026_00002032,True,HIGH_AMOUNT,True
TX_2026_00002033,False,None,False
TX_2026_00002034,False,None,False
TX_2026_00002035,False,None,False
TX_2026_00002036,False,None,False
TX_2026_00002037,False,None,False
TX_2026_00002038,False,None,False
TX_2026_00002039,False,None,False
TX_2026_00002040,False,None,False
TX_2026_00002041,False,None,False
TX_2026_00002042,False,None,False
TX_2026_00002043,False,None,False
TX_2026_00002044,False,None,False
TX_2026_00002045,False,None,False
TX_2026_00002046,False,None,False
TX_2026_00002047,False,None,False
TX_2026_00002048,False,None,False
TX_2026_00002049,False,None,False
TX_2026_00002050,False,None,False
TX_2026_00002051,False,None,False
TX_2026_00002052,False,None,False
TX_2026_00002053,False,None,False
TX_2026_00002054,False,None,False
TX_2026_00002055,False,None,False
TX_2026_00002056,False,None,False
TX_2026_00002057,False,None,False
TX_2026_00002058,False,None,False
TX_2026_00002059,False,None,False
TX_2026_00002060,False,None,False
TX_2026_00002061,False,None,False
TX_2026_00002062,False,None,False
TX_2026_00002063,False,None,False
TX_2026_00002064,False,None,False
TX_2026_00002065,False,None,False
TX_2026_00002066,False,None,False
TX_2026_00002067,False,None,False
TX_2026_00002068,False,None,False
TX_2026_00002069,False,None,False
TX_2026_00002070,False,None,False
TX_2026_00002071,False,None,False
TX_2026_00002072,False,None,False
TX_2026_00002073,False,None,False
TX_2026_00002074,False,None,False
TX_2026_00002075,False,None,False
TX_2026_00002076,False,None,False
TX_2026_00002077,False,None,False
TX_2026_00002078,False,None,False
TX_2026_00002079,False,None,False
TX_2026_00002080,False,None,False
TX_2026_00002081,False,None,False
TX_2026_00002082,True,UNUSUAL_NIGHT,True
TX_2026_00002083,False,None,False
TX_2026_00002084,False,None,False
TX_2026_00002085,False,None,False
TX_2026_00002086,False,None,False
TX_2026_00002087,False,None,False
TX_2026_00002088,False,None,False
TX_2026_00002089,False,None,False
TX_2026_00002090,False,None,False
TX_2026_00002091,False,None,False
TX_2026_00002092,False,None,False
TX_2026_00002093,False,None,False
TX_2026_00002094,False,None,False
TX_2026_00002095,False,None,False
TX_2026_00002096,False,None,False
TX_2026_00002097,False,None,False
TX_2026_00002098,False,None,False
TX_2026_00002099,False,None,False
TX_2026_00002100,False,None,False
TX_2026_00002101,False,None,False
TX_2026_00002102,False,None,False
TX_2026_00002103,False,None,False
TX_2026_00002104,False,None,False
TX_2026_00002105,False,None,False
TX_2026_00002106,False,None,False
TX_2026_00002107,False,None,False
TX_2026_00002108,False,None,False
TX_2026_00002109,False,None,False
TX_2026_00002110,False,None,False
TX_2026_00002111,False,None,False
TX_2026_00002112,True,UNUSUAL_NIGHT,False
TX_2026_00002113,False,None,False
TX_2026_00002114,False,None,False
TX_2026_00002115,False,None,False
TX_2026_00002116,False,None,False
TX_2026_00002117,False,None,False
TX_2026_00002118,False,None,False
TX_2026_00002119,False,None,False
TX_2026_00002120,False,None,False
TX_2026_00002121,False,None,False
TX_2026_00002122,False,None,False
TX_2026_00002123,False,None,False
TX_2026_00002124,False,None,False
TX_2026_00002125,False,None,False
TX_2026_00002126,False,None,False
TX_2026_00002127,False,None,False
TX_2026_00002128,False,None,False
TX_2026_00002129,False,None,False
TX_2026_00002130,False,None,False
TX_2026_00002131,False,None,False
TX_2026_00002132,False,None,False
TX_2026_00002133,False,None,False
TX_2026_00002134,False,None,False
TX_2026_00002135,False,None,False
TX_2026_00002136,False,None,False
TX_2026_00002137,False,None,False
TX_2026_00002138,False,None,False
TX_2026_00002139,False,None,False
TX_2026_00002140,False,None,False
TX_2026_00002141,False,None,False
TX_2026_00002142,False,None,False
TX_2026_00002143,False,None,False
TX_2026_00002144,False,None,False
TX_2026_00002145,False,None,False
TX_2026_00002146,False,None,False
TX_2026_00002147,False,None,False
TX_2026_00002148,False,None,False
TX_2026_00002149,False,None,False
TX_2026_00002150,False,None,False
TX_2026_00002151,False,None,False
TX_2026_00002152,False,None,False
TX_2026_00002153,False,None,False
TX_2026_00002154,False,None,False
TX_2026_00002155,False,None,False
TX_2026_00002156,False,None,False
TX_2026_00002157,False,None,False
TX_2026_00002158,False,None,False
TX_2026_00002159,False,None,False
TX_2026_00002160,False,None,False
TX_2026_00002161,False,None,False
TX_2026_00002162,False,None,False
TX_2026_00002163,False,None,False
TX_2026_00002164,False,None,False
TX_2026_00002165,False,None,False
TX_2026_00002166,True,NEW_DEVICE_BURST,True
TX_2026_00002167,False,None,False
TX_2026_00002168,False,None,False
TX_2026_00002169,False,None,False
TX_2026_00002170,False,None,False
TX_2026_00002171,False,None,False
TX_2026_00002172,False,None,False
TX_2026_00002173,False,None,False
TX_2026_00002174,False,None,False
TX_2026_00002175,False,None,False
TX_2026_00002176,False,None,False
TX_2026_00002177,False,None,False
TX_2026_00002178,False,None,False
TX_2026_00002179,False,None,False
TX_2026_00002180,False,None,False
TX_2026_00002181,False,None,False
TX_2026_00002182,False,None,False
TX_2026_00002183,False,None,False
TX_2026_00002184,False,None,False
TX_2026_00002185,False,None,False
TX_2026_00002186,False,None,False
TX_2026_00002187,False,None,False
TX_2026_00002188,False,None,False
TX_2026_00002189,False,None,False
TX_2026_00002190,False,None,False
TX_2026_00002191,False,None,False
TX_2026_00002192,False,None,False
TX_2026_00002193,False,None,False
TX_2026_00002194,False,None,False
TX_2026_00002195,False,None,False
TX_2026_00002196,False,None,False
TX_2026_00002197,False,None,False
TX_2026_00002198,False,None,False
TX_2026_00002199,False,None,False
TX_2026_00002200,False,None,False
TX_2026_00002201,False,None,False
TX_2026_00002202,False,None,False
TX_2026_00002203,False,None,False
TX_2026_00002204,False,None,False
TX_2026_00002205,False,None,False
TX_2026_00002206,False,None,False
TX_2026_00002207,False,None,False
TX_2026_00002208,False,None,False
TX_2026_00002209,False,None,False
TX_2026_00002210,False,None,False
TX_2026_00002211,False,None,False
TX_2026_00002212,False,None,False
TX_2026_00002213,False,None,False
TX_2026_00002214,False,None,False
TX_2026_00002215,False,None,False
TX_2026_00002216,False,None,False
TX_2026_00002217,False,None,False
TX_2026_00002218,False,None,False
TX_2026_00002219,False,None,False
TX_2026_00002220,False,None,False
TX_2026_00002221,False,None,False
TX_2026_00002222,False,None,False
TX_2026_00002223,False,None,False
TX_2026_00002224,False,None,False
TX_2026_00002225,False,None,False
TX_2026_00002226,False,None,False
TX_2026_00002227,False,None,False
TX_2026_00002228,False,None,False
TX_2026_00002229,False,None,False
TX_2026_00002230,False,None,False
TX_2026_00002231,False,None,False
TX_2026_00002232,False,None,False
TX_2026_00002233,False,None,False
TX_2026_00002234,False,None,False
TX_2026_00002235,False,None,False
TX_2026_00002236,False,None,False
TX_2026_00002237,False,None,False
TX_2026_00002238,False,None,False
TX_2026_00002239,False,None,False
TX_2026_00002240,False,None,False
TX_2026_00002241,False,None,False
TX_2026_00002242,False,None,False
TX_2026_00002243,False,None,False
TX_2026_00002244,False,None,False
TX_2026_00002245,False,None,False
TX_2026_00002246,False,None,False
TX_2026_00002247,False,None,False
TX_2026_00002248,False,None,False
TX_2026_00002249,False,None,False
TX_2026_00002250,False,None,False
TX_2026_00002251,False,None,False
TX_2026_00002252,False,None,False
TX_2026_00002253,False,None,False
TX_2026_00002254,True,UNUSUAL_NIGHT,True
TX_2026_00002255,False,None,False
TX_2026_00002256,False,None,False
TX_2026_00002257,False,None,False
TX_2026_00002258,False,None,False
TX_2026_00002259,False,None,False
TX_2026_00002260,False,None,False
TX_2026_00002261,False,None,False
TX_2026_00002262,False,None,False
TX_2026_00002263,False,None,False
TX_2026_00002264,False,None,False
TX_2026_00002265,False,None,False
TX_2026_00002266,False,None,False
TX_2026_00002267,False,None,False
TX_2026_00002268,False,None,False
TX_2026_00002269,False,None,False
TX_2026_00002270,False,None,False
TX_2026_00002271,False,None,False
TX_2026_00002272,False,None,False
TX_2026_00002273,False,None,False
TX_2026_00002274,False,None,False
TX_2026_00002275,False,None,False
TX_2026_00002276,False,None,False
TX_2026_00002277,False,None,False
TX_2026_00002278,False,None,False
TX_2026_00002279,False,None,False
TX_2026_00002280,False,None,False
TX_2026_00002281,False,None,False
TX_2026_00002282,False,None,False
TX_2026_00002283,False,None,False
TX_2026_00002284,False,None,False
TX_2026_00002285,False,None,False
TX_2026_00002286,False,None,False
TX_2026_00002287,False,None,False
TX_2026_00002288,False,None,False
TX_2026_00002289,False,None,False
TX_2026_00002290,False,None,False
TX_2026_00002291,False,None,False
TX_2026_00002292,False,None,False
TX_2026_00002293,False,None,False
TX_2026_00002294,False,None,False
TX_2026_00002295,False,None,False
TX_2026_00002296,False,None,False
TX_2026_00002297,False,None,False
TX_2026_00002298,False,None,False
TX_2026_00002299,False,None,False
TX_2026_00002300,False,None,False
TX_2026_00002301,False,None,False
TX_2026_00002302,False,None,False
TX_2026_00002303,False,None,False
TX_2026_00002304,True,NEW_FOREIGN_LOCATION,True
TX_2026_00002305,False,None,False
TX_2026_00002306,False,None,False
TX_2026_00002307,False,None,False
TX_2026_00002308,False,None,False
TX_2026_00002309,False,None,False
TX_2026_00002310,False,None,False
TX_2026_00002311,False,None,False
TX_2026_00002312,False,None,False
TX_2026_00002313,False,None,False
TX_2026_00002314,False,None,False
TX_2026_00002315,False,None,False
TX_2026_00002316,False,None,False
TX_2026_00002317,False,None,False
TX_2026_00002318,False,None,False
TX_2026_00002319,False,None,False
TX_2026_00002320,False,None,False
TX_2026_00002321,False,None,False
TX_2026_00002322,False,None,False
TX_2026_00002323,False,None,False
TX_2026_00002324,False,None,False
TX_2026_00002325,False,None,False
TX_2026_00002326,False,None,False
TX_2026_00002327,False,None,False
TX_2026_00002328,False,None,False
TX_2026_00002329,False,None,False
TX_2026_00002330,False,None,False
TX_2026_00002331,False,None,False
TX_2026_00002332,False,None,False
TX_2026_00002333,False,None,False
TX_2026_00002334,False,None,False
TX_2026_00002335,False,None,False
TX_2026_00002336,False,None,False
TX_2026_00002337,False,None,False
TX_2026_00002338,False,None,False
TX_2026_00002339,False,None,False
TX_2026_00002340,False,None,False
TX_2026_00002341,False,None,False
TX_2026_00002342,False,None,False
TX_2026_00002343,False,None,False
TX_2026_00002344,False,None,False
TX_2026_00002345,False,None,False
TX_2026_00002346,False,None,False
TX_2026_00002347,False,None,False
TX_2026_00002348,False,None,False
TX_2026_00002349,False,None,False
TX_2026_00002350,False,None,False
TX_2026_00002351,False,None,False
TX_2026_00002352,False,None,False
TX_2026_00002353,False,None,False
TX_2026_00002354,False,None,False
TX_2026_00002355,False,None,False
TX_2026_00002356,False,None,False
TX_2026_00002357,False,None,False
TX_2026_00002358,False,None,False
TX_2026_00002359,False,None,False
TX_2026_00002360,False,None,False
TX_2026_00002361,False,None,False
TX_2026_00002362,False,None,False
TX_2026_00002363,False,None,False
TX_2026_00002364,False,None,False
TX_2026_00002365,False,None,False
TX_2026_00002366,False,None,False
TX_2026_00002367,False,None,False
TX_2026_00002368,False,None,False
TX_2026_00002369,False,None,False
TX_2026_00002370,False,None,False
TX_2026_00002371,False,None,False
TX_2026_00002372,False,None,False
TX_2026_00002373,False,None,False
TX_2026_00002374,False,None,False
TX_2026_00002375,False,None,False
TX_2026_00002376,False,None,False
TX_2026_00002377,False,None,False
TX_2026_00002378,False,None,False
TX_2026_00002379,False,None,False
TX_2026_00002380,False,None,False
TX_2026_00002381,False,None,False
TX_2026_00002382,False,None,False
TX_2026_00002383,False,None,False
TX_2026_00002384,False,None,False
TX_2026_00002385,False,None,False
TX_2026_00002386,False,None,False
TX_2026_00002387,False,None,False
TX_2026_00002388,False,None,False
TX_2026_00002389,False,None,False
TX_2026_00002390,False,None,False
TX_2026_00002391,False,None,False
TX_2026_00002392,False,None,False
TX_2026_00002393,False,None,False
TX_2026_00002394,False,None,False
TX_2026_00002395,False,None,False
TX_2026_00002396,False,None,False
TX_2026_00002397,False,None,False
TX_2026_00002398,False,None,False
TX_2026_00002399,False,None,False
TX_2026_00002400,False,None,False
TX_2026_00002401,False,None,False
TX_2026_00002402,False,None,False
TX_2026_00002403,False,None,False
TX_2026_00002404,False,None,False
TX_2026_00002405,False,None,False
TX_2026_00002406,False,None,False
TX_2026_00002407,False,None,False
TX_2026_00002408,False,None,False
TX_2026_00002409,False,None,False
TX_2026_00002410,False,None,False
TX_2026_00002411,False,None,False
TX_2026_00002412,False,None,False
TX_2026_00002413,False,None,False
TX_2026_00002414,False,None,False
TX_2026_00002415,False,None,False
TX_2026_00002416,False,None,False
TX_2026_00002417,False,None,False
TX_2026_00002418,False,None,False
TX_2026_00002419,False,None,False
TX_2026_00002420,True,HIGH_AMOUNT,False
TX_2026_00002421,False,None,False
TX_2026_00002422,False,None,False
TX_2026_00002423,False,None,False
TX_2026_00002424,False,None,False
TX_2026_00002425,False,None,False
TX_2026_00002426,False,None,False
TX_2026_00002427,False,None,False
TX_2026_00002428,False,None,False
TX_2026_00002429,False,None,False
TX_2026_00002430,False,None,False
TX_2026_00002431,False,None,False
TX_2026_00002432,False,None,False
TX_2026_00002433,False,None,False
TX_2026_00002434,False,None,False
TX_2026_00002435,False,None,False
TX_2026_00002436,False,None,False
TX_2026_00002437,False,None,False
TX_2026_00002438,False,None,False
TX_2026_00002439,False,None,False
TX_2026_00002440,False,None,False
TX_2026_00002441,False,None,False
TX_2026_00002442,False,None,False
TX_2026_00002443,False,None,False
TX_2026_00002444,False,None,False
TX_2026_00002445,False,None,False
TX_2026_00002446,False,None,False
TX_2026_00002447,False,None,False
TX_2026_00002448,False,None,False
TX_2026_00002449,False,None,False
TX_2026_00002450,False,None,False
TX_2026_00002451,False,None,False
TX_2026_00002452,False,None,False
TX_2026_00002453,False,None,False
TX_2026_00002454,False,None,False
TX_2026_00002455,False,None,False
TX_2026_00002456,False,None,False
TX_2026_00002457,False,None,False
TX_2026_00002458,False,None,False
TX_2026_00002459,False,None,False
TX_2026_00002460,False,None,False
TX_2026_00002461,False,None,False
TX_2026_00002462,False,None,False
TX_2026_00002463,False,None,False
TX_2026_00002464,False,None,False
TX_2026_00002465,False,None,False
TX_2026_00002466,False,None,False
TX_2026_00002467,False,None,False
TX_2026_00002468,False,None,False
TX_2026_00002469,False,None,False
TX_2026_00002470,False,None,False
TX_2026_00002471,False,None,False
TX_2026_00002472,False,None,False
TX_2026_00002473,False,None,False
TX_2026_00002474,False,None,False
TX_2026_00002475,False,None,False
TX_2026_00002476,False,None,False
TX_2026_00002477,False,None,False
TX_2026_00002478,False,None,False
TX_2026_00002479,False,None,False
TX_2026_00002480,False,None,False
TX_2026_00002481,False,None,False
TX_2026_00002482,False,None,False
TX_2026_00002483,False,None,False
TX_2026_00002484,False,None,False
TX_2026_00002485,False,None,False
TX_2026_00002486,False,None,False
TX_2026_00002487,False,None,False
TX_2026_00002488,False,None,False
TX_2026_00002489,False,None,False
TX_2026_00002490,False,None,False
TX_2026_00002491,False,None,False
TX_2026_00002492,False,None,False
TX_2026_00002493,False,None,False
TX_2026_00002494,False,None,False
TX_2026_00002495,False,None,False
TX_2026_00002496,False,None,False
TX_2026_00002497,False,None,False
TX_2026_00002498,False,None,False
TX_2026_00002499,False,None,False
TX_2026_00002500,False,None,False
TX_2026_00002501,False,None,False
TX_2026_00002502,False,None,False
TX_2026_00002503,False,None,False
TX_2026_00002504,False,None,False
TX_2026_00002505,False,None,False
TX_2026_00002506,False,None,False
TX_2026_00002507,False,None,False
TX_2026_00002508,False,None,False
TX_2026_00002509,False,None,False
TX_2026_00002510,False,None,False
TX_2026_00002511,False,None,False
TX_2026_00002512,False,None,False
TX_2026_00002513,False,None,False
TX_2026_00002514,False,None,False
TX_2026_00002515,False,None,False
TX_2026_00002516,False,None,False
TX_2026_00002517,False,None,False
TX_2026_00002518,False,None,False
TX_2026_00002519,False,None,False
TX_2026_00002520,False,None,False
TX_2026_00002521,False,None,False
TX_2026_00002522,False,None,False
TX_2026_00002523,False,None,False
TX_2026_00002524,False,None,False
TX_2026_00002525,False,None,False
TX_2026_00002526,False,None,False
TX_2026_00002527,False,None,False
TX_2026_00002528,False,None,False
TX_2026_00002529,False,None,False
TX_2026_00002530,False,None,False
TX_2026_00002531,False,None,False
TX_2026_00002532,False,None,False
TX_2026_00002533,False,None,False
TX_2026_00002534,False,None,False
TX_2026_00002535,False,None,False
TX_2026_00002536,True,NEW_FOREIGN_LOCATION,True
TX_2026_00002537,False,None,False
TX_2026_00002538,False,None,False
TX_2026_00002539,False,None,False
TX_2026_00002540,False,None,False
TX_2026_00002541,False,None,False
TX_2026_00002542,False,None,False
TX_2026_00002543,False,None,False
TX_2026_00002544,False,None,False
TX_2026_00002545,False,None,False
TX_2026_00002546,False,None,False
TX_2026_00002547,False,None,False
TX_2026_00002548,False,None,False
TX_2026_00002549,False,None,False
TX_2026_00002550,False,None,False
TX_2026_00002551,False,None,False
TX_2026_00002552,False,None,False
TX_2026_00002553,False,None,False
TX_2026_00002554,False,None,False
TX_2026_00002555,False,None,False
TX_2026_00002556,False,None,False
TX_2026_00002557,False,None,False
TX_2026_00002558,False,None,False
TX_2026_00002559,False,None,False
TX_2026_00002560,False,None,False
TX_2026_00002561,False,None,False
TX_2026_00002562,False,None,False
TX_2026_00002563,False,None,False
TX_2026_00002564,False,None,False
TX_2026_00002565,False,None,False
TX_2026_00002566,False,None,False
TX_2026_00002567,False,None,False
TX_2026_00002568,False,None,False
TX_2026_00002569,False,None,False
TX_2026_00002570,False,None,False
TX_2026_00002571,False,None,False
TX_2026_00002572,False,None,False
TX_2026_00002573,False,None,False
TX_2026_00002574,False,None,False
TX_2026_00002575,False,None,False
TX_2026_00002576,False,None,False
TX_2026_00002577,False,None,False
TX_2026_00002578,False,None,False
TX_2026_00002579,False,None,False
TX_2026_00002580,False,None,False
TX_2026_00002581,False,None,False
TX_2026_00002582,False,None,False
TX_2026_00002583,False,None,False
TX_2026_00002584,False,None,False
TX_2026_00002585,False,None,False
TX_2026_00002586,False,None,False
TX_2026_00002587,False,None,False
TX_2026_00002588,False,None,False
TX_2026_00002589,False,None,False
TX_2026_00002590,False,None,False
TX_2026_00002591,False,None,False
TX_2026_00002592,False,None,False
TX_2026_00002593,False,None,False
TX_2026_00002594,False,None,False
TX_2026_00002595,False,None,False
TX_2026_00002596,False,None,False
TX_2026_00002597,False,None,False
TX_2026_00002598,False,None,False
TX_2026_00002599,False,None,False
TX_2026_00002600,False,None,False
TX_2026_00002601,False,None,False
TX_2026_00002602,False,None,False
TX_2026_00002603,False,None,False
TX_2026_00002604,True,NEW_FOREIGN_LOCATION,True
TX_2026_00002605,False,None,False
TX_2026_00002606,False,None,False
TX_2026_00002607,False,None,False
TX_2026_00002608,False,None,False
TX_2026_00002609,False,None,False
TX_2026_00002610,False,None,False
TX_2026_00002611,False,None,False
TX_2026_00002612,False,None,False
TX_2026_00002613,False,None,False
TX_2026_00002614,False,None,False
TX_2026_00002615,False,None,False
TX_2026_00002616,False,None,False
TX_2026_00002617,False,None,False
TX_2026_00002618,False,None,False
TX_2026_00002619,False,None,False
TX_2026_00002620,False,None,False
TX_2026_00002621,False,None,False
TX_2026_00002622,False,None,False
TX_2026_00002623,False,None,False
TX_2026_00002624,False,None,False
TX_2026_00002625,False,None,False
TX_2026_00002626,False,None,False
TX_2026_00002627,False,None,False
TX_2026_00002628,False,None,False
TX_2026_00002629,False,None,False
TX_2026_00002630,False,None,False
TX_2026_00002631,False,None,False
TX_2026_00002632,False,None,False
TX_2026_00002633,False,None,False
TX_2026_00002634,False,None,False
TX_2026_00002635,False,None,False
TX_2026_00002636,False,None,False
TX_2026_00002637,False,None,False
TX_2026_00002638,False,None,False
TX_2026_00002639,False,None,False
TX_2026_00002640,False,None,False
TX_2026_00002641,False,None,False
TX_2026_00002642,True,NEW_DEVICE_BURST,False
TX_2026_00002643,False,None,False
TX_2026_00002644,False,None,False
TX_2026_00002645,False,None,False
TX_2026_00002646,False,None,False
TX_2026_00002647,False,None,False
TX_2026_00002648,False,None,False
TX_2026_00002649,False,None,False
TX_2026_00002650,False,None,False
TX_2026_00002651,False,None,False
TX_2026_00002652,False,None,False
TX_2026_00002653,False,None,False
TX_2026_00002654,False,None,False
TX_2026_00002655,False,None,False
TX_2026_00002656,False,None,False
TX_2026_00002657,False,None,False
TX_2026_00002658,False,None,False
TX_2026_00002659,False,None,False
TX_2026_00002660,False,None,False
TX_2026_00002661,False,None,False
TX_2026_00002662,False,None,False
TX_2026_00002663,False,None,False
TX_2026_00002664,False,None,False
TX_2026_00002665,False,None,False
TX_2026_00002666,False,None,False
TX_2026_00002667,False,None,False
TX_2026_00002668,False,None,False
TX_2026_00002669,False,None,False
TX_2026_00002670,False,None,False
TX_2026_00002671,False,None,False
TX_2026_00002672,False,None,False
TX_2026_00002673,False,None,False
TX_2026_00002674,False,None,False
TX_2026_00002675,False,None,False
TX_2026_00002676,False,None,False
TX_2026_00002677,False,None,False
TX_2026_00002678,False,None,False
TX_2026_00002679,False,None,False
TX_2026_00002680,False,None,False
TX_2026_00002681,False,None,False
TX_2026_00002682,False,None,False
TX_2026_00002683,False,None,False
TX_2026_00002684,False,None,False
TX_2026_00002685,False,None,False
TX_2026_00002686,False,None,False
TX_2026_00002687,False,None,False
TX_2026_00002688,True,HIGH_AMOUNT,False
TX_2026_00002689,False,None,False
TX_2026_00002690,False,None,False
TX_2026_00002691,False,None,False
TX_2026_00002692,False,None,False
TX_2026_00002693,False,None,False
TX_2026_00002694,False,None,False
TX_2026_00002695,False,None,False
TX_2026_00002696,False,None,False
TX_2026_00002697,False,None,False
TX_2026_00002698,False,None,False
TX_2026_00002699,False,None,False
TX_2026_00002700,False,None,False
TX_2026_00002701,False,None,False
TX_2026_00002702,False,None,False
TX_2026_00002703,False,None,False
TX_2026_00002704,False,None,False
TX_2026_00002705,False,None,False
TX_2026_00002706,False,None,False
TX_2026_00002707,False,None,False
TX_2026_00002708,False,None,False
TX_2026_00002709,True,UNUSUAL_NIGHT,True
TX_2026_00002710,True,HIGH_AMOUNT,True
TX_2026_00002711,False,None,False
TX_2026_00002712,False,None,False
TX_2026_00002713,False,None,False
TX_2026_00002714,False,None,False
TX_2026_00002715,False,None,False
TX_2026_00002716,False,None,False
TX_2026_00002717,False,None,False
TX_2026_00002718,False,None,False
TX_2026_00002719,False,None,False
TX_2026_00002720,False,None,False
TX_2026_00002721,False,None,False
TX_2026_00002722,False,None,False
TX_2026_00002723,False,None,False
TX_2026_00002724,False,None,False
TX_2026_00002725,False,None,False
TX_2026_00002726,False,None,False
TX_2026_00002727,False,None,False
TX_2026_00002728,False,None,False
TX_2026_00002729,False,None,False
TX_2026_00002730,False,None,False
TX_2026_00002731,False,None,False
TX_2026_00002732,False,None,False
TX_2026_00002733,False,None,False
TX_2026_00002734,False,None,False
TX_2026_00002735,False,None,False
TX_2026_00002736,True,UNUSUAL_NIGHT,True
TX_2026_00002737,False,None,False
TX_2026_00002738,False,None,False
TX_2026_00002739,False,None,False
TX_2026_00002740,False,None,False
TX_2026_00002741,False,None,False
TX_2026_00002742,False,None,False
TX_2026_00002743,False,None,False
TX_2026_00002744,False,None,False
TX_2026_00002745,True,NEW_DEVICE_BURST,True
TX_2026_00002746,False,None,False
TX_2026_00002747,False,None,False
TX_2026_00002748,False,None,False
TX_2026_00002749,False,None,False
TX_2026_00002750,False,None,False
TX_2026_00002751,False,None,False
TX_2026_00002752,False,None,False
TX_2026_00002753,False,None,False
TX_2026_00002754,False,None,False
TX_2026_00002755,False,None,False
TX_2026_00002756,False,None,False
TX_2026_00002757,False,None,False
TX_2026_00002758,False,None,False
TX_2026_00002759,False,None,False
TX_2026_00002760,False,None,False
TX_2026_00002761,False,None,False
TX_2026_00002762,False,None,False
TX_2026_00002763,False,None,False
TX_2026_00002764,False,None,False
TX_2026_00002765,False,None,False
TX_2026_00002766,False,None,False
TX_2026_00002767,False,None,False
TX_2026_00002768,False,None,False
TX_2026_00002769,False,None,False
TX_2026_00002770,False,None,False
TX_2026_00002771,True,NEW_FOREIGN_LOCATION,True
TX_2026_00002772,True,NEW_FOREIGN_LOCATION,True
TX_2026_00002773,False,None,False
TX_2026_00002774,False,None,False
TX_2026_00002775,False,None,False
TX_2026_00002776,False,None,False
TX_2026_00002777,False,None,False
TX_2026_00002778,False,None,False
TX_2026_00002779,False,None,False
TX_2026_00002780,False,None,False
TX_2026_00002781,False,None,False
TX_2026_00002782,False,None,False
TX_2026_00002783,False,None,False
TX_2026_00002784,False,None,False
TX_2026_00002785,False,None,False
TX_2026_00002786,False,None,False
TX_2026_00002787,False,None,False
TX_2026_00002788,False,None,False
TX_2026_00002789,False,None,False
TX_2026_00002790,False,None,False
TX_2026_00002791,False,None,False
TX_2026_00002792,False,None,False
TX_2026_00002793,False,None,False
TX_2026_00002794,False,None,False
TX_2026_00002795,False,None,False
TX_2026_00002796,False,None,False
TX_2026_00002797,False,None,False
TX_2026_00002798,False,None,False
TX_2026_00002799,False,None,False
TX_2026_00002800,False,None,False
TX_2026_00002801,False,None,False
TX_2026_00002802,False,None,False
TX_2026_00002803,False,None,False
TX_2026_00002804,False,None,False
TX_2026_00002805,False,None,False
TX_2026_00002806,False,None,False
TX_2026_00002807,False,None,False
TX_2026_00002808,False,None,False
TX_2026_00002809,False,None,False
TX_2026_00002810,False,None,False
TX_2026_00002811,False,None,False
TX_2026_00002812,False,None,False
TX_2026_00002813,False,None,False
TX_2026_00002814,False,None,False
TX_2026_00002815,False,None,False
TX_2026_00002816,False,None,False
TX_2026_00002817,False,None,False
TX_2026_00002818,False,None,False
TX_2026_00002819,False,None,False
TX_2026_00002820,False,None,False
TX_2026_00002821,False,None,False
TX_2026_00002822,False,None,False
TX_2026_00002823,False,None,False
TX_2026_00002824,False,None,False
TX_2026_00002825,False,None,False
TX_2026_00002826,False,None,False
TX_2026_00002827,False,None,False
TX_2026_00002828,False,None,False
TX_2026_00002829,False,None,False
TX_2026_00002830,False,None,False
TX_2026_00002831,False,None,False
TX_2026_00002832,False,None,False
TX_2026_00002833,False,None,False
TX_2026_00002834,False,None,False
TX_2026_00002835,False,None,False
TX_2026_00002836,False,None,False
TX_2026_00002837,False,None,False
TX_2026_00002838,False,None,False
TX_2026_00002839,False,None,False
TX_2026_00002840,False,None,False
TX_2026_00002841,False,None,False
TX_2026_00002842,False,None,False
TX_2026_00002843,False,None,False
TX_2026_00002844,False,None,False
TX_2026_00002845,False,None,False
TX_2026_00002846,False,None,False
TX_2026_00002847,True,HIGH_AMOUNT,True
TX_2026_00002848,False,None,False
TX_2026_00002849,False,None,False
TX_2026_00002850,False,None,False
TX_2026_00002851,False,None,False
TX_2026_00002852,False,None,False
TX_2026_00002853,False,None,False
TX_2026_00002854,False,None,False
TX_2026_00002855,False,None,False
TX_2026_00002856,False,None,False
TX_2026_00002857,False,None,False
TX_2026_00002858,False,None,False
TX_2026_00002859,False,None,False
TX_2026_00002860,False,None,False
TX_2026_00002861,False,None,False
TX_2026_00002862,False,None,False
TX_2026_00002863,False,None,False
TX_2026_00002864,False,None,False
TX_2026_00002865,False,None,False
TX_2026_00002866,False,None,False
TX_2026_00002867,False,None,False
TX_2026_00002868,False,None,False
TX_2026_00002869,False,None,False
TX_2026_00002870,False,None,False
TX_2026_00002871,False,None,False
TX_2026_00002872,False,None,False
TX_2026_00002873,False,None,False
TX_2026_00002874,False,None,False
TX_2026_00002875,False,None,False
TX_2026_00002876,False,None,False
TX_2026_00002877,False,None,False
TX_2026_00002878,False,None,False
TX_2026_00002879,False,None,False
TX_2026_00002880,False,None,False
TX_2026_00002881,False,None,False
TX_2026_00002882,False,None,False
TX_2026_00002883,False,None,False
TX_2026_00002884,False,None,False
TX_2026_00002885,False,None,False
TX_2026_00002886,False,None,False
TX_2026_00002887,False,None,False
TX_2026_00002888,False,None,False
TX_2026_00002889,False,None,False
TX_2026_00002890,False,None,False
TX_2026_00002891,False,None,False
TX_2026_00002892,False,None,False
TX_2026_00002893,False,None,False
TX_2026_00002894,False,None,False
TX_2026_00002895,False,None,False
TX_2026_00002896,False,None,False
TX_2026_00002897,False,None,False
TX_2026_00002898,False,None,False
TX_2026_00002899,False,None,False
TX_2026_00002900,False,None,False
TX_2026_00002901,False,None,False
TX_2026_00002902,False,None,False
TX_2026_00002903,False,None,False
TX_2026_00002904,False,None,False
TX_2026_00002905,False,None,False
TX_2026_00002906,False,None,False
TX_2026_00002907,False,None,False
TX_2026_00002908,False,None,False
TX_2026_00002909,False,None,False
TX_2026_00002910,False,None,False
TX_2026_00002911,False,None,False
TX_2026_00002912,False,None,False
TX_2026_00002913,False,None,False
TX_2026_00002914,False,None,False
TX_2026_00002915,False,None,False
TX_2026_00002916,False,None,False
TX_2026_00002917,False,None,False
TX_2026_00002918,False,None,False
TX_2026_00002919,False,None,False
TX_2026_00002920,False,None,False
TX_2026_00002921,False,None,False
TX_2026_00002922,False,None,False
TX_2026_00002923,False,None,False
TX_2026_00002924,False,None,False
TX_2026_00002925,False,None,False
TX_2026_00002926,False,None,False
TX_2026_00002927,False,None,False
TX_2026_00002928,False,None,False
TX_2026_00002929,False,None,False
TX_2026_00002930,False,None,False
TX_2026_00002931,False,None,False
TX_2026_00002932,False,None,False
TX_2026_00002933,False,None,False
TX_2026_00002934,False,None,False
TX_2026_00002935,False,None,False
TX_2026_00002936,False,None,False
TX_2026_00002937,False,None,False
TX_2026_00002938,False,None,False
TX_2026_00002939,False,None,False
TX_2026_00002940,False,None,False
TX_2026_00002941,False,None,False
TX_2026_00002942,False,None,False
TX_2026_00002943,False,None,False
TX_2026_00002944,False,None,False
TX_2026_00002945,False,None,False
TX_2026_00002946,False,None,False
TX_2026_00002947,False,None,False
TX_2026_00002948,False,None,False
TX_2026_00002949,False,None,False
TX_2026_00002950,False,None,False
TX_2026_00002951,False,None,False
TX_2026_00002952,False,None,False
TX_2026_00002953,False,None,False
TX_2026_00002954,False,None,False
TX_2026_00002955,False,None,False
TX_2026_00002956,False,None,False
TX_2026_00002957,False,None,False
TX_2026_00002958,False,None,False
TX_2026_00002959,True,UNUSUAL_NIGHT,False
TX_2026_00002960,True,NEW_DEVICE_BURST,True
TX_2026_00002961,False,None,False
TX_2026_00002962,True,NEW_FOREIGN_LOCATION,True
TX_2026_00002963,False,None,False
TX_2026_00002964,False,None,False
TX_2026_00002965,False,None,False
TX_2026_00002966,False,None,False
TX_2026_00002967,False,None,False
TX_2026_00002968,False,None,False
TX_2026_00002969,False,None,False
TX_2026_00002970,False,None,False
TX_2026_00002971,True,NEW_FOREIGN_LOCATION,True
TX_2026_00002972,False,None,False
TX_2026_00002973,False,None,False
TX_2026_00002974,False,None,False
TX_2026_00002975,False,None,False
TX_2026_00002976,False,None,False
TX_2026_00002977,False,None,False
TX_2026_00002978,False,None,False
TX_2026_00002979,False,None,False
TX_2026_00002980,False,None,False
TX_2026_00002981,False,None,False
TX_2026_00002982,False,None,False
TX_2026_00002983,False,None,False
TX_2026_00002984,False,None,False
TX_2026_00002985,False,None,False
TX_2026_00002986,False,None,False
TX_2026_00002987,False,None,False
TX_2026_00002988,False,None,False
TX_2026_00002989,False,None,False
TX_2026_00002990,False,None,False
TX_2026_00002991,False,None,False
TX_2026_00002992,False,None,False
TX_2026_00002993,False,None,False
TX_2026_00002994,False,None,False
TX_2026_00002995,False,None,False
TX_2026_00002996,False,None,False
TX_2026_00002997,False,None,False
TX_2026_00002998,False,None,False
TX_2026_00002999,False,None,False
TX_2026_00003000,False,None,False
TX_2026_00003001,False,None,False
TX_2026_00003002,False,None,False
TX_2026_00003003,False,None,False
TX_2026_00003004,False,None,False
TX_2026_00003005,False,None,False
TX_2026_00003006,False,None,False
TX_2026_00003007,False,None,False
TX_2026_00003008,False,None,False
TX_2026_00003009,False,None,False
TX_2026_00003010,False,None,False
TX_2026_00003011,False,None,False
TX_2026_00003012,False,None,False
TX_2026_00003013,False,None,False
TX_2026_00003014,False,None,False
TX_2026_00003015,False,None,False
TX_2026_00003016,False,None,False
TX_2026_00003017,False,None,False
TX_2026_00003018,False,None,False
TX_2026_00003019,False,None,False
TX_2026_00003020,False,None,False
TX_2026_00003021,False,None,False
TX_2026_00003022,False,None,False
TX_2026_00003023,False,None,False
TX_2026_00003024,False,None,False
TX_2026_00003025,False,None,False
TX_2026_00003026,True,HIGH_AMOUNT,False
TX_2026_00003027,False,None,False
TX_2026_00003028,False,None,False
TX_2026_00003029,False,None,False
TX_2026_00003030,False,None,False
TX_2026_00003031,False,None,False
TX_2026_00003032,False,None,False
TX_2026_00003033,False,None,False
TX_2026_00003034,False,None,False
TX_2026_00003035,False,None,False
TX_2026_00003036,False,None,False
TX_2026_00003037,False,None,False
TX_2026_00003038,False,None,False
TX_2026_00003039,False,None,False
TX_2026_00003040,False,None,False
TX_2026_00003041,False,None,False
TX_2026_00003042,False,None,False
TX_2026_00003043,False,None,False
TX_2026_00003044,False,None,False
TX_2026_00003045,False,None,False
TX_2026_00003046,False,None,False
TX_2026_00003047,False,None,False
TX_2026_00003048,False,None,False
TX_2026_00003049,False,None,False
TX_2026_00003050,False,None,False
TX_2026_00003051,False,None,False
TX_2026_00003052,False,None,False
TX_2026_00003053,False,None,False
TX_2026_00003054,False,None,False
TX_2026_00003055,False,None,False
TX_2026_00003056,False,None,False
TX_2026_00003057,False,None,False
TX_2026_00003058,False,None,False
TX_2026_00003059,False,None,False
TX_2026_00003060,False,None,False
TX_2026_00003061,False,None,False
TX_2026_00003062,False,None,False
TX_2026_00003063,False,None,False
TX_2026_00003064,False,None,False
TX_2026_00003065,False,None,False
TX_2026_00003066,False,None,False
TX_2026_00003067,False,None,False
TX_2026_00003068,False,None,False
TX_2026_00003069,False,None,False
TX_2026_00003070,False,None,False
TX_2026_00003071,False,None,False
TX_2026_00003072,False,None,False
TX_2026_00003073,False,None,False
TX_2026_00003074,False,None,False
TX_2026_00003075,False,None,False
TX_2026_00003076,False,None,False
TX_2026_00003077,False,None,False
TX_2026_00003078,False,None,False
TX_2026_00003079,False,None,False
TX_2026_00003080,False,None,False
TX_2026_00003081,False,None,False
TX_2026_00003082,False,None,False
TX_2026_00003083,False,None,False
TX_2026_00003084,False,None,False
TX_2026_00003085,False,None,False
TX_2026_00003086,False,None,False
TX_2026_00003087,False,None,False
TX_2026_00003088,False,None,False
TX_2026_00003089,False,None,False
TX_2026_00003090,False,None,False
TX_2026_00003091,False,None,False
TX_2026_00003092,False,None,False
TX_2026_00003093,False,None,False
TX_2026_00003094,False,None,False
TX_2026_00003095,False,None,False
TX_2026_00003096,False,None,False
TX_2026_00003097,False,None,False
TX_2026_00003098,False,None,False
TX_2026_00003099,False,None,False
TX_2026_00003100,True,NEW_DEVICE_BURST,True
TX_2026_00003101,False,None,False
TX_2026_00003102,False,None,False
TX_2026_00003103,False,None,False
TX_2026_00003104,False,None,False
TX_2026_00003105,False,None,False
TX_2026_00003106,False,None,False
TX_2026_00003107,False,None,False
TX_2026_00003108,False,None,False
TX_2026_00003109,False,None,False
TX_2026_00003110,False,None,False
TX_2026_00003111,False,None,False
TX_2026_00003112,False,None,False
TX_2026_00003113,False,None,False
TX_2026_00003114,False,None,False
TX_2026_00003115,False,None,False
TX_2026_00003116,True,NEW_FOREIGN_LOCATION,True
TX_2026_00003117,False,None,False
TX_2026_00003118,False,None,False
TX_2026_00003119,False,None,False
TX_2026_00003120,False,None,False
TX_2026_00003121,False,None,False
TX_2026_00003122,False,None,False
TX_2026_00003123,False,None,False
TX_2026_00003124,False,None,False
TX_2026_00003125,False,None,False
TX_2026_00003126,False,None,False
TX_2026_00003127,False,None,False
TX_2026_00003128,False,None,False
TX_2026_00003129,False,None,False
TX_2026_00003130,False,None,False
TX_2026_00003131,False,None,False
TX_2026_00003132,False,None,False
TX_2026_00003133,False,None,False
TX_2026_00003134,False,None,False
TX_2026_00003135,False,None,False
TX_2026_00003136,False,None,False
TX_2026_00003137,False,None,False
TX_2026_00003138,False,None,False
TX_2026_00003139,False,None,False
TX_2026_00003140,False,None,False
TX_2026_00003141,False,None,False
TX_2026_00003142,False,None,False
TX_2026_00003143,False,None,False
TX_2026_00003144,False,None,False
TX_2026_00003145,False,None,False
TX_2026_00003146,False,None,False
TX_2026_00003147,False,None,False
TX_2026_00003148,False,None,False
TX_2026_00003149,False,None,False
TX_2026_00003150,False,None,False
TX_2026_00003151,False,None,False
TX_2026_00003152,False,None,False
TX_2026_00003153,True,UNUSUAL_NIGHT,False
TX_2026_00003154,False,None,False
TX_2026_00003155,False,None,False
TX_2026_00003156,False,None,False
TX_2026_00003157,False,None,False
TX_2026_00003158,False,None,False
TX_2026_00003159,False,None,False
TX_2026_00003160,False,None,False
TX_2026_00003161,False,None,False
TX_2026_00003162,False,None,False
TX_2026_00003163,False,None,False
TX_2026_00003164,False,None,False
TX_2026_00003165,False,None,False
TX_2026_00003166,False,None,False
TX_2026_00003167,False,None,False
TX_2026_00003168,False,None,False
TX_2026_00003169,False,None,False
TX_2026_00003170,False,None,False
TX_2026_00003171,False,None,False
TX_2026_00003172,False,None,False
TX_2026_00003173,False,None,False
TX_2026_00003174,False,None,False
TX_2026_00003175,False,None,False
TX_2026_00003176,False,None,False
TX_2026_00003177,False,None,False
TX_2026_00003178,False,None,False
TX_2026_00003179,False,None,False
TX_2026_00003180,False,None,False
TX_2026_00003181,False,None,False
TX_2026_00003182,False,None,False
TX_2026_00003183,False,None,False
TX_2026_00003184,False,None,False
TX_2026_00003185,False,None,False
TX_2026_00003186,False,None,False
TX_2026_00003187,False,None,False
TX_2026_00003188,True,NEW_FOREIGN_LOCATION,False
TX_2026_00003189,False,None,False
TX_2026_00003190,False,None,False
TX_2026_00003191,False,None,False
TX_2026_00003192,False,None,False
TX_2026_00003193,False,None,False
TX_2026_00003194,False,None,False
TX_2026_00003195,False,None,False
TX_2026_00003196,False,None,False
TX_2026_00003197,False,None,False
TX_2026_00003198,False,None,False
TX_2026_00003199,False,None,False
TX_2026_00003200,False,None,False
TX_2026_00003201,False,None,False
TX_2026_00003202,False,None,False
TX_2026_00003203,False,None,False
TX_2026_00003204,False,None,False
TX_2026_00003205,False,None,False
TX_2026_00003206,False,None,False
TX_2026_00003207,False,None,False
TX_2026_00003208,False,None,False
TX_2026_00003209,False,None,False
TX_2026_00003210,False,None,False
TX_2026_00003211,False,None,False
TX_2026_00003212,False,None,False
TX_2026_00003213,False,None,False
TX_2026_00003214,False,None,False
TX_2026_00003215,False,None,False
TX_2026_00003216,False,None,False
TX_2026_00003217,False,None,False
TX_2026_00003218,False,None,False
TX_2026_00003219,False,None,False
TX_2026_00003220,False,None,False
TX_2026_00003221,False,None,False
TX_2026_00003222,False,None,False
TX_2026_00003223,False,None,False
TX_2026_00003224,False,None,False
TX_2026_00003225,True,HIGH_AMOUNT,True
TX_2026_00003226,False,None,False
TX_2026_00003227,False,None,False
TX_2026_00003228,False,None,False
TX_2026_00003229,False,None,False
TX_2026_00003230,False,None,False
TX_2026_00003231,False,None,False
TX_2026_00003232,False,None,False
TX_2026_00003233,False,None,False
TX_2026_00003234,False,None,False
TX_2026_00003235,False,None,False
TX_2026_00003236,False,None,False
TX_2026_00003237,False,None,False
TX_2026_00003238,False,None,False
TX_2026_00003239,False,None,False
TX_2026_00003240,False,None,False
TX_2026_00003241,False,None,False
TX_2026_00003242,False,None,False
TX_2026_00003243,False,None,False
TX_2026_00003244,False,None,False
TX_2026_00003245,False,None,False
TX_2026_00003246,False,None,False
TX_2026_00003247,False,None,False
TX_2026_00003248,False,None,False
TX_2026_00003249,False,None,False
TX_2026_00003250,False,None,False
TX_2026_00003251,False,None,False
TX_2026_00003252,False,None,False
TX_2026_00003253,False,None,False
TX_2026_00003254,False,None,False
TX_2026_00003255,False,None,False
TX_2026_00003256,False,None,False
TX_2026_00003257,False,None,False
TX_2026_00003258,False,None,False
TX_2026_00003259,False,None,False
TX_2026_00003260,False,None,False
TX_2026_00003261,False,None,False
TX_2026_00003262,False,None,False
TX_2026_00003263,False,None,False
TX_2026_00003264,False,None,False
TX_2026_00003265,False,None,False
TX_2026_00003266,False,None,False
TX_2026_00003267,False,None,False
TX_2026_00003268,False,None,False
TX_2026_00003269,False,None,False
TX_2026_00003270,False,None,False
TX_2026_00003271,False,None,False
TX_2026_00003272,False,None,False
TX_2026_00003273,False,None,False
TX_2026_00003274,False,None,False
TX_2026_00003275,False,None,False
TX_2026_00003276,False,None,False
TX_2026_00003277,False,None,False
TX_2026_00003278,False,None,False
TX_2026_00003279,False,None,False
TX_2026_00003280,False,None,False
TX_2026_00003281,False,None,False
TX_2026_00003282,False,None,False
TX_2026_00003283,False,None,False
TX_2026_00003284,False,None,False
TX_2026_00003285,False,None,False
TX_2026_00003286,False,None,False
TX_2026_00003287,False,None,False
TX_2026_00003288,False,None,False
TX_2026_00003289,False,None,False
TX_2026_00003290,False,None,False
TX_2026_00003291,False,None,False
TX_2026_00003292,False,None,False
TX_2026_00003293,False,None,False
TX_2026_00003294,False,None,False
TX_2026_00003295,False,None,False
TX_2026_00003296,False,None,False
TX_2026_00003297,False,None,False
TX_2026_00003298,False,None,False
TX_2026_00003299,False,None,False
TX_2026_00003300,False,None,False
TX_2026_00003301,False,None,False
TX_2026_00003302,False,None,False
TX_2026_00003303,False,None,False
TX_2026_00003304,False,None,False
TX_2026_00003305,False,None,False
TX_2026_00003306,False,None,False
TX_2026_00003307,False,None,False
TX_2026_00003308,False,None,False
TX_2026_00003309,False,None,False
TX_2026_00003310,False,None,False
TX_2026_00003311,False,None,False
TX_2026_00003312,False,None,False
TX_2026_00003313,False,None,False
TX_2026_00003314,False,None,False
TX_2026_00003315,False,None,False
TX_2026_00003316,False,None,False
TX_2026_00003317,False,None,False
TX_2026_00003318,False,None,False
TX_2026_00003319,False,None,False
TX_2026_00003320,False,None,False
TX_2026_00003321,False,None,False
TX_2026_00003322,False,None,False
TX_2026_00003323,False,None,False
TX_2026_00003324,False,None,False
TX_2026_00003325,False,None,False
TX_2026_00003326,False,None,False
TX_2026_00003327,False,None,False
TX_2026_00003328,False,None,False
TX_2026_00003329,False,None,False
TX_2026_00003330,False,None,False
TX_2026_00003331,False,None,False
TX_2026_00003332,False,None,False
TX_2026_00003333,False,None,False
TX_2026_00003334,False,None,False
TX_2026_00003335,False,None,False
TX_2026_00003336,False,None,False
TX_2026_00003337,True,NEW_DEVICE_BURST,True
TX_2026_00003338,False,None,False
TX_2026_00003339,False,None,False
TX_2026_00003340,False,None,False
TX_2026_00003341,False,None,False
TX_2026_00003342,False,None,False
TX_2026_00003343,False,None,False
TX_2026_00003344,False,None,False
TX_2026_00003345,False,None,False
TX_2026_00003346,False,None,False
TX_2026_00003347,False,None,False
TX_2026_00003348,False,None,False
TX_2026_00003349,False,None,False
TX_2026_00003350,False,None,False
TX_2026_00003351,False,None,False
TX_2026_00003352,False,None,False
TX_2026_00003353,False,None,False
TX_2026_00003354,False,None,False
TX_2026_00003355,False,None,False
TX_2026_00003356,False,None,False
TX_2026_00003357,False,None,False
TX_2026_00003358,False,None,False
TX_2026_00003359,False,None,False
TX_2026_00003360,False,None,False
TX_2026_00003361,False,None,False
TX_2026_00003362,False,None,False
TX_2026_00003363,False,None,False
TX_2026_00003364,False,None,False
TX_2026_00003365,False,None,False
TX_2026_00003366,False,None,False
TX_2026_00003367,False,None,False
TX_2026_00003368,False,None,False
TX_2026_00003369,False,None,False
TX_2026_00003370,False,None,False
TX_2026_00003371,False,None,False
TX_2026_00003372,False,None,False
TX_2026_00003373,False,None,False
TX_2026_00003374,False,None,False
TX_2026_00003375,False,None,False
TX_2026_00003376,False,None,False
TX_2026_00003377,False,None,False
TX_2026_00003378,False,None,False
TX_2026_00003379,False,None,False
TX_2026_00003380,False,None,False
TX_2026_00003381,False,None,False
TX_2026_00003382,False,None,False
TX_2026_00003383,False,None,False
TX_2026_00003384,False,None,False
TX_2026_00003385,False,None,False
TX_2026_00003386,False,None,False
TX_2026_00003387,True,HIGH_AMOUNT,False
TX_2026_00003388,False,None,False
TX_2026_00003389,False,None,False
TX_2026_00003390,False,None,False
TX_2026_00003391,False,None,False
TX_2026_00003392,True,UNUSUAL_NIGHT,True
TX_2026_00003393,False,None,False
TX_2026_00003394,False,None,False
TX_2026_00003395,False,None,False
TX_2026_00003396,False,None,False
TX_2026_00003397,False,None,False
TX_2026_00003398,False,None,False
TX_2026_00003399,False,None,False
TX_2026_00003400,False,None,False
TX_2026_00003401,False,None,False
TX_2026_00003402,False,None,False
TX_2026_00003403,False,None,False
TX_2026_00003404,False,None,False
TX_2026_00003405,False,None,False
TX_2026_00003406,False,None,False
TX_2026_00003407,False,None,False
TX_2026_00003408,False,None,False
TX_2026_00003409,False,None,False
TX_2026_00003410,False,None,False
TX_2026_00003411,False,None,False
TX_2026_00003412,False,None,False
TX_2026_00003413,False,None,False
TX_2026_00003414,False,None,False
TX_2026_00003415,False,None,False
TX_2026_00003416,False,None,False
TX_2026_00003417,False,None,False
TX_2026_00003418,False,None,False
TX_2026_00003419,False,None,False
TX_2026_00003420,False,None,False
TX_2026_00003421,False,None,False
TX_2026_00003422,False,None,False
TX_2026_00003423,False,None,False
TX_2026_00003424,False,None,False
TX_2026_00003425,False,None,False
TX_2026_00003426,False,None,False
TX_2026_00003427,False,None,False
TX_2026_00003428,False,None,False
TX_2026_00003429,False,None,False
TX_2026_00003430,False,None,False
TX_2026_00003431,False,None,False
TX_2026_00003432,False,None,False
TX_2026_00003433,False,None,False
TX_2026_00003434,False,None,False
TX_2026_00003435,False,None,False
TX_2026_00003436,False,None,False
TX_2026_00003437,False,None,False
TX_2026_00003438,False,None,False
TX_2026_00003439,False,None,False
TX_2026_00003440,False,None,False
TX_2026_00003441,False,None,False
TX_2026_00003442,False,None,False
TX_2026_00003443,False,None,False
TX_2026_00003444,False,None,False
TX_2026_00003445,False,None,False
TX_2026_00003446,False,None,False
TX_2026_00003447,False,None,False
TX_2026_00003448,False,None,False
TX_2026_00003449,False,None,False
TX_2026_00003450,False,None,False
TX_2026_00003451,False,None,False
TX_2026_00003452,False,None,False
TX_2026_00003453,False,None,False
TX_2026_00003454,False,None,False
TX_2026_00003455,False,None,False
TX_2026_00003456,False,None,False
TX_2026_00003457,False,None,False
TX_2026_00003458,False,None,False
TX_2026_00003459,False,None,False
TX_2026_00003460,False,None,False
TX_2026_00003461,False,None,False
TX_2026_00003462,False,None,False
TX_2026_00003463,False,None,False
TX_2026_00003464,False,None,False
TX_2026_00003465,False,None,False
TX_2026_00003466,False,None,False
TX_2026_00003467,False,None,False
TX_2026_00003468,False,None,False
TX_2026_00003469,False,None,False
TX_2026_00003470,False,None,False
TX_2026_00003471,False,None,False
TX_2026_00003472,False,None,False
TX_2026_00003473,False,None,False
TX_2026_00003474,True,UNUSUAL_NIGHT,True
TX_2026_00003475,False,None,False
TX_2026_00003476,False,None,False
TX_2026_00003477,False,None,False
TX_2026_00003478,False,None,False
TX_2026_00003479,False,None,False
TX_2026_00003480,False,None,False
TX_2026_00003481,False,None,False
TX_2026_00003482,False,None,False
TX_2026_00003483,False,None,False
TX_2026_00003484,False,None,False
TX_2026_00003485,False,None,False
TX_2026_00003486,False,None,False
TX_2026_00003487,False,None,False
TX_2026_00003488,False,None,False
TX_2026_00003489,False,None,False
TX_2026_00003490,False,None,False
TX_2026_00003491,False,None,False
TX_2026_00003492,False,None,False
TX_2026_00003493,False,None,False
TX_2026_00003494,False,None,False
TX_2026_00003495,False,None,False
TX_2026_00003496,False,None,False
TX_2026_00003497,False,None,False
TX_2026_00003498,False,None,False
TX_2026_00003499,False,None,False
TX_2026_00003500,False,None,False
TX_2026_00003501,False,None,False
TX_2026_00003502,False,None,False
TX_2026_00003503,False,None,False
TX_2026_00003504,False,None,False
TX_2026_00003505,False,None,False
TX_2026_00003506,False,None,False
TX_2026_00003507,False,None,False
TX_2026_00003508,False,None,False
TX_2026_00003509,False,None,False
TX_2026_00003510,False,None,False
TX_2026_00003511,False,None,False
TX_2026_00003512,False,None,False
TX_2026_00003513,False,None,False
TX_2026_00003514,False,None,False
TX_2026_00003515,False,None,False
TX_2026_00003516,False,None,False
TX_2026_00003517,False,None,False
TX_2026_00003518,False,None,False
TX_2026_00003519,False,None,False
TX_2026_00003520,False,None,False
TX_2026_00003521,False,None,False
TX_2026_00003522,False,None,False
TX_2026_00003523,False,None,False
TX_2026_00003524,False,None,False
TX_2026_00003525,False,None,False
TX_2026_00003526,False,None,False
TX_2026_00003527,False,None,False
TX_2026_00003528,False,None,False
TX_2026_00003529,False,None,False
TX_2026_00003530,False,None,False
TX_2026_00003531,False,None,False
TX_2026_00003532,False,None,False
TX_2026_00003533,False,None,False
TX_2026_00003534,False,None,False
TX_2026_00003535,False,None,False
TX_2026_00003536,False,None,False
TX_2026_00003537,False,None,False
TX_2026_00003538,False,None,False
TX_2026_00003539,False,None,False
TX_2026_00003540,False,None,False
TX_2026_00003541,False,None,False
TX_2026_00003542,False,None,False
TX_2026_00003543,False,None,False
TX_2026_00003544,False,None,False
TX_2026_00003545,False,None,False
TX_2026_00003546,False,None,False
TX_2026_00003547,False,None,False
TX_2026_00003548,False,None,False
TX_2026_00003549,False,None,False
TX_2026_00003550,True,NEW_FOREIGN_LOCATION,True
TX_2026_00003551,False,None,False
TX_2026_00003552,False,None,False
TX_2026_00003553,False,None,False
TX_2026_00003554,False,None,False
TX_2026_00003555,False,None,False
TX_2026_00003556,False,None,False
TX_2026_00003557,False,None,False
TX_2026_00003558,False,None,False
TX_2026_00003559,False,None,False
TX_2026_00003560,False,None,False
TX_2026_00003561,False,None,False
TX_2026_00003562,False,None,False
TX_2026_00003563,False,None,False
TX_2026_00003564,False,None,False
TX_2026_00003565,False,None,False
TX_2026_00003566,False,None,False
TX_2026_00003567,False,None,False
TX_2026_00003568,False,None,False
TX_2026_00003569,False,None,False
TX_2026_00003570,False,None,False
TX_2026_00003571,False,None,False
TX_2026_00003572,True,HIGH_AMOUNT,True
TX_2026_00003573,False,None,False
TX_2026_00003574,False,None,False
TX_2026_00003575,False,None,False
TX_2026_00003576,False,None,False
TX_2026_00003577,False,None,False
TX_2026_00003578,False,None,False
TX_2026_00003579,False,None,False
TX_2026_00003580,False,None,False
TX_2026_00003581,False,None,False
TX_2026_00003582,False,None,False
TX_2026_00003583,False,None,False
TX_2026_00003584,False,None,False
TX_2026_00003585,False,None,False
TX_2026_00003586,False,None,False
TX_2026_00003587,False,None,False
TX_2026_00003588,False,None,False
TX_2026_00003589,False,None,False
TX_2026_00003590,False,None,False
TX_2026_00003591,False,None,False
TX_2026_00003592,False,None,False
TX_2026_00003593,False,None,False
TX_2026_00003594,False,None,False
TX_2026_00003595,False,None,False
TX_2026_00003596,False,None,False
TX_2026_00003597,False,None,False
TX_2026_00003598,False,None,False
TX_2026_00003599,True,NEW_FOREIGN_LOCATION,False
TX_2026_00003600,False,None,False
TX_2026_00003601,False,None,False
TX_2026_00003602,False,None,False
TX_2026_00003603,False,None,False
TX_2026_00003604,False,None,False
TX_2026_00003605,False,None,False
TX_2026_00003606,False,None,False
TX_2026_00003607,False,None,False
TX_2026_00003608,False,None,False
TX_2026_00003609,False,None,False
TX_2026_00003610,False,None,False
TX_2026_00003611,False,None,False
TX_2026_00003612,False,None,False
TX_2026_00003613,False,None,False
TX_2026_00003614,False,None,False
TX_2026_00003615,False,None,False
TX_2026_00003616,False,None,False
TX_2026_00003617,False,None,False
TX_2026_00003618,False,None,False
TX_2026_00003619,False,None,False
TX_2026_00003620,False,None,False
TX_2026_00003621,False,None,False
TX_2026_00003622,False,None,False
TX_2026_00003623,False,None,False
TX_2026_00003624,False,None,False
TX_2026_00003625,False,None,False
TX_2026_00003626,False,None,False
TX_2026_00003627,False,None,False
TX_2026_00003628,False,None,False
TX_2026_00003629,False,None,False
TX_2026_00003630,False,None,False
TX_2026_00003631,False,None,False
TX_2026_00003632,False,None,False
TX_2026_00003633,False,None,False
TX_2026_00003634,False,None,False
TX_2026_00003635,False,None,False
TX_2026_00003636,False,None,False
TX_2026_00003637,False,None,False
TX_2026_00003638,False,None,False
TX_2026_00003639,False,None,False
TX_2026_00003640,False,None,False
TX_2026_00003641,False,None,False
TX_2026_00003642,False,None,False
TX_2026_00003643,False,None,False
TX_2026_00003644,False,None,False
TX_2026_00003645,False,None,False
TX_2026_00003646,False,None,False
TX_2026_00003647,False,None,False
TX_2026_00003648,False,None,False
TX_2026_00003649,False,None,False
TX_2026_00003650,False,None,False
TX_2026_00003651,False,None,False
TX_2026_00003652,False,None,False
TX_2026_00003653,False,None,False
TX_2026_00003654,False,None,False
TX_2026_00003655,False,None,False
TX_2026_00003656,False,None,False
TX_2026_00003657,False,None,False
TX_2026_00003658,False,None,False
TX_2026_00003659,False,None,False
TX_2026_00003660,False,None,False
TX_2026_00003661,False,None,False
TX_2026_00003662,False,None,False
TX_2026_00003663,False,None,False
TX_2026_00003664,False,None,False
TX_2026_00003665,False,None,False
TX_2026_00003666,False,None,False
TX_2026_00003667,False,None,False
TX_2026_00003668,False,None,False
TX_2026_00003669,False,None,False
TX_2026_00003670,False,None,False
TX_2026_00003671,False,None,False
TX_2026_00003672,False,None,False
TX_2026_00003673,False,None,False
TX_2026_00003674,False,None,False
TX_2026_00003675,False,None,False
TX_2026_00003676,False,None,False
TX_2026_00003677,False,None,False
TX_2026_00003678,True,NEW_FOREIGN_LOCATION,True
TX_2026_00003679,False,None,False
TX_2026_00003680,False,None,False
TX_2026_00003681,False,None,False
TX_2026_00003682,False,None,False
TX_2026_00003683,False,None,False
TX_2026_00003684,False,None,False
TX_2026_00003685,False,None,False
TX_2026_00003686,False,None,False
TX_2026_00003687,False,None,False
TX_2026_00003688,False,None,False
TX_2026_00003689,False,None,False
TX_2026_00003690,False,None,False
TX_2026_00003691,False,None,False
TX_2026_00003692,False,None,False
TX_2026_00003693,False,None,False
TX_2026_00003694,False,None,False
TX_2026_00003695,False,None,False
TX_2026_00003696,False,None,False
TX_2026_00003697,False,None,False
TX_2026_00003698,False,None,False
TX_2026_00003699,False,None,False
TX_2026_00003700,False,None,False
TX_2026_00003701,False,None,False
TX_2026_00003702,False,None,False
TX_2026_00003703,False,None,False
TX_2026_00003704,False,None,False
TX_2026_00003705,False,None,False
TX_2026_00003706,False,None,False
TX_2026_00003707,False,None,False
TX_2026_00003708,False,None,False
TX_2026_00003709,False,None,False
TX_2026_00003710,False,None,False
TX_2026_00003711,False,None,False
TX_2026_00003712,False,None,False
TX_2026_00003713,False,None,False
TX_2026_00003714,False,None,False
TX_2026_00003715,False,None,False
TX_2026_00003716,False,None,False
TX_2026_00003717,False,None,False
TX_2026_00003718,False,None,False
TX_2026_00003719,False,None,False
TX_2026_00003720,False,None,False
TX_2026_00003721,True,NEW_FOREIGN_LOCATION,True
TX_2026_00003722,False,None,False
TX_2026_00003723,False,None,False
TX_2026_00003724,False,None,False
TX_2026_00003725,False,None,False
TX_2026_00003726,False,None,False
TX_2026_00003727,False,None,False
TX_2026_00003728,False,None,False
TX_2026_00003729,False,None,False
TX_2026_00003730,False,None,False
TX_2026_00003731,False,None,False
TX_2026_00003732,False,None,False
TX_2026_00003733,False,None,False
TX_2026_00003734,False,None,False
TX_2026_00003735,False,None,False
TX_2026_00003736,False,None,False
TX_2026_00003737,False,None,False
TX_2026_00003738,True,NEW_FOREIGN_LOCATION,True
TX_2026_00003739,False,None,False
TX_2026_00003740,False,None,False
TX_2026_00003741,False,None,False
TX_2026_00003742,False,None,False
TX_2026_00003743,False,None,False
TX_2026_00003744,False,None,False
TX_2026_00003745,False,None,False
TX_2026_00003746,False,None,False
TX_2026_00003747,False,None,False
TX_2026_00003748,False,None,False
TX_2026_00003749,False,None,False
TX_2026_00003750,False,None,False
TX_2026_00003751,False,None,False
TX_2026_00003752,False,None,False
TX_2026_00003753,False,None,False
TX_2026_00003754,False,None,False
TX_2026_00003755,False,None,False
TX_2026_00003756,False,None,False
TX_2026_00003757,False,None,False
TX_2026_00003758,False,None,False
TX_2026_00003759,False,None,False
TX_2026_00003760,False,None,False
TX_2026_00003761,False,None,False
TX_2026_00003762,False,None,False
TX_2026_00003763,False,None,False
TX_2026_00003764,False,None,False
TX_2026_00003765,False,None,False
TX_2026_00003766,False,None,False
TX_2026_00003767,False,None,False
TX_2026_00003768,False,None,False
TX_2026_00003769,False,None,False
TX_2026_00003770,False,None,False
TX_2026_00003771,False,None,False
TX_2026_00003772,False,None,False
TX_2026_00003773,False,None,False
TX_2026_00003774,False,None,False
TX_2026_00003775,False,None,False
TX_2026_00003776,False,None,False
TX_2026_00003777,False,None,False
TX_2026_00003778,False,None,False
TX_2026_00003779,False,None,False
TX_2026_00003780,False,None,False
TX_2026_00003781,False,None,False
TX_2026_00003782,False,None,False
TX_2026_00003783,False,None,False
TX_2026_00003784,False,None,False
TX_2026_00003785,False,None,False
TX_2026_00003786,False,None,False
TX_2026_00003787,False,None,False
TX_2026_00003788,False,None,False
TX_2026_00003789,False,None,False
TX_2026_00003790,False,None,False
TX_2026_00003791,False,None,False
TX_2026_00003792,False,None,False
TX_2026_00003793,False,None,False
TX_2026_00003794,False,None,False
TX_2026_00003795,False,None,False
TX_2026_00003796,False,None,False
TX_2026_00003797,False,None,False
TX_2026_00003798,False,None,False
TX_2026_00003799,False,None,False
TX_2026_00003800,False,None,False
TX_2026_00003801,False,None,False
TX_2026_00003802,False,None,False
TX_2026_00003803,False,None,False
TX_2026_00003804,False,None,False
TX_2026_00003805,False,None,False
TX_2026_00003806,False,None,False
TX_2026_00003807,False,None,False
TX_2026_00003808,True,NEW_DEVICE_BURST,False
TX_2026_00003809,False,None,False
TX_2026_00003810,False,None,False
TX_2026_00003811,False,None,False
TX_2026_00003812,False,None,False
TX_2026_00003813,False,None,False
TX_2026_00003814,False,None,False
TX_2026_00003815,False,None,False
TX_2026_00003816,False,None,False
TX_2026_00003817,False,None,False
TX_2026_00003818,False,None,False
TX_2026_00003819,False,None,False
TX_2026_00003820,False,None,False
TX_2026_00003821,False,None,False
TX_2026_00003822,False,None,False
TX_2026_00003823,False,None,False
TX_2026_00003824,False,None,False
TX_2026_00003825,False,None,False
TX_2026_00003826,False,None,False
TX_2026_00003827,False,None,False
TX_2026_00003828,False,None,False
TX_2026_00003829,False,None,False
TX_2026_00003830,False,None,False
TX_2026_00003831,False,None,False
TX_2026_00003832,False,None,False
TX_2026_00003833,False,None,False
TX_2026_00003834,False,None,False
TX_2026_00003835,False,None,False
TX_2026_00003836,False,None,False
TX_2026_00003837,False,None,False
TX_2026_00003838,False,None,False
TX_2026_00003839,False,None,False
TX_2026_00003840,False,None,False
TX_2026_00003841,False,None,False
TX_2026_00003842,False,None,False
TX_2026_00003843,False,None,False
TX_2026_00003844,False,None,False
TX_2026_00003845,False,None,False
TX_2026_00003846,False,None,False
TX_2026_00003847,False,None,False
TX_2026_00003848,False,None,False
TX_2026_00003849,False,None,False
TX_2026_00003850,False,None,False
TX_2026_00003851,False,None,False
TX_2026_00003852,False,None,False
TX_2026_00003853,False,None,False
TX_2026_00003854,False,None,False
TX_2026_00003855,False,None,False
TX_2026_00003856,False,None,False
TX_2026_00003857,False,None,False
TX_2026_00003858,False,None,False
TX_2026_00003859,False,None,False
TX_2026_00003860,False,None,False
TX_2026_00003861,False,None,False
TX_2026_00003862,False,None,False
TX_2026_00003863,False,None,False
TX_2026_00003864,False,None,False
TX_2026_00003865,False,None,False
TX_2026_00003866,False,None,False
TX_2026_00003867,False,None,False
TX_2026_00003868,False,None,False
TX_2026_00003869,False,None,False
TX_2026_00003870,False,None,False
TX_2026_00003871,False,None,False
TX_2026_00003872,False,None,False
TX_2026_00003873,False,None,False
TX_2026_00003874,False,None,False
TX_2026_00003875,False,None,False
TX_2026_00003876,False,None,False
TX_2026_00003877,False,None,False
TX_2026_00003878,False,None,False
TX_2026_00003879,False,None,False
TX_2026_00003880,False,None,False
TX_2026_00003881,False,None,False
TX_2026_00003882,False,None,False
TX_2026_00003883,False,None,False
TX_2026_00003884,True,NEW_DEVICE_BURST,True
TX_2026_00003885,False,None,False
TX_2026_00003886,False,None,False
TX_2026_00003887,False,None,False
TX_2026_00003888,False,None,False
TX_2026_00003889,False,None,False
TX_2026_00003890,False,None,False
TX_2026_00003891,False,None,False
TX_2026_00003892,False,None,False
TX_2026_00003893,False,None,False
TX_2026_00003894,False,None,False
TX_2026_00003895,False,None,False
TX_2026_00003896,False,None,False
TX_2026_00003897,False,None,False
TX_2026_00003898,False,None,False
TX_2026_00003899,True,NEW_DEVICE_BURST,True
TX_2026_00003900,False,None,False
TX_2026_00003901,False,None,False
TX_2026_00003902,False,None,False
TX_2026_00003903,False,None,False
TX_2026_00003904,False,None,False
TX_2026_00003905,False,None,False
TX_2026_00003906,False,None,False
TX_2026_00003907,False,None,False
TX_2026_00003908,False,None,False
TX_2026_00003909,False,None,False
TX_2026_00003910,False,None,False
TX_2026_00003911,False,None,False
TX_2026_00003912,False,None,False
TX_2026_00003913,False,None,False
TX_2026_00003914,False,None,False
TX_2026_00003915,False,None,False
TX_2026_00003916,False,None,False
TX_2026_00003917,False,None,False
TX_2026_00003918,False,None,False
TX_2026_00003919,False,None,False
TX_2026_00003920,False,None,False
TX_2026_00003921,False,None,False
TX_2026_00003922,False,None,False
TX_2026_00003923,False,None,False
TX_2026_00003924,False,None,False
TX_2026_00003925,False,None,False
TX_2026_00003926,False,None,False
TX_2026_00003927,False,None,False
TX_2026_00003928,False,None,False
TX_2026_00003929,False,None,False
TX_2026_00003930,False,None,False
TX_2026_00003931,False,None,False
TX_2026_00003932,False,None,False
TX_2026_00003933,False,None,False
TX_2026_00003934,False,None,False
TX_2026_00003935,False,None,False
TX_2026_00003936,False,None,False
TX_2026_00003937,False,None,False
TX_2026_00003938,False,None,False
TX_2026_00003939,False,None,False
TX_2026_00003940,False,None,False
TX_2026_00003941,False,None,False
TX_2026_00003942,False,None,False
TX_2026_00003943,False,None,False
TX_2026_00003944,False,None,False
TX_2026_00003945,False,None,False
TX_2026_00003946,False,None,False
TX_2026_00003947,False,None,False
TX_2026_00003948,False,None,False
TX_2026_00003949,False,None,False
TX_2026_00003950,False,None,False
TX_2026_00003951,False,None,False
TX_2026_00003952,False,None,False
TX_2026_00003953,False,None,False
TX_2026_00003954,False,None,False
TX_2026_00003955,False,None,False
TX_2026_00003956,False,None,False
TX_2026_00003957,False,None,False
TX_2026_00003958,False,None,False
TX_2026_00003959,False,None,False
TX_2026_00003960,False,None,False
TX_2026_00003961,False,None,False
TX_2026_00003962,False,None,False
TX_2026_00003963,False,None,False
TX_2026_00003964,False,None,False
TX_2026_00003965,False,None,False
TX_2026_00003966,False,None,False
TX_2026_00003967,False,None,False
TX_2026_00003968,True,UNUSUAL_NIGHT,False
TX_2026_00003969,False,None,False
TX_2026_00003970,False,None,False
TX_2026_00003971,False,None,False
TX_2026_00003972,False,None,False
TX_2026_00003973,False,None,False
TX_2026_00003974,False,None,False
TX_2026_00003975,False,None,False
TX_2026_00003976,False,None,False
TX_2026_00003977,False,None,False
TX_2026_00003978,False,None,False
TX_2026_00003979,False,None,False
TX_2026_00003980,False,None,False
TX_2026_00003981,False,None,False
TX_2026_00003982,False,None,False
TX_2026_00003983,False,None,False
TX_2026_00003984,False,None,False
TX_2026_00003985,False,None,False
TX_2026_00003986,False,None,False
TX_2026_00003987,False,None,False
TX_2026_00003988,False,None,False
TX_2026_00003989,False,None,False
TX_2026_00003990,False,None,False
TX_2026_00003991,False,None,False
TX_2026_00003992,False,None,False
TX_2026_00003993,False,None,False
TX_2026_00003994,False,None,False
TX_2026_00003995,False,None,False
TX_2026_00003996,False,None,False
TX_2026_00003997,False,None,False
TX_2026_00003998,False,None,False
TX_2026_00003999,False,None,False
TX_2026_00004000,False,None,False
TX_2026_00004001,False,None,False
TX_2026_00004002,False,None,False
TX_2026_00004003,False,None,False
TX_2026_00004004,False,None,False
TX_2026_00004005,False,None,False
TX_2026_00004006,False,None,False
TX_2026_00004007,False,None,False
TX_2026_00004008,False,None,False
TX_2026_00004009,False,None,False
TX_2026_00004010,False,None,False
TX_2026_00004011,False,None,False
TX_2026_00004012,False,None,False
TX_2026_00004013,False,None,False
TX_2026_00004014,False,None,False
TX_2026_00004015,False,None,False
TX_2026_00004016,False,None,False
TX_2026_00004017,False,None,False
TX_2026_00004018,False,None,False
TX_2026_00004019,False,None,False
TX_2026_00004020,False,None,False
TX_2026_00004021,False,None,False
TX_2026_00004022,False,None,False
TX_2026_00004023,False,None,False
TX_2026_00004024,False,None,False
TX_2026_00004025,False,None,False
TX_2026_00004026,False,None,False
TX_2026_00004027,False,None,False
TX_2026_00004028,False,None,False
TX_2026_00004029,False,None,False
TX_2026_00004030,False,None,False
TX_2026_00004031,False,None,False
TX_2026_00004032,False,None,False
TX_2026_00004033,False,None,False
TX_2026_00004034,False,None,False
TX_2026_00004035,False,None,False
TX_2026_00004036,False,None,False
TX_2026_00004037,False,None,False
TX_2026_00004038,False,None,False
TX_2026_00004039,False,None,False
TX_2026_00004040,False,None,False
TX_2026_00004041,False,None,False
TX_2026_00004042,False,None,False
TX_2026_00004043,False,None,False
TX_2026_00004044,False,None,False
TX_2026_00004045,False,None,False
TX_2026_00004046,False,None,False
TX_2026_00004047,False,None,False
TX_2026_00004048,False,None,False
TX_2026_00004049,False,None,False
TX_2026_00004050,False,None,False
TX_2026_00004051,False,None,False
TX_2026_00004052,False,None,False
TX_2026_00004053,False,None,False
TX_2026_00004054,True,NEW_FOREIGN_LOCATION,True
TX_2026_00004055,False,None,False
TX_2026_00004056,False,None,False
TX_2026_00004057,False,None,False
TX_2026_00004058,True,NEW_DEVICE_BURST,True
TX_2026_00004059,False,None,False
TX_2026_00004060,False,None,False
TX_2026_00004061,False,None,False
TX_2026_00004062,False,None,False
TX_2026_00004063,False,None,False
TX_2026_00004064,False,None,False
TX_2026_00004065,False,None,False
TX_2026_00004066,False,None,False
TX_2026_00004067,False,None,False
TX_2026_00004068,False,None,False
TX_2026_00004069,False,None,False
TX_2026_00004070,False,None,False
TX_2026_00004071,False,None,False
TX_2026_00004072,False,None,False
TX_2026_00004073,False,None,False
TX_2026_00004074,False,None,False
TX_2026_00004075,False,None,False
TX_2026_00004076,False,None,False
TX_2026_00004077,False,None,False
TX_2026_00004078,False,None,False
TX_2026_00004079,False,None,False
TX_2026_00004080,False,None,False
TX_2026_00004081,False,None,False
TX_2026_00004082,False,None,False
TX_2026_00004083,False,None,False
TX_2026_00004084,False,None,False
TX_2026_00004085,False,None,False
TX_2026_00004086,False,None,False
TX_2026_00004087,False,None,False
TX_2026_00004088,False,None,False
TX_2026_00004089,False,None,False
TX_2026_00004090,False,None,False
TX_2026_00004091,False,None,False
TX_2026_00004092,False,None,False
TX_2026_00004093,False,None,False
TX_2026_00004094,False,None,False
TX_2026_00004095,False,None,False
TX_2026_00004096,False,None,False
TX_2026_00004097,False,None,False
TX_2026_00004098,False,None,False
TX_2026_00004099,False,None,False
TX_2026_00004100,False,None,False
TX_2026_00004101,False,None,False
TX_2026_00004102,False,None,False
TX_2026_00004103,False,None,False
TX_2026_00004104,False,None,False
TX_2026_00004105,False,None,False
TX_2026_00004106,False,None,False
TX_2026_00004107,False,None,False
TX_2026_00004108,False,None,False
TX_2026_00004109,False,None,False
TX_2026_00004110,False,None,False
TX_2026_00004111,False,None,False
TX_2026_00004112,False,None,False
TX_2026_00004113,False,None,False
TX_2026_00004114,False,None,False
TX_2026_00004115,False,None,False
TX_2026_00004116,False,None,False
TX_2026_00004117,False,None,False
TX_2026_00004118,False,None,False
TX_2026_00004119,False,None,False
TX_2026_00004120,False,None,False
TX_2026_00004121,False,None,False
TX_2026_00004122,False,None,False
TX_2026_00004123,True,HIGH_AMOUNT,True
TX_2026_00004124,False,None,False
TX_2026_00004125,False,None,False
TX_2026_00004126,False,None,False
TX_2026_00004127,False,None,False
TX_2026_00004128,False,None,False
TX_2026_00004129,False,None,False
TX_2026_00004130,False,None,False
TX_2026_00004131,False,None,False
TX_2026_00004132,False,None,False
TX_2026_00004133,False,None,False
TX_2026_00004134,False,None,False
TX_2026_00004135,False,None,False
TX_2026_00004136,False,None,False
TX_2026_00004137,False,None,False
TX_2026_00004138,False,None,False
TX_2026_00004139,False,None,False
TX_2026_00004140,False,None,False
TX_2026_00004141,False,None,False
TX_2026_00004142,False,None,False
TX_2026_00004143,False,None,False
TX_2026_00004144,False,None,False
TX_2026_00004145,False,None,False
TX_2026_00004146,False,None,False
TX_2026_00004147,False,None,False
TX_2026_00004148,False,None,False
TX_2026_00004149,False,None,False
TX_2026_00004150,False,None,False
TX_2026_00004151,False,None,False
TX_2026_00004152,False,None,False
TX_2026_00004153,False,None,False
TX_2026_00004154,False,None,False
TX_2026_00004155,False,None,False
TX_2026_00004156,False,None,False
TX_2026_00004157,False,None,False
TX_2026_00004158,False,None,False
TX_2026_00004159,False,None,False
TX_2026_00004160,False,None,False
TX_2026_00004161,False,None,False
TX_2026_00004162,False,None,False
TX_2026_00004163,False,None,False
TX_2026_00004164,False,None,False
TX_2026_00004165,False,None,False
TX_2026_00004166,False,None,False
TX_2026_00004167,False,None,False
TX_2026_00004168,False,None,False
TX_2026_00004169,False,None,False
TX_2026_00004170,False,None,False
TX_2026_00004171,False,None,False
TX_2026_00004172,False,None,False
TX_2026_00004173,False,None,False
TX_2026_00004174,False,None,False
TX_2026_00004175,False,None,False
TX_2026_00004176,False,None,False
TX_2026_00004177,False,None,False
TX_2026_00004178,False,None,False
TX_2026_00004179,False,None,False
TX_2026_00004180,False,None,False
TX_2026_00004181,False,None,False
TX_2026_00004182,False,None,False
TX_2026_00004183,False,None,False
TX_2026_00004184,False,None,False
TX_2026_00004185,False,None,False
TX_2026_00004186,False,None,False
TX_2026_00004187,False,None,False
TX_2026_00004188,False,None,False
TX_2026_00004189,False,None,False
TX_2026_00004190,False,None,False
TX_2026_00004191,False,None,False
TX_2026_00004192,False,None,False
TX_2026_00004193,False,None,False
TX_2026_00004194,False,None,False
TX_2026_00004195,False,None,False
TX_2026_00004196,False,None,False
TX_2026_00004197,False,None,False
TX_2026_00004198,False,None,False
TX_2026_00004199,True,HIGH_AMOUNT,True
TX_2026_00004200,False,None,False
TX_2026_00004201,False,None,False
TX_2026_00004202,False,None,False
TX_2026_00004203,False,None,False
TX_2026_00004204,False,None,False
TX_2026_00004205,False,None,False
TX_2026_00004206,False,None,False
TX_2026_00004207,False,None,False
TX_2026_00004208,False,None,False
TX_2026_00004209,False,None,False
TX_2026_00004210,False,None,False
TX_2026_00004211,False,None,False
TX_2026_00004212,False,None,False
TX_2026_00004213,False,None,False
TX_2026_00004214,False,None,False
TX_2026_00004215,False,None,False
TX_2026_00004216,False,None,False
TX_2026_00004217,False,None,False
TX_2026_00004218,False,None,False
TX_2026_00004219,False,None,False
TX_2026_00004220,False,None,False
TX_2026_00004221,False,None,False
TX_2026_00004222,False,None,False
TX_2026_00004223,False,None,False
TX_2026_00004224,False,None,False
TX_2026_00004225,False,None,False
TX_2026_00004226,False,None,False
TX_2026_00004227,False,None,False
TX_2026_00004228,False,None,False
TX_2026_00004229,False,None,False
TX_2026_00004230,False,None,False
TX_2026_00004231,False,None,False
TX_2026_00004232,False,None,False
TX_2026_00004233,False,None,False
TX_2026_00004234,False,None,False
TX_2026_00004235,False,None,False
TX_2026_00004236,False,None,False
TX_2026_00004237,False,None,False
TX_2026_00004238,True,UNUSUAL_NIGHT,False
TX_2026_00004239,False,None,False
TX_2026_00004240,False,None,False
TX_2026_00004241,False,None,False
TX_2026_00004242,False,None,False
TX_2026_00004243,False,None,False
TX_2026_00004244,False,None,False
TX_2026_00004245,False,None,False
TX_2026_00004246,False,None,False
TX_2026_00004247,False,None,False
TX_2026_00004248,False,None,False
TX_2026_00004249,False,None,False
TX_2026_00004250,False,None,False
TX_2026_00004251,False,None,False
TX_2026_00004252,False,None,False
TX_2026_00004253,False,None,False
TX_2026_00004254,False,None,False
TX_2026_00004255,False,None,False
TX_2026_00004256,False,None,False
TX_2026_00004257,False,None,False
TX_2026_00004258,False,None,False
TX_2026_00004259,False,None,False
TX_2026_00004260,False,None,False
TX_2026_00004261,False,None,False
TX_2026_00004262,False,None,False
TX_2026_00004263,False,None,False
TX_2026_00004264,False,None,False
TX_2026_00004265,False,None,False
TX_2026_00004266,False,None,False
TX_2026_00004267,False,None,False
TX_2026_00004268,False,None,False
TX_2026_00004269,False,None,False
TX_2026_00004270,False,None,False
TX_2026_00004271,False,None,False
TX_2026_00004272,False,None,False
TX_2026_00004273,False,None,False
TX_2026_00004274,False,None,False
TX_2026_00004275,False,None,False
TX_2026_00004276,False,None,False
TX_2026_00004277,False,None,False
TX_2026_00004278,False,None,False
TX_2026_00004279,False,None,False
TX_2026_00004280,False,None,False
TX_2026_00004281,False,None,False
TX_2026_00004282,False,None,False
TX_2026_00004283,False,None,False
TX_2026_00004284,False,None,False
TX_2026_00004285,False,None,False
TX_2026_00004286,False,None,False
TX_2026_00004287,False,None,False
TX_2026_00004288,False,None,False
TX_2026_00004289,False,None,False
TX_2026_00004290,False,None,False
TX_2026_00004291,False,None,False
TX_2026_00004292,False,None,False
TX_2026_00004293,False,None,False
TX_2026_00004294,False,None,False
TX_2026_00004295,False,None,False
TX_2026_00004296,False,None,False
TX_2026_00004297,False,None,False
TX_2026_00004298,False,None,False
TX_2026_00004299,False,None,False
TX_2026_00004300,False,None,False
TX_2026_00004301,False,None,False
TX_2026_00004302,False,None,False
TX_2026_00004303,False,None,False
TX_2026_00004304,False,None,False
TX_2026_00004305,False,None,False
TX_2026_00004306,False,None,False
TX_2026_00004307,False,None,False
TX_2026_00004308,False,None,False
TX_2026_00004309,False,None,False
TX_2026_00004310,False,None,False
TX_2026_00004311,False,None,False
TX_2026_00004312,False,None,False
TX_2026_00004313,False,None,False
TX_2026_00004314,False,None,False
TX_2026_00004315,False,None,False
TX_2026_00004316,False,None,False
TX_2026_00004317,False,None,False
TX_2026_00004318,False,None,False
TX_2026_00004319,False,None,False
TX_2026_00004320,False,None,False
TX_2026_00004321,False,None,False
TX_2026_00004322,True,NEW_DEVICE_BURST,True
TX_2026_00004323,True,HIGH_AMOUNT,True
TX_2026_00004324,False,None,False
TX_2026_00004325,False,None,False
TX_2026_00004326,False,None,False
TX_2026_00004327,False,None,False
TX_2026_00004328,False,None,False
TX_2026_00004329,False,None,False
TX_2026_00004330,False,None,False
TX_2026_00004331,False,None,False
TX_2026_00004332,False,None,False
TX_2026_00004333,False,None,False
TX_2026_00004334,False,None,False
TX_2026_00004335,False,None,False
TX_2026_00004336,False,None,False
TX_2026_00004337,False,None,False
TX_2026_00004338,False,None,False
TX_2026_00004339,False,None,False
TX_2026_00004340,False,None,False
TX_2026_00004341,False,None,False
TX_2026_00004342,False,None,False
TX_2026_00004343,False,None,False
TX_2026_00004344,False,None,False
TX_2026_00004345,False,None,False
TX_2026_00004346,False,None,False
TX_2026_00004347,False,None,False
TX_2026_00004348,False,None,False
TX_2026_00004349,False,None,False
TX_2026_00004350,True,UNUSUAL_NIGHT,True
TX_2026_00004351,False,None,False
TX_2026_00004352,False,None,False
TX_2026_00004353,False,None,False
TX_2026_00004354,False,None,False
TX_2026_00004355,False,None,False
TX_2026_00004356,False,None,False
TX_2026_00004357,False,None,False
TX_2026_00004358,False,None,False
TX_2026_00004359,False,None,False
TX_2026_00004360,False,None,False
TX_2026_00004361,False,None,False
TX_2026_00004362,False,None,False
TX_2026_00004363,False,None,False
TX_2026_00004364,False,None,False
TX_2026_00004365,False,None,False
TX_2026_00004366,False,None,False
TX_2026_00004367,False,None,False
TX_2026_00004368,False,None,False
TX_2026_00004369,False,None,False
TX_2026_00004370,False,None,False
TX_2026_00004371,False,None,False
TX_2026_00004372,False,None,False
TX_2026_00004373,False,None,False
TX_2026_00004374,False,None,False
TX_2026_00004375,False,None,False
TX_2026_00004376,False,None,False
TX_2026_00004377,False,None,False
TX_2026_00004378,False,None,False
TX_2026_00004379,False,None,False
TX_2026_00004380,False,None,False
TX_2026_00004381,False,None,False
TX_2026_00004382,False,None,False
TX_2026_00004383,False,None,False
TX_2026_00004384,False,None,False
TX_2026_00004385,False,None,False
TX_2026_00004386,False,None,False
TX_2026_00004387,False,None,False
TX_2026_00004388,False,None,False
TX_2026_00004389,False,None,False
TX_2026_00004390,False,None,False
TX_2026_00004391,False,None,False
TX_2026_00004392,False,None,False
TX_2026_00004393,False,None,False
TX_2026_00004394,False,None,False
TX_2026_00004395,False,None,False
TX_2026_00004396,False,None,False
TX_2026_00004397,True,HIGH_AMOUNT,True
TX_2026_00004398,False,None,False
TX_2026_00004399,False,None,False
TX_2026_00004400,True,NEW_DEVICE_BURST,True
TX_2026_00004401,True,NEW_FOREIGN_LOCATION,True
TX_2026_00004402,False,None,False
TX_2026_00004403,False,None,False
TX_2026_00004404,False,None,False
TX_2026_00004405,False,None,False
TX_2026_00004406,False,None,False
TX_2026_00004407,False,None,False
TX_2026_00004408,False,None,False
TX_2026_00004409,False,None,False
TX_2026_00004410,False,None,False
TX_2026_00004411,False,None,False
TX_2026_00004412,False,None,False
TX_2026_00004413,False,None,False
TX_2026_00004414,False,None,False
TX_2026_00004415,False,None,False
TX_2026_00004416,False,None,False
TX_2026_00004417,False,None,False
TX_2026_00004418,False,None,False
TX_2026_00004419,False,None,False
TX_2026_00004420,False,None,False
TX_2026_00004421,False,None,False
TX_2026_00004422,False,None,False
TX_2026_00004423,False,None,False
TX_2026_00004424,False,None,False
TX_2026_00004425,False,None,False
TX_2026_00004426,False,None,False
TX_2026_00004427,False,None,False
TX_2026_00004428,False,None,False
TX_2026_00004429,False,None,False
TX_2026_00004430,True,NEW_DEVICE_BURST,False
TX_2026_00004431,False,None,False
TX_2026_00004432,False,None,False
TX_2026_00004433,False,None,False
TX_2026_00004434,False,None,False
TX_2026_00004435,False,None,False
TX_2026_00004436,False,None,False
TX_2026_00004437,False,None,False
TX_2026_00004438,False,None,False
TX_2026_00004439,False,None,False
TX_2026_00004440,False,None,False
TX_2026_00004441,False,None,False
TX_2026_00004442,False,None,False
TX_2026_00004443,False,None,False
TX_2026_00004444,False,None,False
TX_2026_00004445,False,None,False
TX_2026_00004446,False,None,False
TX_2026_00004447,False,None,False
TX_2026_00004448,False,None,False
TX_2026_00004449,False,None,False
TX_2026_00004450,False,None,False
TX_2026_00004451,False,None,False
TX_2026_00004452,False,None,False
TX_2026_00004453,False,None,False
TX_2026_00004454,False,None,False
TX_2026_00004455,False,None,False
TX_2026_00004456,False,None,False
TX_2026_00004457,False,None,False
TX_2026_00004458,False,None,False
TX_2026_00004459,False,None,False
TX_2026_00004460,False,None,False
TX_2026_00004461,False,None,False
TX_2026_00004462,False,None,False
TX_2026_00004463,False,None,False
TX_2026_00004464,False,None,False
TX_2026_00004465,False,None,False
TX_2026_00004466,False,None,False
TX_2026_00004467,False,None,False
TX_2026_00004468,False,None,False
TX_2026_00004469,False,None,False
TX_2026_00004470,False,None,False
TX_2026_00004471,False,None,False
TX_2026_00004472,False,None,False
TX_2026_00004473,False,None,False
TX_2026_00004474,False,None,False
TX_2026_00004475,False,None,False
TX_2026_00004476,False,None,False
TX_2026_00004477,False,None,False
TX_2026_00004478,False,None,False
TX_2026_00004479,False,None,False
TX_2026_00004480,False,None,False
TX_2026_00004481,False,None,False
TX_2026_00004482,False,None,False
TX_2026_00004483,False,None,False
TX_2026_00004484,False,None,False
TX_2026_00004485,False,None,False
TX_2026_00004486,False,None,False
TX_2026_00004487,False,None,False
TX_2026_00004488,False,None,False
TX_2026_00004489,False,None,False
TX_2026_00004490,False,None,False
TX_2026_00004491,False,None,False
TX_2026_00004492,False,None,False
TX_2026_00004493,False,None,False
TX_2026_00004494,False,None,False
TX_2026_00004495,False,None,False
TX_2026_00004496,False,None,False
TX_2026_00004497,False,None,False
TX_2026_00004498,False,None,False
TX_2026_00004499,False,None,False
TX_2026_00004500,False,None,False
TX_2026_00004501,True,HIGH_AMOUNT,True
TX_2026_00004502,False,None,False
TX_2026_00004503,False,None,False
TX_2026_00004504,False,None,False
TX_2026_00004505,False,None,False
TX_2026_00004506,False,None,False
TX_2026_00004507,False,None,False
TX_2026_00004508,False,None,False
TX_2026_00004509,False,None,False
TX_2026_00004510,False,None,False
TX_2026_00004511,False,None,False
TX_2026_00004512,False,None,False
TX_2026_00004513,False,None,False
TX_2026_00004514,False,None,False
TX_2026_00004515,False,None,False
TX_2026_00004516,False,None,False
TX_2026_00004517,True,NEW_FOREIGN_LOCATION,True
TX_2026_00004518,False,None,False
TX_2026_00004519,False,None,False
TX_2026_00004520,False,None,False
TX_2026_00004521,False,None,False
TX_2026_00004522,False,None,False
TX_2026_00004523,False,None,False
TX_2026_00004524,False,None,False
TX_2026_00004525,False,None,False
TX_2026_00004526,False,None,False
TX_2026_00004527,False,None,False
TX_2026_00004528,False,None,False
TX_2026_00004529,False,None,False
TX_2026_00004530,False,None,False
TX_2026_00004531,False,None,False
TX_2026_00004532,False,None,False
TX_2026_00004533,False,None,False
TX_2026_00004534,False,None,False
TX_2026_00004535,False,None,False
TX_2026_00004536,False,None,False
TX_2026_00004537,False,None,False
TX_2026_00004538,False,None,False
TX_2026_00004539,False,None,False
TX_2026_00004540,False,None,False
TX_2026_00004541,False,None,False
TX_2026_00004542,False,None,False
TX_2026_00004543,False,None,False
TX_2026_00004544,False,None,False
TX_2026_00004545,False,None,False
TX_2026_00004546,False,None,False
TX_2026_00004547,False,None,False
TX_2026_00004548,False,None,False
TX_2026_00004549,False,None,False
TX_2026_00004550,False,None,False
TX_2026_00004551,False,None,False
TX_2026_00004552,False,None,False
TX_2026_00004553,False,None,False
TX_2026_00004554,False,None,False
TX_2026_00004555,False,None,False
TX_2026_00004556,False,None,False
TX_2026_00004557,False,None,False
TX_2026_00004558,False,None,False
TX_2026_00004559,False,None,False
TX_2026_00004560,False,None,False
TX_2026_00004561,False,None,False
TX_2026_00004562,False,None,False
TX_2026_00004563,False,None,False
TX_2026_00004564,False,None,False
TX_2026_00004565,False,None,False
TX_2026_00004566,False,None,False
TX_2026_00004567,False,None,False
TX_2026_00004568,False,None,False
TX_2026_00004569,False,None,False
TX_2026_00004570,False,None,False
TX_2026_00004571,False,None,False
TX_2026_00004572,False,None,False
TX_2026_00004573,False,None,False
TX_2026_00004574,False,None,False
TX_2026_00004575,False,None,False
TX_2026_00004576,False,None,False
TX_2026_00004577,False,None,False
TX_2026_00004578,False,None,False
TX_2026_00004579,False,None,False
TX_2026_00004580,False,None,False
TX_2026_00004581,False,None,False
TX_2026_00004582,False,None,False
TX_2026_00004583,False,None,False
TX_2026_00004584,False,None,False
TX_2026_00004585,False,None,False
TX_2026_00004586,False,None,False
TX_2026_00004587,False,None,False
TX_2026_00004588,False,None,False
TX_2026_00004589,False,None,False
TX_2026_00004590,False,None,False
TX_2026_00004591,False,None,False
TX_2026_00004592,False,None,False
TX_2026_00004593,False,None,False
TX_2026_00004594,False,None,False
TX_2026_00004595,False,None,False
TX_2026_00004596,False,None,False
TX_2026_00004597,False,None,False
TX_2026_00004598,False,None,False
TX_2026_00004599,False,None,False
TX_2026_00004600,False,None,False
TX_2026_00004601,False,None,False
TX_2026_00004602,False,None,False
TX_2026_00004603,False,None,False
TX_2026_00004604,False,None,False
TX_2026_00004605,True,HIGH_AMOUNT,True
TX_2026_00004606,False,None,False
TX_2026_00004607,False,None,False
TX_2026_00004608,False,None,False
TX_2026_00004609,False,None,False
TX_2026_00004610,False,None,False
TX_2026_00004611,False,None,False
TX_2026_00004612,False,None,False
TX_2026_00004613,False,None,False
TX_2026_00004614,False,None,False
TX_2026_00004615,False,None,False
TX_2026_00004616,False,None,False
TX_2026_00004617,False,None,False
TX_2026_00004618,False,None,False
TX_2026_00004619,False,None,False
TX_2026_00004620,False,None,False
TX_2026_00004621,False,None,False
TX_2026_00004622,True,NEW_DEVICE_BURST,False
TX_2026_00004623,False,None,False
TX_2026_00004624,False,None,False
TX_2026_00004625,False,None,False
TX_2026_00004626,False,None,False
TX_2026_00004627,False,None,False
TX_2026_00004628,False,None,False
TX_2026_00004629,False,None,False
TX_2026_00004630,False,None,False
TX_2026_00004631,False,None,False
TX_2026_00004632,False,None,False
TX_2026_00004633,False,None,False
TX_2026_00004634,False,None,False
TX_2026_00004635,False,None,False
TX_2026_00004636,False,None,False
TX_2026_00004637,False,None,False
TX_2026_00004638,False,None,False
TX_2026_00004639,False,None,False
TX_2026_00004640,False,None,False
TX_2026_00004641,False,None,False
TX_2026_00004642,False,None,False
TX_2026_00004643,False,None,False
TX_2026_00004644,False,None,False
TX_2026_00004645,False,None,False
TX_2026_00004646,False,None,False
TX_2026_00004647,False,None,False
TX_2026_00004648,False,None,False
TX_2026_00004649,True,NEW_FOREIGN_LOCATION,True
TX_2026_00004650,False,None,False
TX_2026_00004651,False,None,False
TX_2026_00004652,False,None,False
TX_2026_00004653,False,None,False
TX_2026_00004654,False,None,False
TX_2026_00004655,False,None,False
TX_2026_00004656,False,None,False
TX_2026_00004657,False,None,False
TX_2026_00004658,False,None,False
TX_2026_00004659,False,None,False
TX_2026_00004660,False,None,False
TX_2026_00004661,False,None,False
TX_2026_00004662,False,None,False
TX_2026_00004663,False,None,False
TX_2026_00004664,False,None,False
TX_2026_00004665,False,None,False
TX_2026_00004666,False,None,False
TX_2026_00004667,False,None,False
TX_2026_00004668,False,None,False
TX_2026_00004669,True,HIGH_AMOUNT,True
TX_2026_00004670,False,None,False
TX_2026_00004671,False,None,False
TX_2026_00004672,False,None,False
TX_2026_00004673,False,None,False
TX_2026_00004674,False,None,False
TX_2026_00004675,False,None,False
TX_2026_00004676,False,None,False
TX_2026_00004677,False,None,False
TX_2026_00004678,False,None,False
TX_2026_00004679,False,None,False
TX_2026_00004680,False,None,False
TX_2026_00004681,False,None,False
TX_2026_00004682,False,None,False
TX_2026_00004683,False,None,False
TX_2026_00004684,False,None,False
TX_2026_00004685,False,None,False
TX_2026_00004686,False,None,False
TX_2026_00004687,False,None,False
TX_2026_00004688,False,None,False
TX_2026_00004689,False,None,False
TX_2026_00004690,False,None,False
TX_2026_00004691,False,None,False
TX_2026_00004692,False,None,False
TX_2026_00004693,False,None,False
TX_2026_00004694,False,None,False
TX_2026_00004695,False,None,False
TX_2026_00004696,False,None,False
TX_2026_00004697,False,None,False
TX_2026_00004698,False,None,False
TX_2026_00004699,False,None,False
TX_2026_00004700,False,None,False
TX_2026_00004701,False,None,False
TX_2026_00004702,False,None,False
TX_2026_00004703,False,None,False
TX_2026_00004704,False,None,False
TX_2026_00004705,False,None,False
TX_2026_00004706,False,None,False
TX_2026_00004707,False,None,False
TX_2026_00004708,False,None,False
TX_2026_00004709,False,None,False
TX_2026_00004710,False,None,False
TX_2026_00004711,False,None,False
TX_2026_00004712,False,None,False
TX_2026_00004713,False,None,False
TX_2026_00004714,False,None,False
TX_2026_00004715,False,None,False
TX_2026_00004716,False,None,False
TX_2026_00004717,False,None,False
TX_2026_00004718,False,None,False
TX_2026_00004719,False,None,False
TX_2026_00004720,False,None,False
TX_2026_00004721,False,None,False
TX_2026_00004722,False,None,False
TX_2026_00004723,False,None,False
TX_2026_00004724,False,None,False
TX_2026_00004725,False,None,False
TX_2026_00004726,False,None,False
TX_2026_00004727,False,None,False
TX_2026_00004728,False,None,False
TX_2026_00004729,False,None,False
TX_2026_00004730,False,None,False
TX_2026_00004731,False,None,False
TX_2026_00004732,False,None,False
TX_2026_00004733,False,None,False
TX_2026_00004734,False,None,False
TX_2026_00004735,False,None,False
TX_2026_00004736,False,None,False
TX_2026_00004737,False,None,False
TX_2026_00004738,False,None,False
TX_2026_00004739,False,None,False
TX_2026_00004740,False,None,False
TX_2026_00004741,False,None,False
TX_2026_00004742,False,None,False
TX_2026_00004743,False,None,False
TX_2026_00004744,True,HIGH_AMOUNT,True
TX_2026_00004745,False,None,False
TX_2026_00004746,False,None,False
TX_2026_00004747,False,None,False
TX_2026_00004748,False,None,False
TX_2026_00004749,False,None,False
TX_2026_00004750,False,None,False
TX_2026_00004751,False,None,False
TX_2026_00004752,False,None,False
TX_2026_00004753,False,None,False
TX_2026_00004754,False,None,False
TX_2026_00004755,False,None,False
TX_2026_00004756,False,None,False
TX_2026_00004757,False,None,False
TX_2026_00004758,False,None,False
TX_2026_00004759,True,UNUSUAL_NIGHT,True
TX_2026_00004760,False,None,False
TX_2026_00004761,False,None,False
TX_2026_00004762,False,None,False
TX_2026_00004763,False,None,False
TX_2026_00004764,False,None,False
TX_2026_00004765,False,None,False
TX_2026_00004766,False,None,False
TX_2026_00004767,False,None,False
TX_2026_00004768,False,None,False
TX_2026_00004769,False,None,False
TX_2026_00004770,False,None,False
TX_2026_00004771,False,None,False
TX_2026_00004772,False,None,False
TX_2026_00004773,False,None,False
TX_2026_00004774,False,None,False
TX_2026_00004775,False,None,False
TX_2026_00004776,False,None,False
TX_2026_00004777,False,None,False
TX_2026_00004778,False,None,False
TX_2026_00004779,False,None,False
TX_2026_00004780,False,None,False
TX_2026_00004781,False,None,False
TX_2026_00004782,False,None,False
TX_2026_00004783,False,None,False
TX_2026_00004784,False,None,False
TX_2026_00004785,False,None,False
TX_2026_00004786,False,None,False
TX_2026_00004787,False,None,False
TX_2026_00004788,False,None,False
TX_2026_00004789,False,None,False
TX_2026_00004790,False,None,False
TX_2026_00004791,False,None,False
TX_2026_00004792,False,None,False
TX_2026_00004793,False,None,False
TX_2026_00004794,False,None,False
TX_2026_00004795,False,None,False
TX_2026_00004796,False,None,False
TX_2026_00004797,False,None,False
TX_2026_00004798,False,None,False
TX_2026_00004799,False,None,False
TX_2026_00004800,False,None,False
TX_2026_00004801,False,None,False
TX_2026_00004802,False,None,False
TX_2026_00004803,False,None,False
TX_2026_00004804,False,None,False
TX_2026_00004805,False,None,False
TX_2026_00004806,False,None,False
TX_2026_00004807,True,HIGH_AMOUNT,True
TX_2026_00004808,False,None,False
TX_2026_00004809,False,None,False
TX_2026_00004810,False,None,False
TX_2026_00004811,False,None,False
TX_2026_00004812,False,None,False
TX_2026_00004813,False,None,False
TX_2026_00004814,False,None,False
TX_2026_00004815,True,NEW_FOREIGN_LOCATION,True
TX_2026_00004816,False,None,False
TX_2026_00004817,False,None,False
TX_2026_00004818,False,None,False
TX_2026_00004819,False,None,False
TX_2026_00004820,False,None,False
TX_2026_00004821,False,None,False
TX_2026_00004822,False,None,False
TX_2026_00004823,False,None,False
TX_2026_00004824,False,None,False
TX_2026_00004825,False,None,False
TX_2026_00004826,False,None,False
TX_2026_00004827,False,None,False
TX_2026_00004828,False,None,False
TX_2026_00004829,False,None,False
TX_2026_00004830,False,None,False
TX_2026_00004831,False,None,False
TX_2026_00004832,False,None,False
TX_2026_00004833,False,None,False
TX_2026_00004834,False,None,False
TX_2026_00004835,False,None,False
TX_2026_00004836,False,None,False
TX_2026_00004837,False,None,False
TX_2026_00004838,False,None,False
TX_2026_00004839,False,None,False
TX_2026_00004840,False,None,False
TX_2026_00004841,False,None,False
TX_2026_00004842,False,None,False
TX_2026_00004843,False,None,False
TX_2026_00004844,False,None,False
TX_2026_00004845,False,None,False
TX_2026_00004846,False,None,False
TX_2026_00004847,False,None,False
TX_2026_00004848,False,None,False
TX_2026_00004849,False,None,False
TX_2026_00004850,False,None,False
TX_2026_00004851,False,None,False
TX_2026_00004852,False,None,False
TX_2026_00004853,False,None,False
TX_2026_00004854,False,None,False
TX_2026_00004855,False,None,False
TX_2026_00004856,False,None,False
TX_2026_00004857,False,None,False
TX_2026_00004858,False,None,False
TX_2026_00004859,False,None,False
TX_2026_00004860,False,None,False
TX_2026_00004861,False,None,False
TX_2026_00004862,False,None,False
TX_2026_00004863,False,None,False
TX_2026_00004864,True,NEW_FOREIGN_LOCATION,True
TX_2026_00004865,False,None,False
TX_2026_00004866,False,None,False
TX_2026_00004867,False,None,False
TX_2026_00004868,False,None,False
TX_2026_00004869,False,None,False
TX_2026_00004870,False,None,False
TX_2026_00004871,False,None,False
TX_2026_00004872,False,None,False
TX_2026_00004873,False,None,False
TX_2026_00004874,False,None,False
TX_2026_00004875,False,None,False
TX_2026_00004876,False,None,False
TX_2026_00004877,False,None,False
TX_2026_00004878,False,None,False
TX_2026_00004879,False,None,False
TX_2026_00004880,False,None,False
TX_2026_00004881,False,None,False
TX_2026_00004882,False,None,False
TX_2026_00004883,False,None,False
TX_2026_00004884,False,None,False
TX_2026_00004885,False,None,False
TX_2026_00004886,False,None,False
TX_2026_00004887,False,None,False
TX_2026_00004888,False,None,False
TX_2026_00004889,False,None,False
TX_2026_00004890,False,None,False
TX_2026_00004891,True,HIGH_AMOUNT,True
TX_2026_00004892,True,NEW_DEVICE_BURST,True
TX_2026_00004893,False,None,False
TX_2026_00004894,False,None,False
TX_2026_00004895,False,None,False
TX_2026_00004896,False,None,False
TX_2026_00004897,False,None,False
TX_2026_00004898,False,None,False
TX_2026_00004899,False,None,False
TX_2026_00004900,False,None,False
TX_2026_00004901,False,None,False
TX_2026_00004902,False,None,False
TX_2026_00004903,False,None,False
TX_2026_00004904,False,None,False
TX_2026_00004905,False,None,False
TX_2026_00004906,False,None,False
TX_2026_00004907,False,None,False
TX_2026_00004908,False,None,False
TX_2026_00004909,False,None,False
TX_2026_00004910,False,None,False
TX_2026_00004911,False,None,False
TX_2026_00004912,False,None,False
TX_2026_00004913,False,None,False
TX_2026_00004914,False,None,False
TX_2026_00004915,False,None,False
TX_2026_00004916,False,None,False
TX_2026_00004917,False,None,False
TX_2026_00004918,False,None,False
TX_2026_00004919,False,None,False
TX_2026_00004920,False,None,False
TX_2026_00004921,False,None,False
TX_2026_00004922,False,None,False
TX_2026_00004923,False,None,False
TX_2026_00004924,False,None,False
TX_2026_00004925,False,None,False
TX_2026_00004926,False,None,False
TX_2026_00004927,False,None,False
TX_2026_00004928,False,None,False
TX_2026_00004929,False,None,False
TX_2026_00004930,False,None,False
TX_2026_00004931,False,None,False
TX_2026_00004932,False,None,False
TX_2026_00004933,False,None,False
TX_2026_00004934,False,None,False
TX_2026_00004935,False,None,False
TX_2026_00004936,False,None,False
TX_2026_00004937,False,None,False
TX_2026_00004938,False,None,False
TX_2026_00004939,False,None,False
TX_2026_00004940,False,None,False
TX_2026_00004941,False,None,False
TX_2026_00004942,False,None,False
TX_2026_00004943,False,None,False
TX_2026_00004944,False,None,False
TX_2026_00004945,False,None,False
TX_2026_00004946,False,None,False
TX_2026_00004947,False,None,False
TX_2026_00004948,False,None,False
TX_2026_00004949,False,None,False
TX_2026_00004950,False,None,False
TX_2026_00004951,False,None,False
TX_2026_00004952,False,None,False
TX_2026_00004953,False,None,False
TX_2026_00004954,False,None,False
TX_2026_00004955,False,None,False
TX_2026_00004956,False,None,False
TX_2026_00004957,False,None,False
TX_2026_00004958,False,None,False
TX_2026_00004959,False,None,False
TX_2026_00004960,False,None,False
TX_2026_00004961,False,None,False
TX_2026_00004962,False,None,False
TX_2026_00004963,False,None,False
TX_2026_00004964,False,None,False
TX_2026_00004965,False,None,False
TX_2026_00004966,False,None,False
TX_2026_00004967,False,None,False
TX_2026_00004968,False,None,False
TX_2026_00004969,False,None,False
TX_2026_00004970,False,None,False
TX_2026_00004971,False,None,False
TX_2026_00004972,False,None,False
TX_2026_00004973,False,None,False
TX_2026_00004974,False,None,False
TX_2026_00004975,False,None,False
TX_2026_00004976,False,None,False
TX_2026_00004977,False,None,False
TX_2026_00004978,False,None,False
TX_2026_00004979,False,None,False
TX_2026_00004980,False,None,False
TX_2026_00004981,False,None,False
TX_2026_00004982,False,None,False
TX_2026_00004983,False,None,False
TX_2026_00004984,False,None,False
TX_2026_00004985,False,None,False
TX_2026_00004986,False,None,False
TX_2026_00004987,False,None,False
TX_2026_00004988,False,None,False
TX_2026_00004989,False,None,False
TX_2026_00004990,False,None,False
TX_2026_00004991,False,None,False
TX_2026_00004992,False,None,False
TX_2026_00004993,False,None,False
TX_2026_00004994,False,None,False
TX_2026_00004995,False,None,False
TX_2026_00004996,False,None,False
TX_2026_00004997,False,None,False
TX_2026_00004998,False,None,False
TX_2026_00004999,False,None,False
TX_2026_00005000,False,None,False
TX_2026_00005001,False,None,False
TX_2026_00005002,False,None,False
TX_2026_00005003,False,None,False
TX_2026_00005004,False,None,False
TX_2026_00005005,False,None,False
TX_2026_00005006,False,None,False
TX_2026_00005007,False,None,False
TX_2026_00005008,False,None,False
TX_2026_00005009,False,None,False
TX_2026_00005010,False,None,False
TX_2026_00005011,False,None,False
TX_2026_00005012,False,None,False
TX_2026_00005013,False,None,False
TX_2026_00005014,False,None,False
TX_2026_00005015,False,None,False
TX_2026_00005016,False,None,False
TX_2026_00005017,False,None,False
TX_2026_00005018,False,None,False
TX_2026_00005019,False,None,False
TX_2026_00005020,False,None,False
TX_2026_00005021,False,None,False
TX_2026_00005022,False,None,False
TX_2026_00005023,False,None,False
TX_2026_00005024,False,None,False
TX_2026_00005025,False,None,False
TX_2026_00005026,False,None,False
TX_2026_00005027,False,None,False
TX_2026_00005028,False,None,False
TX_2026_00005029,False,None,False
TX_2026_00005030,False,None,False
TX_2026_00005031,False,None,False
TX_2026_00005032,False,None,False
TX_2026_00005033,False,None,False
TX_2026_00005034,False,None,False
TX_2026_00005035,False,None,False
TX_2026_00005036,False,None,False
TX_2026_00005037,False,None,False
TX_2026_00005038,False,None,False
TX_2026_00005039,False,None,False
TX_2026_00005040,False,None,False
TX_2026_00005041,False,None,False
TX_2026_00005042,False,None,False
TX_2026_00005043,False,None,False
TX_2026_00005044,False,None,False
TX_2026_00005045,False,None,False
TX_2026_00005046,False,None,False
TX_2026_00005047,False,None,False
TX_2026_00005048,False,None,False
TX_2026_00005049,False,None,False
TX_2026_00005050,False,None,False
TX_2026_00005051,False,None,False
TX_2026_00005052,False,None,False
TX_2026_00005053,True,HIGH_AMOUNT,True
TX_2026_00005054,False,None,False
TX_2026_00005055,False,None,False
TX_2026_00005056,False,None,False
TX_2026_00005057,False,None,False
TX_2026_00005058,False,None,False
TX_2026_00005059,False,None,False
TX_2026_00005060,False,None,False
TX_2026_00005061,False,None,False
TX_2026_00005062,False,None,False
TX_2026_00005063,False,None,False
TX_2026_00005064,False,None,False
TX_2026_00005065,False,None,False
TX_2026_00005066,False,None,False
TX_2026_00005067,False,None,False
TX_2026_00005068,False,None,False
TX_2026_00005069,False,None,False
TX_2026_00005070,False,None,False
TX_2026_00005071,False,None,False
TX_2026_00005072,False,None,False
TX_2026_00005073,False,None,False
TX_2026_00005074,False,None,False
TX_2026_00005075,False,None,False
TX_2026_00005076,False,None,False
TX_2026_00005077,False,None,False
TX_2026_00005078,False,None,False
TX_2026_00005079,False,None,False
TX_2026_00005080,False,None,False
TX_2026_00005081,False,None,False
TX_2026_00005082,False,None,False
TX_2026_00005083,False,None,False
TX_2026_00005084,False,None,False
TX_2026_00005085,False,None,False
TX_2026_00005086,False,None,False
TX_2026_00005087,False,None,False
TX_2026_00005088,False,None,False
TX_2026_00005089,False,None,False
TX_2026_00005090,False,None,False
TX_2026_00005091,False,None,False
TX_2026_00005092,False,None,False
TX_2026_00005093,False,None,False
TX_2026_00005094,False,None,False
TX_2026_00005095,True,NEW_DEVICE_BURST,True
TX_2026_00005096,False,None,False
TX_2026_00005097,False,None,False
TX_2026_00005098,False,None,False
TX_2026_00005099,False,None,False
TX_2026_00005100,False,None,False
TX_2026_00005101,False,None,False
TX_2026_00005102,False,None,False
TX_2026_00005103,False,None,False
TX_2026_00005104,False,None,False
TX_2026_00005105,False,None,False
TX_2026_00005106,False,None,False
TX_2026_00005107,False,None,False
TX_2026_00005108,False,None,False
TX_2026_00005109,False,None,False
TX_2026_00005110,False,None,False
TX_2026_00005111,False,None,False
TX_2026_00005112,False,None,False
TX_2026_00005113,False,None,False
TX_2026_00005114,False,None,False
TX_2026_00005115,False,None,False
TX_2026_00005116,False,None,False
TX_2026_00005117,False,None,False
TX_2026_00005118,False,None,False
TX_2026_00005119,False,None,False
TX_2026_00005120,False,None,False
TX_2026_00005121,False,None,False
TX_2026_00005122,False,None,False
TX_2026_00005123,False,None,False
TX_2026_00005124,False,None,False
TX_2026_00005125,False,None,False
TX_2026_00005126,False,None,False
TX_2026_00005127,False,None,False
TX_2026_00005128,False,None,False
TX_2026_00005129,False,None,False
TX_2026_00005130,False,None,False
TX_2026_00005131,False,None,False
TX_2026_00005132,False,None,False
TX_2026_00005133,False,None,False
TX_2026_00005134,False,None,False
TX_2026_00005135,False,None,False
TX_2026_00005136,False,None,False
TX_2026_00005137,False,None,False
TX_2026_00005138,False,None,False
TX_2026_00005139,False,None,False
TX_2026_00005140,False,None,False
TX_2026_00005141,False,None,False
TX_2026_00005142,False,None,False
TX_2026_00005143,False,None,False
TX_2026_00005144,False,None,False
TX_2026_00005145,False,None,False
TX_2026_00005146,False,None,False
TX_2026_00005147,False,None,False
TX_2026_00005148,False,None,False
TX_2026_00005149,False,None,False
TX_2026_00005150,False,None,False
TX_2026_00005151,False,None,False
TX_2026_00005152,False,None,False
TX_2026_00005153,False,None,False
TX_2026_00005154,False,None,False
TX_2026_00005155,False,None,False
TX_2026_00005156,False,None,False
TX_2026_00005157,False,None,False
TX_2026_00005158,False,None,False
TX_2026_00005159,False,None,False
TX_2026_00005160,False,None,False
TX_2026_00005161,True,NEW_FOREIGN_LOCATION,True
TX_2026_00005162,False,None,False
TX_2026_00005163,False,None,False
TX_2026_00005164,False,None,False
TX_2026_00005165,False,None,False
TX_2026_00005166,False,None,False
TX_2026_00005167,False,None,False
TX_2026_00005168,False,None,False
TX_2026_00005169,False,None,False
TX_2026_00005170,False,None,False
TX_2026_00005171,False,None,False
TX_2026_00005172,False,None,False
TX_2026_00005173,False,None,False
TX_2026_00005174,False,None,False
TX_2026_00005175,False,None,False
TX_2026_00005176,False,None,False
TX_2026_00005177,False,None,False
TX_2026_00005178,False,None,False
TX_2026_00005179,False,None,False
TX_2026_00005180,False,None,False
TX_2026_00005181,False,None,False
TX_2026_00005182,False,None,False
TX_2026_00005183,False,None,False
TX_2026_00005184,False,None,False
TX_2026_00005185,False,None,False
TX_2026_00005186,False,None,False
TX_2026_00005187,False,None,False
TX_2026_00005188,False,None,False
TX_2026_00005189,False,None,False
TX_2026_00005190,False,None,False
TX_2026_00005191,False,None,False
TX_2026_00005192,False,None,False
TX_2026_00005193,False,None,False
TX_2026_00005194,False,None,False
TX_2026_00005195,False,None,False
TX_2026_00005196,False,None,False
TX_2026_00005197,False,None,False
TX_2026_00005198,False,None,False
TX_2026_00005199,False,None,False
TX_2026_00005200,False,None,False
TX_2026_00005201,False,None,False
TX_2026_00005202,False,None,False
TX_2026_00005203,False,None,False
TX_2026_00005204,False,None,False
TX_2026_00005205,False,None,False
TX_2026_00005206,False,None,False
TX_2026_00005207,False,None,False
TX_2026_00005208,False,None,False
TX_2026_00005209,False,None,False
TX_2026_00005210,False,None,False
TX_2026_00005211,False,None,False
TX_2026_00005212,False,None,False
TX_2026_00005213,True,UNUSUAL_NIGHT,True
TX_2026_00005214,False,None,False
TX_2026_00005215,False,None,False
TX_2026_00005216,False,None,False
TX_2026_00005217,False,None,False
TX_2026_00005218,False,None,False
TX_2026_00005219,False,None,False
TX_2026_00005220,False,None,False
TX_2026_00005221,False,None,False
TX_2026_00005222,False,None,False
TX_2026_00005223,False,None,False
TX_2026_00005224,False,None,False
TX_2026_00005225,False,None,False
TX_2026_00005226,False,None,False
TX_2026_00005227,False,None,False
TX_2026_00005228,False,None,False
TX_2026_00005229,False,None,False
TX_2026_00005230,False,None,False
TX_2026_00005231,False,None,False
TX_2026_00005232,False,None,False
TX_2026_00005233,False,None,False
TX_2026_00005234,True,NEW_DEVICE_BURST,False
TX_2026_00005235,False,None,False
TX_2026_00005236,False,None,False
TX_2026_00005237,False,None,False
TX_2026_00005238,False,None,False
TX_2026_00005239,False,None,False
TX_2026_00005240,False,None,False
TX_2026_00005241,False,None,False
TX_2026_00005242,False,None,False
TX_2026_00005243,False,None,False
TX_2026_00005244,False,None,False
TX_2026_00005245,False,None,False
TX_2026_00005246,False,None,False
TX_2026_00005247,False,None,False
TX_2026_00005248,False,None,False
TX_2026_00005249,False,None,False
TX_2026_00005250,False,None,False
TX_2026_00005251,False,None,False
TX_2026_00005252,False,None,False
TX_2026_00005253,False,None,False
TX_2026_00005254,False,None,False
TX_2026_00005255,False,None,False
TX_2026_00005256,False,None,False
TX_2026_00005257,False,None,False
TX_2026_00005258,False,None,False
TX_2026_00005259,False,None,False
TX_2026_00005260,False,None,False
TX_2026_00005261,False,None,False
TX_2026_00005262,False,None,False
TX_2026_00005263,False,None,False
TX_2026_00005264,False,None,False
TX_2026_00005265,False,None,False
TX_2026_00005266,False,None,False
TX_2026_00005267,False,None,False
TX_2026_00005268,False,None,False
TX_2026_00005269,True,NEW_DEVICE_BURST,False
TX_2026_00005270,False,None,False
TX_2026_00005271,False,None,False
TX_2026_00005272,False,None,False
TX_2026_00005273,False,None,False
TX_2026_00005274,False,None,False
TX_2026_00005275,False,None,False
TX_2026_00005276,False,None,False
TX_2026_00005277,False,None,False
TX_2026_00005278,False,None,False
TX_2026_00005279,False,None,False
TX_2026_00005280,False,None,False
TX_2026_00005281,False,None,False
TX_2026_00005282,False,None,False
TX_2026_00005283,False,None,False
TX_2026_00005284,False,None,False
TX_2026_00005285,False,None,False
TX_2026_00005286,False,None,False
TX_2026_00005287,False,None,False
TX_2026_00005288,False,None,False
TX_2026_00005289,False,None,False
TX_2026_00005290,False,None,False
TX_2026_00005291,False,None,False
TX_2026_00005292,False,None,False
TX_2026_00005293,False,None,False
TX_2026_00005294,False,None,False
TX_2026_00005295,False,None,False
TX_2026_00005296,False,None,False
TX_2026_00005297,False,None,False
TX_2026_00005298,False,None,False
TX_2026_00005299,False,None,False
TX_2026_00005300,False,None,False
TX_2026_00005301,False,None,False
TX_2026_00005302,False,None,False
TX_2026_00005303,False,None,False
TX_2026_00005304,False,None,False
TX_2026_00005305,False,None,False
TX_2026_00005306,False,None,False
TX_2026_00005307,False,None,False
TX_2026_00005308,False,None,False
TX_2026_00005309,False,None,False
TX_2026_00005310,False,None,False
TX_2026_00005311,False,None,False
TX_2026_00005312,False,None,False
TX_2026_00005313,False,None,False
TX_2026_00005314,False,None,False
TX_2026_00005315,False,None,False
TX_2026_00005316,False,None,False
TX_2026_00005317,False,None,False
TX_2026_00005318,False,None,False
TX_2026_00005319,False,None,False
TX_2026_00005320,False,None,False
TX_2026_00005321,False,None,False
TX_2026_00005322,False,None,False
TX_2026_00005323,False,None,False
TX_2026_00005324,False,None,False
TX_2026_00005325,False,None,False
TX_2026_00005326,False,None,False
TX_2026_00005327,False,None,False
TX_2026_00005328,False,None,False
TX_2026_00005329,False,None,False
TX_2026_00005330,False,None,False
TX_2026_00005331,False,None,False
TX_2026_00005332,False,None,False
TX_2026_00005333,False,None,False
TX_2026_00005334,False,None,False
TX_2026_00005335,False,None,False
TX_2026_00005336,False,None,False
TX_2026_00005337,False,None,False
TX_2026_00005338,False,None,False
TX_2026_00005339,False,None,False
TX_2026_00005340,False,None,False
TX_2026_00005341,False,None,False
TX_2026_00005342,False,None,False
TX_2026_00005343,False,None,False
TX_2026_00005344,False,None,False
TX_2026_00005345,False,None,False
TX_2026_00005346,False,None,False
TX_2026_00005347,False,None,False
TX_2026_00005348,False,None,False
TX_2026_00005349,False,None,False
TX_2026_00005350,False,None,False
TX_2026_00005351,False,None,False
TX_2026_00005352,False,None,False
TX_2026_00005353,False,None,False
TX_2026_00005354,False,None,False
TX_2026_00005355,False,None,False
TX_2026_00005356,False,None,False
TX_2026_00005357,False,None,False
TX_2026_00005358,False,None,False
TX_2026_00005359,False,None,False
TX_2026_00005360,False,None,False
TX_2026_00005361,False,None,False
TX_2026_00005362,False,None,False
TX_2026_00005363,False,None,False
TX_2026_00005364,False,None,False
TX_2026_00005365,False,None,False
TX_2026_00005366,False,None,False
TX_2026_00005367,False,None,False
TX_2026_00005368,False,None,False
TX_2026_00005369,False,None,False
TX_2026_00005370,False,None,False
TX_2026_00005371,False,None,False
TX_2026_00005372,False,None,False
TX_2026_00005373,False,None,False
TX_2026_00005374,False,None,False
TX_2026_00005375,False,None,False
TX_2026_00005376,False,None,False
TX_2026_00005377,False,None,False
TX_2026_00005378,False,None,False
TX_2026_00005379,False,None,False
TX_2026_00005380,False,None,False
TX_2026_00005381,False,None,False
TX_2026_00005382,False,None,False
TX_2026_00005383,False,None,False
TX_2026_00005384,False,None,False
TX_2026_00005385,False,None,False
TX_2026_00005386,False,None,False
TX_2026_00005387,False,None,False
TX_2026_00005388,False,None,False
TX_2026_00005389,False,None,False
TX_2026_00005390,False,None,False
TX_2026_00005391,False,None,False
TX_2026_00005392,False,None,False
TX_2026_00005393,False,None,False
TX_2026_00005394,False,None,False
TX_2026_00005395,False,None,False
TX_2026_00005396,False,None,False
TX_2026_00005397,False,None,False
TX_2026_00005398,False,None,False
TX_2026_00005399,True,UNUSUAL_NIGHT,True
TX_2026_00005400,False,None,False
TX_2026_00005401,False,None,False
TX_2026_00005402,False,None,False
TX_2026_00005403,False,None,False
TX_2026_00005404,False,None,False
TX_2026_00005405,False,None,False
TX_2026_00005406,False,None,False
TX_2026_00005407,False,None,False
TX_2026_00005408,False,None,False
TX_2026_00005409,False,None,False
TX_2026_00005410,False,None,False
TX_2026_00005411,False,None,False
TX_2026_00005412,False,None,False
TX_2026_00005413,True,UNUSUAL_NIGHT,True
TX_2026_00005414,False,None,False
TX_2026_00005415,False,None,False
TX_2026_00005416,True,NEW_FOREIGN_LOCATION,True
TX_2026_00005417,False,None,False
TX_2026_00005418,False,None,False
TX_2026_00005419,False,None,False
TX_2026_00005420,False,None,False
TX_2026_00005421,False,None,False
TX_2026_00005422,False,None,False
TX_2026_00005423,False,None,False
TX_2026_00005424,False,None,False
TX_2026_00005425,False,None,False
TX_2026_00005426,False,None,False
TX_2026_00005427,False,None,False
TX_2026_00005428,False,None,False
TX_2026_00005429,False,None,False
TX_2026_00005430,False,None,False
TX_2026_00005431,False,None,False
TX_2026_00005432,False,None,False
TX_2026_00005433,False,None,False
TX_2026_00005434,False,None,False
TX_2026_00005435,False,None,False
TX_2026_00005436,False,None,False
TX_2026_00005437,False,None,False
TX_2026_00005438,False,None,False
TX_2026_00005439,False,None,False
TX_2026_00005440,False,None,False
TX_2026_00005441,False,None,False
TX_2026_00005442,False,None,False
TX_2026_00005443,False,None,False
TX_2026_00005444,False,None,False
TX_2026_00005445,False,None,False
TX_2026_00005446,False,None,False
TX_2026_00005447,False,None,False
TX_2026_00005448,False,None,False
TX_2026_00005449,False,None,False
TX_2026_00005450,False,None,False
TX_2026_00005451,False,None,False
TX_2026_00005452,False,None,False
TX_2026_00005453,False,None,False
TX_2026_00005454,False,None,False
TX_2026_00005455,False,None,False
TX_2026_00005456,False,None,False
TX_2026_00005457,False,None,False
TX_2026_00005458,False,None,False
TX_2026_00005459,False,None,False
TX_2026_00005460,False,None,False
TX_2026_00005461,False,None,False
TX_2026_00005462,False,None,False
TX_2026_00005463,False,None,False
TX_2026_00005464,False,None,False
TX_2026_00005465,False,None,False
TX_2026_00005466,False,None,False
TX_2026_00005467,False,None,False
TX_2026_00005468,False,None,False
TX_2026_00005469,False,None,False
TX_2026_00005470,False,None,False
TX_2026_00005471,False,None,False
TX_2026_00005472,False,None,False
TX_2026_00005473,False,None,False
TX_2026_00005474,False,None,False
TX_2026_00005475,False,None,False
TX_2026_00005476,False,None,False
TX_2026_00005477,False,None,False
TX_2026_00005478,False,None,False
TX_2026_00005479,False,None,False
TX_2026_00005480,True,UNUSUAL_NIGHT,True
TX_2026_00005481,False,None,False
TX_2026_00005482,False,None,False
TX_2026_00005483,False,None,False
TX_2026_00005484,False,None,False
TX_2026_00005485,False,None,False
TX_2026_00005486,False,None,False
TX_2026_00005487,False,None,False
TX_2026_00005488,False,None,False
TX_2026_00005489,False,None,False
TX_2026_00005490,False,None,False
TX_2026_00005491,False,None,False
TX_2026_00005492,False,None,False
TX_2026_00005493,False,None,False
TX_2026_00005494,False,None,False
TX_2026_00005495,False,None,False
TX_2026_00005496,False,None,False
TX_2026_00005497,False,None,False
TX_2026_00005498,False,None,False
TX_2026_00005499,False,None,False
TX_2026_00005500,False,None,False
TX_2026_00005501,False,None,False
TX_2026_00005502,False,None,False
TX_2026_00005503,False,None,False
TX_2026_00005504,False,None,False
TX_2026_00005505,False,None,False
TX_2026_00005506,False,None,False
TX_2026_00005507,False,None,False
TX_2026_00005508,False,None,False
TX_2026_00005509,False,None,False
TX_2026_00005510,False,None,False
TX_2026_00005511,False,None,False
TX_2026_00005512,False,None,False
TX_2026_00005513,False,None,False
TX_2026_00005514,False,None,False
TX_2026_00005515,False,None,False
TX_2026_00005516,False,None,False
TX_2026_00005517,False,None,False
TX_2026_00005518,False,None,False
TX_2026_00005519,False,None,False
TX_2026_00005520,False,None,False
TX_2026_00005521,False,None,False
TX_2026_00005522,False,None,False
TX_2026_00005523,False,None,False
TX_2026_00005524,False,None,False
TX_2026_00005525,False,None,False
TX_2026_00005526,False,None,False
TX_2026_00005527,False,None,False
TX_2026_00005528,False,None,False
TX_2026_00005529,False,None,False
TX_2026_00005530,False,None,False
TX_2026_00005531,False,None,False
TX_2026_00005532,False,None,False
TX_2026_00005533,False,None,False
TX_2026_00005534,False,None,False
TX_2026_00005535,False,None,False
TX_2026_00005536,False,None,False
TX_2026_00005537,False,None,False
TX_2026_00005538,False,None,False
TX_2026_00005539,False,None,False
TX_2026_00005540,False,None,False
TX_2026_00005541,False,None,False
TX_2026_00005542,False,None,False
TX_2026_00005543,False,None,False
TX_2026_00005544,False,None,False
TX_2026_00005545,False,None,False
TX_2026_00005546,False,None,False
TX_2026_00005547,False,None,False
TX_2026_00005548,False,None,False
TX_2026_00005549,False,None,False
TX_2026_00005550,False,None,False
TX_2026_00005551,False,None,False
TX_2026_00005552,False,None,False
TX_2026_00005553,False,None,False
TX_2026_00005554,False,None,False
TX_2026_00005555,False,None,False
TX_2026_00005556,False,None,False
TX_2026_00005557,False,None,False
TX_2026_00005558,False,None,False
TX_2026_00005559,False,None,False
TX_2026_00005560,False,None,False
TX_2026_00005561,False,None,False
TX_2026_00005562,False,None,False
TX_2026_00005563,False,None,False
TX_2026_00005564,False,None,False
TX_2026_00005565,False,None,False
TX_2026_00005566,False,None,False
TX_2026_00005567,False,None,False
TX_2026_00005568,False,None,False
TX_2026_00005569,False,None,False
TX_2026_00005570,False,None,False
TX_2026_00005571,False,None,False
TX_2026_00005572,False,None,False
TX_2026_00005573,False,None,False
TX_2026_00005574,False,None,False
TX_2026_00005575,False,None,False
TX_2026_00005576,False,None,False
TX_2026_00005577,False,None,False
TX_2026_00005578,False,None,False
TX_2026_00005579,False,None,False
TX_2026_00005580,False,None,False
TX_2026_00005581,False,None,False
TX_2026_00005582,False,None,False
TX_2026_00005583,False,None,False
TX_2026_00005584,False,None,False
TX_2026_00005585,False,None,False
TX_2026_00005586,False,None,False
TX_2026_00005587,False,None,False
TX_2026_00005588,False,None,False
TX_2026_00005589,False,None,False
TX_2026_00005590,False,None,False
TX_2026_00005591,True,UNUSUAL_NIGHT,True
TX_2026_00005592,False,None,False
TX_2026_00005593,False,None,False
TX_2026_00005594,False,None,False
TX_2026_00005595,False,None,False
TX_2026_00005596,False,None,False
TX_2026_00005597,False,None,False
TX_2026_00005598,False,None,False
TX_2026_00005599,False,None,False
TX_2026_00005600,False,None,False
TX_2026_00005601,False,None,False
TX_2026_00005602,False,None,False
TX_2026_00005603,False,None,False
TX_2026_00005604,False,None,False
TX_2026_00005605,False,None,False
TX_2026_00005606,False,None,False
TX_2026_00005607,False,None,False
TX_2026_00005608,False,None,False
TX_2026_00005609,False,None,False
TX_2026_00005610,False,None,False
TX_2026_00005611,False,None,False
TX_2026_00005612,False,None,False
TX_2026_00005613,False,None,False
TX_2026_00005614,False,None,False
TX_2026_00005615,False,None,False
TX_2026_00005616,False,None,False
TX_2026_00005617,False,None,False
TX_2026_00005618,False,None,False
TX_2026_00005619,False,None,False
TX_2026_00005620,False,None,False
TX_2026_00005621,False,None,False
TX_2026_00005622,False,None,False
TX_2026_00005623,False,None,False
TX_2026_00005624,False,None,False
TX_2026_00005625,False,None,False
TX_2026_00005626,False,None,False
TX_2026_00005627,False,None,False
TX_2026_00005628,False,None,False
TX_2026_00005629,False,None,False
TX_2026_00005630,False,None,False
TX_2026_00005631,False,None,False
TX_2026_00005632,False,None,False
TX_2026_00005633,False,None,False
TX_2026_00005634,False,None,False
TX_2026_00005635,False,None,False
TX_2026_00005636,False,None,False
TX_2026_00005637,False,None,False
TX_2026_00005638,False,None,False
TX_2026_00005639,True,NEW_FOREIGN_LOCATION,True
TX_2026_00005640,False,None,False
TX_2026_00005641,False,None,False
TX_2026_00005642,False,None,False
TX_2026_00005643,False,None,False
TX_2026_00005644,False,None,False
TX_2026_00005645,False,None,False
TX_2026_00005646,False,None,False
TX_2026_00005647,False,None,False
TX_2026_00005648,False,None,False
TX_2026_00005649,False,None,False
TX_2026_00005650,False,None,False
TX_2026_00005651,False,None,False
TX_2026_00005652,False,None,False
TX_2026_00005653,False,None,False
TX_2026_00005654,False,None,False
TX_2026_00005655,False,None,False
TX_2026_00005656,False,None,False
TX_2026_00005657,False,None,False
TX_2026_00005658,False,None,False
TX_2026_00005659,False,None,False
TX_2026_00005660,False,None,False
TX_2026_00005661,False,None,False
TX_2026_00005662,False,None,False
TX_2026_00005663,False,None,False
TX_2026_00005664,False,None,False
TX_2026_00005665,False,None,False
TX_2026_00005666,False,None,False
TX_2026_00005667,False,None,False
TX_2026_00005668,False,None,False
TX_2026_00005669,False,None,False
TX_2026_00005670,False,None,False
TX_2026_00005671,False,None,False
TX_2026_00005672,False,None,False
TX_2026_00005673,False,None,False
TX_2026_00005674,False,None,False
TX_2026_00005675,False,None,False
TX_2026_00005676,False,None,False
TX_2026_00005677,False,None,False
TX_2026_00005678,False,None,False
TX_2026_00005679,False,None,False
TX_2026_00005680,False,None,False
TX_2026_00005681,False,None,False
TX_2026_00005682,False,None,False
TX_2026_00005683,False,None,False
TX_2026_00005684,False,None,False
TX_2026_00005685,False,None,False
TX_2026_00005686,False,None,False
TX_2026_00005687,False,None,False
TX_2026_00005688,False,None,False
TX_2026_00005689,False,None,False
TX_2026_00005690,False,None,False
TX_2026_00005691,False,None,False
TX_2026_00005692,False,None,False
TX_2026_00005693,False,None,False
TX_2026_00005694,False,None,False
TX_2026_00005695,False,None,False
TX_2026_00005696,True,HIGH_AMOUNT,True
TX_2026_00005697,False,None,False
TX_2026_00005698,False,None,False
TX_2026_00005699,False,None,False
TX_2026_00005700,False,None,False
TX_2026_00005701,False,None,False
TX_2026_00005702,False,None,False
TX_2026_00005703,False,None,False
TX_2026_00005704,False,None,False
TX_2026_00005705,False,None,False
TX_2026_00005706,False,None,False
TX_2026_00005707,False,None,False
TX_2026_00005708,False,None,False
TX_2026_00005709,False,None,False
TX_2026_00005710,False,None,False
TX_2026_00005711,False,None,False
TX_2026_00005712,False,None,False
TX_2026_00005713,False,None,False
TX_2026_00005714,False,None,False
TX_2026_00005715,False,None,False
TX_2026_00005716,False,None,False
TX_2026_00005717,False,None,False
TX_2026_00005718,False,None,False
TX_2026_00005719,False,None,False
TX_2026_00005720,False,None,False
TX_2026_00005721,False,None,False
TX_2026_00005722,False,None,False
TX_2026_00005723,False,None,False
TX_2026_00005724,False,None,False
TX_2026_00005725,False,None,False
TX_2026_00005726,False,None,False
TX_2026_00005727,False,None,False
TX_2026_00005728,False,None,False
TX_2026_00005729,False,None,False
TX_2026_00005730,False,None,False
TX_2026_00005731,False,None,False
TX_2026_00005732,False,None,False
TX_2026_00005733,False,None,False
TX_2026_00005734,False,None,False
TX_2026_00005735,False,None,False
TX_2026_00005736,False,None,False
TX_2026_00005737,False,None,False
TX_2026_00005738,False,None,False
TX_2026_00005739,False,None,False
TX_2026_00005740,False,None,False
TX_2026_00005741,False,None,False
TX_2026_00005742,False,None,False
TX_2026_00005743,False,None,False
TX_2026_00005744,False,None,False
TX_2026_00005745,False,None,False
TX_2026_00005746,False,None,False
TX_2026_00005747,False,None,False
TX_2026_00005748,False,None,False
TX_2026_00005749,False,None,False
TX_2026_00005750,False,None,False
TX_2026_00005751,False,None,False
TX_2026_00005752,False,None,False
TX_2026_00005753,False,None,False
TX_2026_00005754,False,None,False
TX_2026_00005755,False,None,False
TX_2026_00005756,False,None,False
TX_2026_00005757,False,None,False
TX_2026_00005758,False,None,False
TX_2026_00005759,False,None,False
TX_2026_00005760,False,None,False
TX_2026_00005761,False,None,False
TX_2026_00005762,True,HIGH_AMOUNT,True
TX_2026_00005763,False,None,False
TX_2026_00005764,False,None,False
TX_2026_00005765,False,None,False
TX_2026_00005766,False,None,False
TX_2026_00005767,False,None,False
TX_2026_00005768,False,None,False
TX_2026_00005769,False,None,False
TX_2026_00005770,False,None,False
TX_2026_00005771,False,None,False
TX_2026_00005772,False,None,False
TX_2026_00005773,False,None,False
TX_2026_00005774,False,None,False
TX_2026_00005775,False,None,False
TX_2026_00005776,False,None,False
TX_2026_00005777,False,None,False
TX_2026_00005778,False,None,False
TX_2026_00005779,False,None,False
TX_2026_00005780,False,None,False
TX_2026_00005781,False,None,False
TX_2026_00005782,False,None,False
TX_2026_00005783,False,None,False
TX_2026_00005784,False,None,False
TX_2026_00005785,False,None,False
TX_2026_00005786,False,None,False
TX_2026_00005787,False,None,False
TX_2026_00005788,False,None,False
TX_2026_00005789,False,None,False
TX_2026_00005790,False,None,False
TX_2026_00005791,False,None,False
TX_2026_00005792,False,None,False
TX_2026_00005793,False,None,False
TX_2026_00005794,False,None,False
TX_2026_00005795,False,None,False
TX_2026_00005796,False,None,False
TX_2026_00005797,False,None,False
TX_2026_00005798,False,None,False
TX_2026_00005799,False,None,False
TX_2026_00005800,False,None,False
TX_2026_00005801,False,None,False
TX_2026_00005802,False,None,False
TX_2026_00005803,False,None,False
TX_2026_00005804,False,None,False
TX_2026_00005805,False,None,False
TX_2026_00005806,False,None,False
TX_2026_00005807,False,None,False
TX_2026_00005808,False,None,False
TX_2026_00005809,False,None,False
TX_2026_00005810,False,None,False
TX_2026_00005811,False,None,False
TX_2026_00005812,False,None,False
TX_2026_00005813,False,None,False
TX_2026_00005814,False,None,False
TX_2026_00005815,False,None,False
TX_2026_00005816,False,None,False
TX_2026_00005817,False,None,False
TX_2026_00005818,False,None,False
TX_2026_00005819,False,None,False
TX_2026_00005820,False,None,False
TX_2026_00005821,False,None,False
TX_2026_00005822,False,None,False
TX_2026_00005823,False,None,False
TX_2026_00005824,False,None,False
TX_2026_00005825,False,None,False
TX_2026_00005826,False,None,False
TX_2026_00005827,False,None,False
TX_2026_00005828,False,None,False
TX_2026_00005829,False,None,False
TX_2026_00005830,False,None,False
TX_2026_00005831,False,None,False
TX_2026_00005832,False,None,False
TX_2026_00005833,False,None,False
TX_2026_00005834,False,None,False
TX_2026_00005835,False,None,False
TX_2026_00005836,False,None,False
TX_2026_00005837,False,None,False
TX_2026_00005838,True,NEW_DEVICE_BURST,False
TX_2026_00005839,False,None,False
TX_2026_00005840,False,None,False
TX_2026_00005841,False,None,False
TX_2026_00005842,False,None,False
TX_2026_00005843,False,None,False
TX_2026_00005844,False,None,False
TX_2026_00005845,False,None,False
TX_2026_00005846,False,None,False
TX_2026_00005847,False,None,False
TX_2026_00005848,False,None,False
TX_2026_00005849,False,None,False
TX_2026_00005850,False,None,False
TX_2026_00005851,False,None,False
TX_2026_00005852,False,None,False
TX_2026_00005853,False,None,False
TX_2026_00005854,False,None,False
TX_2026_00005855,False,None,False
TX_2026_00005856,False,None,False
TX_2026_00005857,False,None,False
TX_2026_00005858,False,None,False
TX_2026_00005859,False,None,False
TX_2026_00005860,False,None,False
TX_2026_00005861,False,None,False
TX_2026_00005862,False,None,False
TX_2026_00005863,False,None,False
TX_2026_00005864,False,None,False
TX_2026_00005865,False,None,False
TX_2026_00005866,False,None,False
TX_2026_00005867,False,None,False
TX_2026_00005868,False,None,False
TX_2026_00005869,False,None,False
TX_2026_00005870,False,None,False
TX_2026_00005871,False,None,False
TX_2026_00005872,False,None,False
TX_2026_00005873,False,None,False
TX_2026_00005874,False,None,False
TX_2026_00005875,False,None,False
TX_2026_00005876,False,None,False
TX_2026_00005877,False,None,False
TX_2026_00005878,False,None,False
TX_2026_00005879,False,None,False
TX_2026_00005880,False,None,False
TX_2026_00005881,False,None,False
TX_2026_00005882,False,None,False
TX_2026_00005883,False,None,False
TX_2026_00005884,True,NEW_DEVICE_BURST,True
TX_2026_00005885,False,None,False
TX_2026_00005886,False,None,False
TX_2026_00005887,False,None,False
TX_2026_00005888,False,None,False
TX_2026_00005889,False,None,False
TX_2026_00005890,False,None,False
TX_2026_00005891,False,None,False
TX_2026_00005892,False,None,False
TX_2026_00005893,False,None,False
TX_2026_00005894,False,None,False
TX_2026_00005895,False,None,False
TX_2026_00005896,False,None,False
TX_2026_00005897,False,None,False
TX_2026_00005898,False,None,False
TX_2026_00005899,False,None,False
TX_2026_00005900,False,None,False
TX_2026_00005901,False,None,False
TX_2026_00005902,False,None,False
TX_2026_00005903,False,None,False
TX_2026_00005904,False,None,False
TX_2026_00005905,False,None,False
TX_2026_00005906,False,None,False
TX_2026_00005907,False,None,False
TX_2026_00005908,False,None,False
TX_2026_00005909,False,None,False
TX_2026_00005910,False,None,False
TX_2026_00005911,False,None,False
TX_2026_00005912,False,None,False
TX_2026_00005913,False,None,False
TX_2026_00005914,True,UNUSUAL_NIGHT,True
TX_2026_00005915,False,None,False
TX_2026_00005916,False,None,False
TX_2026_00005917,False,None,False
TX_2026_00005918,False,None,False
TX_2026_00005919,False,None,False
TX_2026_00005920,False,None,False
TX_2026_00005921,False,None,False
TX_2026_00005922,False,None,False
TX_2026_00005923,False,None,False
TX_2026_00005924,False,None,False
TX_2026_00005925,False,None,False
TX_2026_00005926,False,None,False
TX_2026_00005927,False,None,False
TX_2026_00005928,False,None,False
TX_2026_00005929,True,UNUSUAL_NIGHT,True
TX_2026_00005930,False,None,False
TX_2026_00005931,False,None,False
TX_2026_00005932,False,None,False
TX_2026_00005933,False,None,False
TX_2026_00005934,False,None,False
TX_2026_00005935,False,None,False
TX_2026_00005936,False,None,False
TX_2026_00005937,False,None,False
TX_2026_00005938,False,None,False
TX_2026_00005939,False,None,False
TX_2026_00005940,False,None,False
TX_2026_00005941,False,None,False
TX_2026_00005942,False,None,False
TX_2026_00005943,False,None,False
TX_2026_00005944,False,None,False
TX_2026_00005945,False,None,False
TX_2026_00005946,False,None,False
TX_2026_00005947,False,None,False
TX_2026_00005948,False,None,False
TX_2026_00005949,False,None,False
TX_2026_00005950,False,None,False
TX_2026_00005951,False,None,False
TX_2026_00005952,False,None,False
TX_2026_00005953,False,None,False
TX_2026_00005954,False,None,False
TX_2026_00005955,False,None,False
TX_2026_00005956,False,None,False
TX_2026_00005957,False,None,False
TX_2026_00005958,False,None,False
TX_2026_00005959,False,None,False
TX_2026_00005960,False,None,False
TX_2026_00005961,False,None,False
TX_2026_00005962,False,None,False
TX_2026_00005963,False,None,False
TX_2026_00005964,False,None,False
TX_2026_00005965,False,None,False
TX_2026_00005966,False,None,False
TX_2026_00005967,False,None,False
TX_2026_00005968,False,None,False
TX_2026_00005969,False,None,False
TX_2026_00005970,False,None,False
TX_2026_00005971,False,None,False
TX_2026_00005972,False,None,False
TX_2026_00005973,False,None,False
TX_2026_00005974,False,None,False
TX_2026_00005975,False,None,False
TX_2026_00005976,False,None,False
TX_2026_00005977,False,None,False
TX_2026_00005978,False,None,False
TX_2026_00005979,False,None,False
TX_2026_00005980,False,None,False
TX_2026_00005981,False,None,False
TX_2026_00005982,False,None,False
TX_2026_00005983,False,None,False
TX_2026_00005984,False,None,False
TX_2026_00005985,False,None,False
TX_2026_00005986,False,None,False
TX_2026_00005987,False,None,False
TX_2026_00005988,False,None,False
TX_2026_00005989,False,None,False
TX_2026_00005990,False,None,False
TX_2026_00005991,False,None,False
TX_2026_00005992,True,NEW_DEVICE_BURST,True
TX_2026_00005993,False,None,False
TX_2026_00005994,False,None,False
TX_2026_00005995,False,None,False
TX_2026_00005996,False,None,False
TX_2026_00005997,False,None,False
TX_2026_00005998,False,None,False
TX_2026_00005999,False,None,False
TX_2026_00006000,False,None,False
TX_2026_00006001,False,None,False
TX_2026_00006002,False,None,False
TX_2026_00006003,False,None,False
TX_2026_00006004,False,None,False
TX_2026_00006005,False,None,False
TX_2026_00006006,False,None,False
TX_2026_00006007,False,None,False
TX_2026_00006008,False,None,False
TX_2026_00006009,False,None,False
TX_2026_00006010,False,None,False
TX_2026_00006011,False,None,False
TX_2026_00006012,False,None,False
TX_2026_00006013,False,None,False
TX_2026_00006014,False,None,False
TX_2026_00006015,False,None,False
TX_2026_00006016,False,None,False
TX_2026_00006017,False,None,False
TX_2026_00006018,False,None,False
TX_2026_00006019,False,None,False
TX_2026_00006020,False,None,False
TX_2026_00006021,False,None,False
TX_2026_00006022,False,None,False
TX_2026_00006023,False,None,False
TX_2026_00006024,False,None,False
TX_2026_00006025,False,None,False
TX_2026_00006026,False,None,False
TX_2026_00006027,False,None,False
TX_2026_00006028,False,None,False
TX_2026_00006029,False,None,False
TX_2026_00006030,False,None,False
TX_2026_00006031,False,None,False
TX_2026_00006032,False,None,False
TX_2026_00006033,False,None,False
TX_2026_00006034,False,None,False
TX_2026_00006035,False,None,False
TX_2026_00006036,False,None,False
TX_2026_00006037,False,None,False
TX_2026_00006038,False,None,False
TX_2026_00006039,False,None,False
TX_2026_00006040,False,None,False
TX_2026_00006041,False,None,False
TX_2026_00006042,False,None,False
TX_2026_00006043,False,None,False
TX_2026_00006044,False,None,False
TX_2026_00006045,False,None,False
TX_2026_00006046,False,None,False
TX_2026_00006047,False,None,False
TX_2026_00006048,False,None,False
TX_2026_00006049,False,None,False
TX_2026_00006050,False,None,False
TX_2026_00006051,False,None,False
TX_2026_00006052,False,None,False
TX_2026_00006053,False,None,False
TX_2026_00006054,False,None,False
TX_2026_00006055,False,None,False
TX_2026_00006056,False,None,False
TX_2026_00006057,False,None,False
TX_2026_00006058,False,None,False
TX_2026_00006059,False,None,False
TX_2026_00006060,False,None,False
TX_2026_00006061,False,None,False
TX_2026_00006062,False,None,False
TX_2026_00006063,False,None,False
TX_2026_00006064,True,UNUSUAL_NIGHT,True
TX_2026_00006065,False,None,False
TX_2026_00006066,False,None,False
TX_2026_00006067,False,None,False
TX_2026_00006068,False,None,False
TX_2026_00006069,False,None,False
TX_2026_00006070,False,None,False
TX_2026_00006071,False,None,False
TX_2026_00006072,False,None,False
TX_2026_00006073,False,None,False
TX_2026_00006074,False,None,False
TX_2026_00006075,False,None,False
TX_2026_00006076,False,None,False
TX_2026_00006077,False,None,False
TX_2026_00006078,False,None,False
TX_2026_00006079,False,None,False
TX_2026_00006080,False,None,False
TX_2026_00006081,False,None,False
TX_2026_00006082,False,None,False
TX_2026_00006083,False,None,False
TX_2026_00006084,False,None,False
TX_2026_00006085,False,None,False
TX_2026_00006086,False,None,False
TX_2026_00006087,False,None,False
TX_2026_00006088,False,None,False
TX_2026_00006089,False,None,False
TX_2026_00006090,False,None,False
TX_2026_00006091,False,None,False
TX_2026_00006092,False,None,False
TX_2026_00006093,False,None,False
TX_2026_00006094,False,None,False
TX_2026_00006095,False,None,False
TX_2026_00006096,False,None,False
TX_2026_00006097,False,None,False
TX_2026_00006098,False,None,False
TX_2026_00006099,False,None,False
TX_2026_00006100,False,None,False
TX_2026_00006101,False,None,False
TX_2026_00006102,False,None,False
TX_2026_00006103,False,None,False
TX_2026_00006104,False,None,False
TX_2026_00006105,False,None,False
TX_2026_00006106,False,None,False
TX_2026_00006107,False,None,False
TX_2026_00006108,False,None,False
TX_2026_00006109,False,None,False
TX_2026_00006110,False,None,False
TX_2026_00006111,False,None,False
TX_2026_00006112,False,None,False
TX_2026_00006113,False,None,False
TX_2026_00006114,False,None,False
TX_2026_00006115,False,None,False
TX_2026_00006116,False,None,False
TX_2026_00006117,False,None,False
TX_2026_00006118,False,None,False
TX_2026_00006119,False,None,False
TX_2026_00006120,False,None,False
TX_2026_00006121,False,None,False
TX_2026_00006122,False,None,False
TX_2026_00006123,False,None,False
TX_2026_00006124,False,None,False
TX_2026_00006125,False,None,False
TX_2026_00006126,False,None,False
TX_2026_00006127,False,None,False
TX_2026_00006128,False,None,False
TX_2026_00006129,False,None,False
TX_2026_00006130,False,None,False
TX_2026_00006131,False,None,False
TX_2026_00006132,False,None,False
TX_2026_00006133,False,None,False
TX_2026_00006134,False,None,False
TX_2026_00006135,False,None,False
TX_2026_00006136,False,None,False
TX_2026_00006137,False,None,False
TX_2026_00006138,False,None,False
TX_2026_00006139,False,None,False
TX_2026_00006140,False,None,False
TX_2026_00006141,False,None,False
TX_2026_00006142,False,None,False
TX_2026_00006143,False,None,False
TX_2026_00006144,False,None,False
TX_2026_00006145,False,None,False
TX_2026_00006146,False,None,False
TX_2026_00006147,True,NEW_FOREIGN_LOCATION,True
TX_2026_00006148,False,None,False
TX_2026_00006149,False,None,False
TX_2026_00006150,False,None,False
TX_2026_00006151,False,None,False
TX_2026_00006152,False,None,False
TX_2026_00006153,False,None,False
TX_2026_00006154,True,NEW_FOREIGN_LOCATION,True
TX_2026_00006155,False,None,False
TX_2026_00006156,False,None,False
TX_2026_00006157,False,None,False
TX_2026_00006158,False,None,False
TX_2026_00006159,False,None,False
TX_2026_00006160,False,None,False
TX_2026_00006161,True,UNUSUAL_NIGHT,True
TX_2026_00006162,False,None,False
TX_2026_00006163,False,None,False
TX_2026_00006164,False,None,False
TX_2026_00006165,False,None,False
TX_2026_00006166,False,None,False
TX_2026_00006167,False,None,False
TX_2026_00006168,False,None,False
TX_2026_00006169,False,None,False
TX_2026_00006170,False,None,False
TX_2026_00006171,False,None,False
TX_2026_00006172,False,None,False
TX_2026_00006173,False,None,False
TX_2026_00006174,False,None,False
TX_2026_00006175,False,None,False
TX_2026_00006176,False,None,False
TX_2026_00006177,False,None,False
TX_2026_00006178,False,None,False
TX_2026_00006179,False,None,False
TX_2026_00006180,False,None,False
TX_2026_00006181,False,None,False
TX_2026_00006182,False,None,False
TX_2026_00006183,False,None,False
TX_2026_00006184,False,None,False
TX_2026_00006185,False,None,False
TX_2026_00006186,False,None,False
TX_2026_00006187,False,None,False
TX_2026_00006188,False,None,False
TX_2026_00006189,False,None,False
TX_2026_00006190,False,None,False
TX_2026_00006191,False,None,False
TX_2026_00006192,False,None,False
TX_2026_00006193,False,None,False
TX_2026_00006194,False,None,False
TX_2026_00006195,False,None,False
TX_2026_00006196,False,None,False
TX_2026_00006197,False,None,False
TX_2026_00006198,False,None,False
TX_2026_00006199,False,None,False
TX_2026_00006200,False,None,False
TX_2026_00006201,False,None,False
TX_2026_00006202,False,None,False
TX_2026_00006203,False,None,False
TX_2026_00006204,False,None,False
TX_2026_00006205,False,None,False
TX_2026_00006206,False,None,False
TX_2026_00006207,False,None,False
TX_2026_00006208,False,None,False
TX_2026_00006209,False,None,False
TX_2026_00006210,False,None,False
TX_2026_00006211,False,None,False
TX_2026_00006212,False,None,False
TX_2026_00006213,False,None,False
TX_2026_00006214,False,None,False
TX_2026_00006215,False,None,False
TX_2026_00006216,False,None,False
TX_2026_00006217,False,None,False
TX_2026_00006218,False,None,False
TX_2026_00006219,False,None,False
TX_2026_00006220,False,None,False
TX_2026_00006221,False,None,False
TX_2026_00006222,False,None,False
TX_2026_00006223,False,None,False
TX_2026_00006224,False,None,False
TX_2026_00006225,False,None,False
TX_2026_00006226,False,None,False
TX_2026_00006227,False,None,False
TX_2026_00006228,True,NEW_DEVICE_BURST,True
TX_2026_00006229,False,None,False
TX_2026_00006230,False,None,False
TX_2026_00006231,False,None,False
TX_2026_00006232,False,None,False
TX_2026_00006233,False,None,False
TX_2026_00006234,False,None,False
TX_2026_00006235,False,None,False
TX_2026_00006236,False,None,False
TX_2026_00006237,False,None,False
TX_2026_00006238,False,None,False
TX_2026_00006239,False,None,False
TX_2026_00006240,False,None,False
TX_2026_00006241,False,None,False
TX_2026_00006242,False,None,False
TX_2026_00006243,False,None,False
TX_2026_00006244,False,None,False
TX_2026_00006245,False,None,False
TX_2026_00006246,False,None,False
TX_2026_00006247,False,None,False
TX_2026_00006248,False,None,False
TX_2026_00006249,False,None,False
TX_2026_00006250,False,None,False
TX_2026_00006251,False,None,False
TX_2026_00006252,False,None,False
TX_2026_00006253,False,None,False
TX_2026_00006254,False,None,False
TX_2026_00006255,False,None,False
TX_2026_00006256,False,None,False
TX_2026_00006257,False,None,False
TX_2026_00006258,False,None,False
TX_2026_00006259,False,None,False
TX_2026_00006260,False,None,False
TX_2026_00006261,False,None,False
TX_2026_00006262,False,None,False
TX_2026_00006263,False,None,False
TX_2026_00006264,False,None,False
TX_2026_00006265,False,None,False
TX_2026_00006266,False,None,False
TX_2026_00006267,False,None,False
TX_2026_00006268,False,None,False
TX_2026_00006269,False,None,False
TX_2026_00006270,False,None,False
TX_2026_00006271,False,None,False
TX_2026_00006272,False,None,False
TX_2026_00006273,False,None,False
TX_2026_00006274,False,None,False
TX_2026_00006275,False,None,False
TX_2026_00006276,True,NEW_DEVICE_BURST,True
TX_2026_00006277,False,None,False
TX_2026_00006278,False,None,False
TX_2026_00006279,False,None,False
TX_2026_00006280,False,None,False
TX_2026_00006281,False,None,False
TX_2026_00006282,False,None,False
TX_2026_00006283,False,None,False
TX_2026_00006284,False,None,False
TX_2026_00006285,False,None,False
TX_2026_00006286,False,None,False
TX_2026_00006287,False,None,False
TX_2026_00006288,False,None,False
TX_2026_00006289,False,None,False
TX_2026_00006290,False,None,False
TX_2026_00006291,False,None,False
TX_2026_00006292,False,None,False
TX_2026_00006293,False,None,False
TX_2026_00006294,False,None,False
TX_2026_00006295,True,UNUSUAL_NIGHT,False
TX_2026_00006296,False,None,False
TX_2026_00006297,False,None,False
TX_2026_00006298,False,None,False
TX_2026_00006299,False,None,False
TX_2026_00006300,False,None,False
TX_2026_00006301,False,None,False
TX_2026_00006302,False,None,False
TX_2026_00006303,False,None,False
TX_2026_00006304,False,None,False
TX_2026_00006305,False,None,False
TX_2026_00006306,False,None,False
TX_2026_00006307,False,None,False
TX_2026_00006308,False,None,False
TX_2026_00006309,False,None,False
TX_2026_00006310,False,None,False
TX_2026_00006311,False,None,False
TX_2026_00006312,False,None,False
TX_2026_00006313,False,None,False
TX_2026_00006314,False,None,False
TX_2026_00006315,False,None,False
TX_2026_00006316,False,None,False
TX_2026_00006317,False,None,False
TX_2026_00006318,False,None,False
TX_2026_00006319,False,None,False
TX_2026_00006320,False,None,False
TX_2026_00006321,False,None,False
TX_2026_00006322,False,None,False
TX_2026_00006323,False,None,False
TX_2026_00006324,False,None,False
TX_2026_00006325,False,None,False
TX_2026_00006326,False,None,False
TX_2026_00006327,False,None,False
TX_2026_00006328,False,None,False
TX_2026_00006329,True,HIGH_AMOUNT,True
TX_2026_00006330,False,None,False
TX_2026_00006331,False,None,False
TX_2026_00006332,False,None,False
TX_2026_00006333,False,None,False
TX_2026_00006334,True,HIGH_AMOUNT,True
TX_2026_00006335,False,None,False
TX_2026_00006336,False,None,False
TX_2026_00006337,False,None,False
TX_2026_00006338,False,None,False
TX_2026_00006339,False,None,False
TX_2026_00006340,False,None,False
TX_2026_00006341,False,None,False
TX_2026_00006342,False,None,False
TX_2026_00006343,False,None,False
TX_2026_00006344,False,None,False
TX_2026_00006345,False,None,False
TX_2026_00006346,False,None,False
TX_2026_00006347,False,None,False
TX_2026_00006348,False,None,False
TX_2026_00006349,False,None,False
TX_2026_00006350,False,None,False
TX_2026_00006351,False,None,False
TX_2026_00006352,False,None,False
TX_2026_00006353,False,None,False
TX_2026_00006354,False,None,False
TX_2026_00006355,False,None,False
TX_2026_00006356,False,None,False
TX_2026_00006357,False,None,False
TX_2026_00006358,False,None,False
TX_2026_00006359,False,None,False
TX_2026_00006360,True,NEW_DEVICE_BURST,True
TX_2026_00006361,False,None,False
TX_2026_00006362,False,None,False
TX_2026_00006363,False,None,False
TX_2026_00006364,False,None,False
TX_2026_00006365,False,None,False
TX_2026_00006366,False,None,False
TX_2026_00006367,False,None,False
TX_2026_00006368,False,None,False
TX_2026_00006369,False,None,False
TX_2026_00006370,False,None,False
TX_2026_00006371,False,None,False
TX_2026_00006372,False,None,False
TX_2026_00006373,False,None,False
TX_2026_00006374,False,None,False
TX_2026_00006375,False,None,False
TX_2026_00006376,False,None,False
TX_2026_00006377,False,None,False
TX_2026_00006378,False,None,False
TX_2026_00006379,False,None,False
TX_2026_00006380,False,None,False
TX_2026_00006381,False,None,False
TX_2026_00006382,False,None,False
TX_2026_00006383,False,None,False
TX_2026_00006384,False,None,False
TX_2026_00006385,False,None,False
TX_2026_00006386,False,None,False
TX_2026_00006387,False,None,False
TX_2026_00006388,False,None,False
TX_2026_00006389,False,None,False
TX_2026_00006390,False,None,False
TX_2026_00006391,True,NEW_DEVICE_BURST,True
TX_2026_00006392,False,None,False
TX_2026_00006393,False,None,False
TX_2026_00006394,False,None,False
TX_2026_00006395,False,None,False
TX_2026_00006396,False,None,False
TX_2026_00006397,False,None,False
TX_2026_00006398,False,None,False
TX_2026_00006399,False,None,False
TX_2026_00006400,False,None,False
TX_2026_00006401,False,None,False
TX_2026_00006402,False,None,False
TX_2026_00006403,False,None,False
TX_2026_00006404,False,None,False
TX_2026_00006405,False,None,False
TX_2026_00006406,False,None,False
TX_2026_00006407,False,None,False
TX_2026_00006408,False,None,False
TX_2026_00006409,False,None,False
TX_2026_00006410,False,None,False
TX_2026_00006411,False,None,False
TX_2026_00006412,False,None,False
TX_2026_00006413,False,None,False
TX_2026_00006414,False,None,False
TX_2026_00006415,False,None,False
TX_2026_00006416,False,None,False
TX_2026_00006417,False,None,False
TX_2026_00006418,False,None,False
TX_2026_00006419,False,None,False
TX_2026_00006420,False,None,False
TX_2026_00006421,False,None,False
TX_2026_00006422,False,None,False
TX_2026_00006423,False,None,False
TX_2026_00006424,False,None,False
TX_2026_00006425,False,None,False
TX_2026_00006426,False,None,False
TX_2026_00006427,False,None,False
TX_2026_00006428,False,None,False
TX_2026_00006429,False,None,False
TX_2026_00006430,False,None,False
TX_2026_00006431,False,None,False
TX_2026_00006432,False,None,False
TX_2026_00006433,False,None,False
TX_2026_00006434,False,None,False
TX_2026_00006435,False,None,False
TX_2026_00006436,False,None,False
TX_2026_00006437,False,None,False
TX_2026_00006438,False,None,False
TX_2026_00006439,False,None,False
TX_2026_00006440,False,None,False
TX_2026_00006441,False,None,False
TX_2026_00006442,False,None,False
TX_2026_00006443,False,None,False
TX_2026_00006444,False,None,False
TX_2026_00006445,False,None,False
TX_2026_00006446,False,None,False
TX_2026_00006447,False,None,False
TX_2026_00006448,False,None,False
TX_2026_00006449,False,None,False
TX_2026_00006450,False,None,False
TX_2026_00006451,False,None,False
TX_2026_00006452,False,None,False
TX_2026_00006453,False,None,False
TX_2026_00006454,False,None,False
TX_2026_00006455,False,None,False
TX_2026_00006456,False,None,False
TX_2026_00006457,False,None,False
TX_2026_00006458,False,None,False
TX_2026_00006459,False,None,False
TX_2026_00006460,False,None,False
TX_2026_00006461,False,None,False
TX_2026_00006462,False,None,False
TX_2026_00006463,False,None,False
TX_2026_00006464,False,None,False
TX_2026_00006465,False,None,False
TX_2026_00006466,False,None,False
TX_2026_00006467,False,None,False
TX_2026_00006468,False,None,False
TX_2026_00006469,False,None,False
TX_2026_00006470,False,None,False
TX_2026_00006471,False,None,False
TX_2026_00006472,False,None,False
TX_2026_00006473,False,None,False
TX_2026_00006474,False,None,False
TX_2026_00006475,False,None,False
TX_2026_00006476,False,None,False
TX_2026_00006477,False,None,False
TX_2026_00006478,False,None,False
TX_2026_00006479,False,None,False
TX_2026_00006480,False,None,False
TX_2026_00006481,False,None,False
TX_2026_00006482,False,None,False
TX_2026_00006483,False,None,False
TX_2026_00006484,False,None,False
TX_2026_00006485,False,None,False
TX_2026_00006486,False,None,False
TX_2026_00006487,False,None,False
TX_2026_00006488,False,None,False
TX_2026_00006489,False,None,False
TX_2026_00006490,False,None,False
TX_2026_00006491,True,NEW_DEVICE_BURST,True
TX_2026_00006492,False,None,False
TX_2026_00006493,False,None,False
TX_2026_00006494,False,None,False
TX_2026_00006495,False,None,False
TX_2026_00006496,False,None,False
TX_2026_00006497,False,None,False
TX_2026_00006498,False,None,False
TX_2026_00006499,False,None,False
TX_2026_00006500,False,None,False
TX_2026_00006501,False,None,False
TX_2026_00006502,False,None,False
TX_2026_00006503,False,None,False
TX_2026_00006504,False,None,False
TX_2026_00006505,False,None,False
TX_2026_00006506,False,None,False
TX_2026_00006507,False,None,False
TX_2026_00006508,False,None,False
TX_2026_00006509,False,None,False
TX_2026_00006510,False,None,False
TX_2026_00006511,False,None,False
TX_2026_00006512,False,None,False
TX_2026_00006513,False,None,False
TX_2026_00006514,False,None,False
TX_2026_00006515,False,None,False
TX_2026_00006516,False,None,False
TX_2026_00006517,False,None,False
TX_2026_00006518,False,None,False
TX_2026_00006519,False,None,False
TX_2026_00006520,False,None,False
TX_2026_00006521,False,None,False
TX_2026_00006522,False,None,False
TX_2026_00006523,False,None,False
TX_2026_00006524,False,None,False
TX_2026_00006525,False,None,False
TX_2026_00006526,False,None,False
TX_2026_00006527,False,None,False
TX_2026_00006528,False,None,False
TX_2026_00006529,False,None,False
TX_2026_00006530,False,None,False
TX_2026_00006531,False,None,False
TX_2026_00006532,False,None,False
TX_2026_00006533,False,None,False
TX_2026_00006534,False,None,False
TX_2026_00006535,False,None,False
TX_2026_00006536,False,None,False
TX_2026_00006537,False,None,False
TX_2026_00006538,False,None,False
TX_2026_00006539,False,None,False
TX_2026_00006540,False,None,False
TX_2026_00006541,False,None,False
TX_2026_00006542,False,None,False
TX_2026_00006543,False,None,False
TX_2026_00006544,False,None,False
TX_2026_00006545,False,None,False
TX_2026_00006546,False,None,False
TX_2026_00006547,False,None,False
TX_2026_00006548,False,None,False
TX_2026_00006549,False,None,False
TX_2026_00006550,False,None,False
TX_2026_00006551,False,None,False
TX_2026_00006552,False,None,False
TX_2026_00006553,False,None,False
TX_2026_00006554,False,None,False
TX_2026_00006555,False,None,False
TX_2026_00006556,False,None,False
TX_2026_00006557,False,None,False
TX_2026_00006558,False,None,False
TX_2026_00006559,False,None,False
TX_2026_00006560,False,None,False
TX_2026_00006561,False,None,False
TX_2026_00006562,False,None,False
TX_2026_00006563,False,None,False
TX_2026_00006564,False,None,False
TX_2026_00006565,False,None,False
TX_2026_00006566,False,None,False
TX_2026_00006567,False,None,False
TX_2026_00006568,False,None,False
TX_2026_00006569,False,None,False
TX_2026_00006570,False,None,False
TX_2026_00006571,False,None,False
TX_2026_00006572,False,None,False
TX_2026_00006573,False,None,False
TX_2026_00006574,False,None,False
TX_2026_00006575,False,None,False
TX_2026_00006576,False,None,False
TX_2026_00006577,False,None,False
TX_2026_00006578,False,None,False
TX_2026_00006579,False,None,False
TX_2026_00006580,False,None,False
TX_2026_00006581,False,None,False
TX_2026_00006582,False,None,False
TX_2026_00006583,False,None,False
TX_2026_00006584,False,None,False
TX_2026_00006585,False,None,False
TX_2026_00006586,False,None,False
TX_2026_00006587,False,None,False
TX_2026_00006588,False,None,False
TX_2026_00006589,False,None,False
TX_2026_00006590,False,None,False
TX_2026_00006591,False,None,False
TX_2026_00006592,False,None,False
TX_2026_00006593,False,None,False
TX_2026_00006594,False,None,False
TX_2026_00006595,False,None,False
TX_2026_00006596,False,None,False
TX_2026_00006597,False,None,False
TX_2026_00006598,False,None,False
TX_2026_00006599,False,None,False
TX_2026_00006600,False,None,False
TX_2026_00006601,False,None,False
TX_2026_00006602,False,None,False
TX_2026_00006603,False,None,False
TX_2026_00006604,True,UNUSUAL_NIGHT,True
TX_2026_00006605,True,NEW_FOREIGN_LOCATION,True
TX_2026_00006606,False,None,False
TX_2026_00006607,False,None,False
TX_2026_00006608,False,None,False
TX_2026_00006609,False,None,False
TX_2026_00006610,False,None,False
TX_2026_00006611,False,None,False
TX_2026_00006612,False,None,False
TX_2026_00006613,False,None,False
TX_2026_00006614,False,None,False
TX_2026_00006615,False,None,False
TX_2026_00006616,False,None,False
TX_2026_00006617,True,NEW_FOREIGN_LOCATION,True
TX_2026_00006618,False,None,False
TX_2026_00006619,False,None,False
TX_2026_00006620,False,None,False
TX_2026_00006621,False,None,False
TX_2026_00006622,False,None,False
TX_2026_00006623,False,None,False
TX_2026_00006624,False,None,False
TX_2026_00006625,False,None,False
TX_2026_00006626,False,None,False
TX_2026_00006627,False,None,False
TX_2026_00006628,False,None,False
TX_2026_00006629,False,None,False
TX_2026_00006630,False,None,False
TX_2026_00006631,False,None,False
TX_2026_00006632,False,None,False
TX_2026_00006633,False,None,False
TX_2026_00006634,False,None,False
TX_2026_00006635,False,None,False
TX_2026_00006636,False,None,False
TX_2026_00006637,False,None,False
TX_2026_00006638,False,None,False
TX_2026_00006639,False,None,False
TX_2026_00006640,False,None,False
TX_2026_00006641,False,None,False
TX_2026_00006642,False,None,False
TX_2026_00006643,False,None,False
TX_2026_00006644,False,None,False
TX_2026_00006645,False,None,False
TX_2026_00006646,False,None,False
TX_2026_00006647,False,None,False
TX_2026_00006648,False,None,False
TX_2026_00006649,False,None,False
TX_2026_00006650,False,None,False
TX_2026_00006651,False,None,False
TX_2026_00006652,False,None,False
TX_2026_00006653,False,None,False
TX_2026_00006654,False,None,False
TX_2026_00006655,False,None,False
TX_2026_00006656,False,None,False
TX_2026_00006657,False,None,False
TX_2026_00006658,False,None,False
TX_2026_00006659,False,None,False
TX_2026_00006660,False,None,False
TX_2026_00006661,False,None,False
TX_2026_00006662,False,None,False
TX_2026_00006663,False,None,False
TX_2026_00006664,False,None,False
TX_2026_00006665,False,None,False
TX_2026_00006666,False,None,False
TX_2026_00006667,False,None,False
TX_2026_00006668,False,None,False
TX_2026_00006669,False,None,False
TX_2026_00006670,False,None,False
TX_2026_00006671,False,None,False
TX_2026_00006672,False,None,False
TX_2026_00006673,False,None,False
TX_2026_00006674,False,None,False
TX_2026_00006675,False,None,False
TX_2026_00006676,False,None,False
TX_2026_00006677,False,None,False
TX_2026_00006678,False,None,False
TX_2026_00006679,False,None,False
TX_2026_00006680,False,None,False
TX_2026_00006681,False,None,False
TX_2026_00006682,False,None,False
TX_2026_00006683,False,None,False
TX_2026_00006684,False,None,False
TX_2026_00006685,False,None,False
TX_2026_00006686,False,None,False
TX_2026_00006687,False,None,False
TX_2026_00006688,False,None,False
TX_2026_00006689,False,None,False
TX_2026_00006690,False,None,False
TX_2026_00006691,False,None,False
TX_2026_00006692,False,None,False
TX_2026_00006693,False,None,False
TX_2026_00006694,False,None,False
TX_2026_00006695,False,None,False
TX_2026_00006696,False,None,False
TX_2026_00006697,False,None,False
TX_2026_00006698,False,None,False
TX_2026_00006699,False,None,False
TX_2026_00006700,False,None,False
TX_2026_00006701,False,None,False
TX_2026_00006702,False,None,False
TX_2026_00006703,False,None,False
TX_2026_00006704,False,None,False
TX_2026_00006705,False,None,False
TX_2026_00006706,False,None,False
TX_2026_00006707,False,None,False
TX_2026_00006708,False,None,False
TX_2026_00006709,False,None,False
TX_2026_00006710,False,None,False
TX_2026_00006711,False,None,False
TX_2026_00006712,False,None,False
TX_2026_00006713,False,None,False
TX_2026_00006714,False,None,False
TX_2026_00006715,False,None,False
TX_2026_00006716,False,None,False
TX_2026_00006717,False,None,False
TX_2026_00006718,False,None,False
TX_2026_00006719,False,None,False
TX_2026_00006720,False,None,False
TX_2026_00006721,False,None,False
TX_2026_00006722,False,None,False
TX_2026_00006723,False,None,False
TX_2026_00006724,True,NEW_DEVICE_BURST,False
TX_2026_00006725,False,None,False
TX_2026_00006726,False,None,False
TX_2026_00006727,False,None,False
TX_2026_00006728,False,None,False
TX_2026_00006729,False,None,False
TX_2026_00006730,False,None,False
TX_2026_00006731,False,None,False
TX_2026_00006732,False,None,False
TX_2026_00006733,False,None,False
TX_2026_00006734,False,None,False
TX_2026_00006735,False,None,False
TX_2026_00006736,False,None,False
TX_2026_00006737,False,None,False
TX_2026_00006738,False,None,False
TX_2026_00006739,False,None,False
TX_2026_00006740,False,None,False
TX_2026_00006741,False,None,False
TX_2026_00006742,False,None,False
TX_2026_00006743,False,None,False
TX_2026_00006744,False,None,False
TX_2026_00006745,False,None,False
TX_2026_00006746,False,None,False
TX_2026_00006747,True,NEW_FOREIGN_LOCATION,True
TX_2026_00006748,False,None,False
TX_2026_00006749,False,None,False
TX_2026_00006750,False,None,False
TX_2026_00006751,False,None,False
TX_2026_00006752,False,None,False
TX_2026_00006753,False,None,False
TX_2026_00006754,False,None,False
TX_2026_00006755,False,None,False
TX_2026_00006756,False,None,False
TX_2026_00006757,False,None,False
TX_2026_00006758,False,None,False
TX_2026_00006759,False,None,False
TX_2026_00006760,False,None,False
TX_2026_00006761,False,None,False
TX_2026_00006762,False,None,False
TX_2026_00006763,False,None,False
TX_2026_00006764,False,None,False
TX_2026_00006765,False,None,False
TX_2026_00006766,False,None,False
TX_2026_00006767,False,None,False
TX_2026_00006768,False,None,False
TX_2026_00006769,False,None,False
TX_2026_00006770,False,None,False
TX_2026_00006771,False,None,False
TX_2026_00006772,False,None,False
TX_2026_00006773,False,None,False
TX_2026_00006774,False,None,False
TX_2026_00006775,False,None,False
TX_2026_00006776,False,None,False
TX_2026_00006777,False,None,False
TX_2026_00006778,False,None,False
TX_2026_00006779,False,None,False
TX_2026_00006780,False,None,False
TX_2026_00006781,False,None,False
TX_2026_00006782,False,None,False
TX_2026_00006783,False,None,False
TX_2026_00006784,False,None,False
TX_2026_00006785,False,None,False
TX_2026_00006786,True,NEW_DEVICE_BURST,True
TX_2026_00006787,False,None,False
TX_2026_00006788,False,None,False
TX_2026_00006789,False,None,False
TX_2026_00006790,False,None,False
TX_2026_00006791,False,None,False
TX_2026_00006792,False,None,False
TX_2026_00006793,False,None,False
TX_2026_00006794,False,None,False
TX_2026_00006795,False,None,False
TX_2026_00006796,False,None,False
TX_2026_00006797,False,None,False
TX_2026_00006798,False,None,False
TX_2026_00006799,False,None,False
TX_2026_00006800,False,None,False
TX_2026_00006801,False,None,False
TX_2026_00006802,False,None,False
TX_2026_00006803,False,None,False
TX_2026_00006804,False,None,False
TX_2026_00006805,False,None,False
TX_2026_00006806,False,None,False
TX_2026_00006807,False,None,False
TX_2026_00006808,False,None,False
TX_2026_00006809,False,None,False
TX_2026_00006810,False,None,False
TX_2026_00006811,False,None,False
TX_2026_00006812,False,None,False
TX_2026_00006813,False,None,False
TX_2026_00006814,False,None,False
TX_2026_00006815,False,None,False
TX_2026_00006816,False,None,False
TX_2026_00006817,False,None,False
TX_2026_00006818,False,None,False
TX_2026_00006819,False,None,False
TX_2026_00006820,False,None,False
TX_2026_00006821,True,NEW_DEVICE_BURST,True
TX_2026_00006822,False,None,False
TX_2026_00006823,False,None,False
TX_2026_00006824,False,None,False
TX_2026_00006825,False,None,False
TX_2026_00006826,False,None,False
TX_2026_00006827,True,NEW_DEVICE_BURST,True
TX_2026_00006828,False,None,False
TX_2026_00006829,False,None,False
TX_2026_00006830,False,None,False
TX_2026_00006831,False,None,False
TX_2026_00006832,False,None,False
TX_2026_00006833,False,None,False
TX_2026_00006834,False,None,False
TX_2026_00006835,False,None,False
TX_2026_00006836,False,None,False
TX_2026_00006837,False,None,False
TX_2026_00006838,False,None,False
TX_2026_00006839,False,None,False
TX_2026_00006840,False,None,False
TX_2026_00006841,False,None,False
TX_2026_00006842,False,None,False
TX_2026_00006843,False,None,False
TX_2026_00006844,False,None,False
TX_2026_00006845,False,None,False
TX_2026_00006846,False,None,False
TX_2026_00006847,False,None,False
TX_2026_00006848,False,None,False
TX_2026_00006849,False,None,False
TX_2026_00006850,False,None,False
TX_2026_00006851,False,None,False
TX_2026_00006852,False,None,False
TX_2026_00006853,False,None,False
TX_2026_00006854,False,None,False
TX_2026_00006855,False,None,False
TX_2026_00006856,False,None,False
TX_2026_00006857,False,None,False
TX_2026_00006858,False,None,False
TX_2026_00006859,False,None,False
TX_2026_00006860,False,None,False
TX_2026_00006861,False,None,False
TX_2026_00006862,False,None,False
TX_2026_00006863,False,None,False
TX_2026_00006864,False,None,False
TX_2026_00006865,False,None,False
TX_2026_00006866,False,None,False
TX_2026_00006867,False,None,False
TX_2026_00006868,False,None,False
TX_2026_00006869,False,None,False
TX_2026_00006870,False,None,False
TX_2026_00006871,False,None,False
TX_2026_00006872,False,None,False
TX_2026_00006873,False,None,False
TX_2026_00006874,False,None,False
TX_2026_00006875,True,UNUSUAL_NIGHT,False
TX_2026_00006876,False,None,False
TX_2026_00006877,False,None,False
TX_2026_00006878,False,None,False
TX_2026_00006879,False,None,False
TX_2026_00006880,False,None,False
TX_2026_00006881,False,None,False
TX_2026_00006882,False,None,False
TX_2026_00006883,False,None,False
TX_2026_00006884,False,None,False
TX_2026_00006885,False,None,False
TX_2026_00006886,False,None,False
TX_2026_00006887,False,None,False
TX_2026_00006888,False,None,False
TX_2026_00006889,False,None,False
TX_2026_00006890,False,None,False
TX_2026_00006891,False,None,False
TX_2026_00006892,False,None,False
TX_2026_00006893,False,None,False
TX_2026_00006894,False,None,False
TX_2026_00006895,False,None,False
TX_2026_00006896,False,None,False
TX_2026_00006897,False,None,False
TX_2026_00006898,False,None,False
TX_2026_00006899,False,None,False
TX_2026_00006900,False,None,False
TX_2026_00006901,False,None,False
TX_2026_00006902,False,None,False
TX_2026_00006903,False,None,False
TX_2026_00006904,False,None,False
TX_2026_00006905,False,None,False
TX_2026_00006906,False,None,False
TX_2026_00006907,False,None,False
TX_2026_00006908,False,None,False
TX_2026_00006909,False,None,False
TX_2026_00006910,False,None,False
TX_2026_00006911,False,None,False
TX_2026_00006912,False,None,False
TX_2026_00006913,False,None,False
TX_2026_00006914,False,None,False
TX_2026_00006915,False,None,False
TX_2026_00006916,False,None,False
TX_2026_00006917,False,None,False
TX_2026_00006918,False,None,False
TX_2026_00006919,False,None,False
TX_2026_00006920,False,None,False
TX_2026_00006921,False,None,False
TX_2026_00006922,False,None,False
TX_2026_00006923,False,None,False
TX_2026_00006924,False,None,False
TX_2026_00006925,False,None,False
TX_2026_00006926,False,None,False
TX_2026_00006927,False,None,False
TX_2026_00006928,False,None,False
TX_2026_00006929,False,None,False
TX_2026_00006930,False,None,False
TX_2026_00006931,False,None,False
TX_2026_00006932,False,None,False
TX_2026_00006933,False,None,False
TX_2026_00006934,False,None,False
TX_2026_00006935,False,None,False
TX_2026_00006936,False,None,False
TX_2026_00006937,False,None,False
TX_2026_00006938,False,None,False
TX_2026_00006939,False,None,False
TX_2026_00006940,False,None,False
TX_2026_00006941,False,None,False
TX_2026_00006942,True,HIGH_AMOUNT,True
TX_2026_00006943,False,None,False
TX_2026_00006944,False,None,False
TX_2026_00006945,False,None,False
TX_2026_00006946,False,None,False
TX_2026_00006947,False,None,False
TX_2026_00006948,False,None,False
TX_2026_00006949,False,None,False
TX_2026_00006950,False,None,False
TX_2026_00006951,False,None,False
TX_2026_00006952,False,None,False
TX_2026_00006953,False,None,False
TX_2026_00006954,False,None,False
TX_2026_00006955,False,None,False
TX_2026_00006956,False,None,False
TX_2026_00006957,True,UNUSUAL_NIGHT,True
TX_2026_00006958,False,None,False
TX_2026_00006959,False,None,False
TX_2026_00006960,False,None,False
TX_2026_00006961,False,None,False
TX_2026_00006962,False,None,False
TX_2026_00006963,False,None,False
TX_2026_00006964,False,None,False
TX_2026_00006965,False,None,False
TX_2026_00006966,False,None,False
TX_2026_00006967,False,None,False
TX_2026_00006968,False,None,False
TX_2026_00006969,False,None,False
TX_2026_00006970,False,None,False
TX_2026_00006971,False,None,False
TX_2026_00006972,False,None,False
TX_2026_00006973,False,None,False
TX_2026_00006974,False,None,False
TX_2026_00006975,False,None,False
TX_2026_00006976,False,None,False
TX_2026_00006977,False,None,False
TX_2026_00006978,False,None,False
TX_2026_00006979,False,None,False
TX_2026_00006980,False,None,False
TX_2026_00006981,False,None,False
TX_2026_00006982,False,None,False
TX_2026_00006983,False,None,False
TX_2026_00006984,False,None,False
TX_2026_00006985,False,None,False
TX_2026_00006986,False,None,False
TX_2026_00006987,False,None,False
TX_2026_00006988,False,None,False
TX_2026_00006989,False,None,False
TX_2026_00006990,False,None,False
TX_2026_00006991,False,None,False
TX_2026_00006992,False,None,False
TX_2026_00006993,False,None,False
TX_2026_00006994,False,None,False
TX_2026_00006995,False,None,False
TX_2026_00006996,False,None,False
TX_2026_00006997,False,None,False
TX_2026_00006998,False,None,False
TX_2026_00006999,False,None,False
TX_2026_00007000,False,None,False
TX_2026_00007001,False,None,False
TX_2026_00007002,False,None,False
TX_2026_00007003,False,None,False
TX_2026_00007004,False,None,False
TX_2026_00007005,False,None,False
TX_2026_00007006,False,None,False
TX_2026_00007007,False,None,False
TX_2026_00007008,False,None,False
TX_2026_00007009,False,None,False
TX_2026_00007010,False,None,False
TX_2026_00007011,False,None,False
TX_2026_00007012,False,None,False
TX_2026_00007013,False,None,False
TX_2026_00007014,False,None,False
TX_2026_00007015,False,None,False
TX_2026_00007016,False,None,False
TX_2026_00007017,False,None,False
TX_2026_00007018,False,None,False
TX_2026_00007019,False,None,False
TX_2026_00007020,False,None,False
TX_2026_00007021,False,None,False
TX_2026_00007022,False,None,False
TX_2026_00007023,False,None,False
TX_2026_00007024,False,None,False
TX_2026_00007025,False,None,False
TX_2026_00007026,False,None,False
TX_2026_00007027,False,None,False
TX_2026_00007028,False,None,False
TX_2026_00007029,False,None,False
TX_2026_00007030,False,None,False
TX_2026_00007031,False,None,False
TX_2026_00007032,False,None,False
TX_2026_00007033,False,None,False
TX_2026_00007034,False,None,False
TX_2026_00007035,False,None,False
TX_2026_00007036,False,None,False
TX_2026_00007037,False,None,False
TX_2026_00007038,False,None,False
TX_2026_00007039,False,None,False
TX_2026_00007040,False,None,False
TX_2026_00007041,False,None,False
TX_2026_00007042,False,None,False
TX_2026_00007043,False,None,False
TX_2026_00007044,False,None,False
TX_2026_00007045,False,None,False
TX_2026_00007046,False,None,False
TX_2026_00007047,False,None,False
TX_2026_00007048,False,None,False
TX_2026_00007049,False,None,False
TX_2026_00007050,False,None,False
TX_2026_00007051,True,HIGH_AMOUNT,True
TX_2026_00007052,False,None,False
TX_2026_00007053,False,None,False
TX_2026_00007054,False,None,False
TX_2026_00007055,False,None,False
TX_2026_00007056,True,HIGH_AMOUNT,True
TX_2026_00007057,False,None,False
TX_2026_00007058,False,None,False
TX_2026_00007059,False,None,False
TX_2026_00007060,False,None,False
TX_2026_00007061,False,None,False
TX_2026_00007062,False,None,False
TX_2026_00007063,False,None,False
TX_2026_00007064,False,None,False
TX_2026_00007065,False,None,False
TX_2026_00007066,False,None,False
TX_2026_00007067,True,HIGH_AMOUNT,True
TX_2026_00007068,False,None,False
TX_2026_00007069,False,None,False
TX_2026_00007070,False,None,False
TX_2026_00007071,False,None,False
TX_2026_00007072,False,None,False
TX_2026_00007073,False,None,False
TX_2026_00007074,False,None,False
TX_2026_00007075,False,None,False
TX_2026_00007076,False,None,False
TX_2026_00007077,False,None,False
TX_2026_00007078,False,None,False
TX_2026_00007079,False,None,False
TX_2026_00007080,False,None,False
TX_2026_00007081,False,None,False
TX_2026_00007082,False,None,False
TX_2026_00007083,False,None,False
TX_2026_00007084,False,None,False
TX_2026_00007085,False,None,False
TX_2026_00007086,False,None,False
TX_2026_00007087,False,None,False
TX_2026_00007088,False,None,False
TX_2026_00007089,False,None,False
TX_2026_00007090,False,None,False
TX_2026_00007091,False,None,False
TX_2026_00007092,False,None,False
TX_2026_00007093,False,None,False
TX_2026_00007094,False,None,False
TX_2026_00007095,False,None,False
TX_2026_00007096,False,None,False
TX_2026_00007097,False,None,False
TX_2026_00007098,False,None,False
TX_2026_00007099,False,None,False
TX_2026_00007100,True,NEW_DEVICE_BURST,True
TX_2026_00007101,False,None,False
TX_2026_00007102,False,None,False
TX_2026_00007103,False,None,False
TX_2026_00007104,False,None,False
TX_2026_00007105,False,None,False
TX_2026_00007106,False,None,False
TX_2026_00007107,False,None,False
TX_2026_00007108,False,None,False
TX_2026_00007109,False,None,False
TX_2026_00007110,False,None,False
TX_2026_00007111,False,None,False
TX_2026_00007112,False,None,False
TX_2026_00007113,False,None,False
TX_2026_00007114,False,None,False
TX_2026_00007115,False,None,False
TX_2026_00007116,False,None,False
TX_2026_00007117,False,None,False
TX_2026_00007118,False,None,False
TX_2026_00007119,False,None,False
TX_2026_00007120,False,None,False
TX_2026_00007121,False,None,False
TX_2026_00007122,False,None,False
TX_2026_00007123,False,None,False
TX_2026_00007124,True,NEW_DEVICE_BURST,True
TX_2026_00007125,False,None,False
TX_2026_00007126,False,None,False
TX_2026_00007127,False,None,False
TX_2026_00007128,False,None,False
TX_2026_00007129,False,None,False
TX_2026_00007130,False,None,False
TX_2026_00007131,False,None,False
TX_2026_00007132,False,None,False
TX_2026_00007133,False,None,False
TX_2026_00007134,False,None,False
TX_2026_00007135,False,None,False
TX_2026_00007136,False,None,False
TX_2026_00007137,False,None,False
TX_2026_00007138,False,None,False
TX_2026_00007139,False,None,False
TX_2026_00007140,True,HIGH_AMOUNT,False
TX_2026_00007141,False,None,False
TX_2026_00007142,False,None,False
TX_2026_00007143,False,None,False
TX_2026_00007144,False,None,False
TX_2026_00007145,False,None,False
TX_2026_00007146,False,None,False
TX_2026_00007147,False,None,False
TX_2026_00007148,False,None,False
TX_2026_00007149,False,None,False
TX_2026_00007150,False,None,False
TX_2026_00007151,False,None,False
TX_2026_00007152,False,None,False
TX_2026_00007153,False,None,False
TX_2026_00007154,False,None,False
TX_2026_00007155,False,None,False
TX_2026_00007156,False,None,False
TX_2026_00007157,False,None,False
TX_2026_00007158,False,None,False
TX_2026_00007159,False,None,False
TX_2026_00007160,False,None,False
TX_2026_00007161,False,None,False
TX_2026_00007162,False,None,False
TX_2026_00007163,False,None,False
TX_2026_00007164,False,None,False
TX_2026_00007165,False,None,False
TX_2026_00007166,False,None,False
TX_2026_00007167,False,None,False
TX_2026_00007168,False,None,False
TX_2026_00007169,False,None,False
TX_2026_00007170,False,None,False
TX_2026_00007171,False,None,False
TX_2026_00007172,False,None,False
TX_2026_00007173,False,None,False
TX_2026_00007174,False,None,False
TX_2026_00007175,False,None,False
TX_2026_00007176,False,None,False
TX_2026_00007177,False,None,False
TX_2026_00007178,False,None,False
TX_2026_00007179,False,None,False
TX_2026_00007180,False,None,False
TX_2026_00007181,False,None,False
TX_2026_00007182,False,None,False
TX_2026_00007183,False,None,False
TX_2026_00007184,False,None,False
TX_2026_00007185,False,None,False
TX_2026_00007186,False,None,False
TX_2026_00007187,False,None,False
TX_2026_00007188,False,None,False
TX_2026_00007189,False,None,False
TX_2026_00007190,False,None,False
TX_2026_00007191,False,None,False
TX_2026_00007192,False,None,False
TX_2026_00007193,False,None,False
TX_2026_00007194,False,None,False
TX_2026_00007195,False,None,False
TX_2026_00007196,False,None,False
TX_2026_00007197,False,None,False
TX_2026_00007198,False,None,False
TX_2026_00007199,False,None,False
TX_2026_00007200,False,None,False
TX_2026_00007201,False,None,False
TX_2026_00007202,False,None,False
TX_2026_00007203,False,None,False
TX_2026_00007204,False,None,False
TX_2026_00007205,False,None,False
TX_2026_00007206,False,None,False
TX_2026_00007207,False,None,False
TX_2026_00007208,False,None,False
TX_2026_00007209,False,None,False
TX_2026_00007210,False,None,False
TX_2026_00007211,False,None,False
TX_2026_00007212,False,None,False
TX_2026_00007213,False,None,False
TX_2026_00007214,False,None,False
TX_2026_00007215,False,None,False
TX_2026_00007216,False,None,False
TX_2026_00007217,False,None,False
TX_2026_00007218,False,None,False
TX_2026_00007219,False,None,False
TX_2026_00007220,False,None,False
TX_2026_00007221,False,None,False
TX_2026_00007222,False,None,False
TX_2026_00007223,False,None,False
TX_2026_00007224,True,NEW_DEVICE_BURST,False
TX_2026_00007225,False,None,False
TX_2026_00007226,False,None,False
TX_2026_00007227,False,None,False
TX_2026_00007228,False,None,False
TX_2026_00007229,False,None,False
TX_2026_00007230,True,UNUSUAL_NIGHT,True
TX_2026_00007231,False,None,False
TX_2026_00007232,False,None,False
TX_2026_00007233,False,None,False
TX_2026_00007234,False,None,False
TX_2026_00007235,False,None,False
TX_2026_00007236,False,None,False
TX_2026_00007237,False,None,False
TX_2026_00007238,False,None,False
TX_2026_00007239,False,None,False
TX_2026_00007240,False,None,False
TX_2026_00007241,False,None,False
TX_2026_00007242,False,None,False
TX_2026_00007243,False,None,False
TX_2026_00007244,False,None,False
TX_2026_00007245,False,None,False
TX_2026_00007246,False,None,False
TX_2026_00007247,False,None,False
TX_2026_00007248,False,None,False
TX_2026_00007249,False,None,False
TX_2026_00007250,False,None,False
TX_2026_00007251,False,None,False
TX_2026_00007252,False,None,False
TX_2026_00007253,False,None,False
TX_2026_00007254,False,None,False
TX_2026_00007255,False,None,False
TX_2026_00007256,False,None,False
TX_2026_00007257,False,None,False
TX_2026_00007258,False,None,False
TX_2026_00007259,False,None,False
TX_2026_00007260,False,None,False
TX_2026_00007261,False,None,False
TX_2026_00007262,False,None,False
TX_2026_00007263,False,None,False
TX_2026_00007264,False,None,False
TX_2026_00007265,False,None,False
TX_2026_00007266,False,None,False
TX_2026_00007267,False,None,False
TX_2026_00007268,False,None,False
TX_2026_00007269,False,None,False
TX_2026_00007270,False,None,False
TX_2026_00007271,False,None,False
TX_2026_00007272,False,None,False
TX_2026_00007273,False,None,False
TX_2026_00007274,False,None,False
TX_2026_00007275,False,None,False
TX_2026_00007276,False,None,False
TX_2026_00007277,False,None,False
TX_2026_00007278,False,None,False
TX_2026_00007279,False,None,False
TX_2026_00007280,False,None,False
TX_2026_00007281,False,None,False
TX_2026_00007282,False,None,False
TX_2026_00007283,False,None,False
TX_2026_00007284,False,None,False
TX_2026_00007285,False,None,False
TX_2026_00007286,False,None,False
TX_2026_00007287,False,None,False
TX_2026_00007288,False,None,False
TX_2026_00007289,False,None,False
TX_2026_00007290,False,None,False
TX_2026_00007291,False,None,False
TX_2026_00007292,False,None,False
TX_2026_00007293,False,None,False
TX_2026_00007294,False,None,False
TX_2026_00007295,False,None,False
TX_2026_00007296,False,None,False
TX_2026_00007297,False,None,False
TX_2026_00007298,False,None,False
TX_2026_00007299,False,None,False
TX_2026_00007300,False,None,False
TX_2026_00007301,False,None,False
TX_2026_00007302,False,None,False
TX_2026_00007303,False,None,False
TX_2026_00007304,False,None,False
TX_2026_00007305,False,None,False
TX_2026_00007306,False,None,False
TX_2026_00007307,False,None,False
TX_2026_00007308,False,None,False
TX_2026_00007309,False,None,False
TX_2026_00007310,False,None,False
TX_2026_00007311,False,None,False
TX_2026_00007312,False,None,False
TX_2026_00007313,False,None,False
TX_2026_00007314,False,None,False
TX_2026_00007315,False,None,False
TX_2026_00007316,False,None,False
TX_2026_00007317,False,None,False
TX_2026_00007318,False,None,False
TX_2026_00007319,False,None,False
TX_2026_00007320,False,None,False
TX_2026_00007321,False,None,False
TX_2026_00007322,False,None,False
TX_2026_00007323,False,None,False
TX_2026_00007324,False,None,False
TX_2026_00007325,False,None,False
TX_2026_00007326,False,None,False
TX_2026_00007327,False,None,False
TX_2026_00007328,False,None,False
TX_2026_00007329,False,None,False
TX_2026_00007330,False,None,False
TX_2026_00007331,False,None,False
TX_2026_00007332,False,None,False
TX_2026_00007333,False,None,False
TX_2026_00007334,False,None,False
TX_2026_00007335,False,None,False
TX_2026_00007336,False,None,False
TX_2026_00007337,False,None,False
TX_2026_00007338,False,None,False
TX_2026_00007339,False,None,False
TX_2026_00007340,False,None,False
TX_2026_00007341,False,None,False
TX_2026_00007342,False,None,False
TX_2026_00007343,False,None,False
TX_2026_00007344,False,None,False
TX_2026_00007345,False,None,False
TX_2026_00007346,False,None,False
TX_2026_00007347,False,None,False
TX_2026_00007348,False,None,False
TX_2026_00007349,False,None,False
TX_2026_00007350,False,None,False
TX_2026_00007351,False,None,False
TX_2026_00007352,False,None,False
TX_2026_00007353,False,None,False
TX_2026_00007354,False,None,False
TX_2026_00007355,False,None,False
TX_2026_00007356,False,None,False
TX_2026_00007357,False,None,False
TX_2026_00007358,False,None,False
TX_2026_00007359,False,None,False
TX_2026_00007360,False,None,False
TX_2026_00007361,False,None,False
TX_2026_00007362,False,None,False
TX_2026_00007363,False,None,False
TX_2026_00007364,False,None,False
TX_2026_00007365,False,None,False
TX_2026_00007366,False,None,False
TX_2026_00007367,False,None,False
TX_2026_00007368,False,None,False
TX_2026_00007369,False,None,False
TX_2026_00007370,False,None,False
TX_2026_00007371,False,None,False
TX_2026_00007372,False,None,False
TX_2026_00007373,False,None,False
TX_2026_00007374,False,None,False
TX_2026_00007375,False,None,False
TX_2026_00007376,False,None,False
TX_2026_00007377,False,None,False
TX_2026_00007378,False,None,False
TX_2026_00007379,False,None,False
TX_2026_00007380,False,None,False
TX_2026_00007381,False,None,False
TX_2026_00007382,False,None,False
TX_2026_00007383,False,None,False
TX_2026_00007384,False,None,False
TX_2026_00007385,False,None,False
TX_2026_00007386,False,None,False
TX_2026_00007387,False,None,False
TX_2026_00007388,False,None,False
TX_2026_00007389,False,None,False
TX_2026_00007390,False,None,False
TX_2026_00007391,False,None,False
TX_2026_00007392,False,None,False
TX_2026_00007393,False,None,False
TX_2026_00007394,False,None,False
TX_2026_00007395,False,None,False
TX_2026_00007396,False,None,False
TX_2026_00007397,False,None,False
TX_2026_00007398,False,None,False
TX_2026_00007399,False,None,False
TX_2026_00007400,False,None,False
TX_2026_00007401,False,None,False
TX_2026_00007402,False,None,False
TX_2026_00007403,False,None,False
TX_2026_00007404,False,None,False
TX_2026_00007405,False,None,False
TX_2026_00007406,False,None,False
TX_2026_00007407,False,None,False
TX_2026_00007408,False,None,False
TX_2026_00007409,False,None,False
TX_2026_00007410,False,None,False
TX_2026_00007411,False,None,False
TX_2026_00007412,False,None,False
TX_2026_00007413,False,None,False
TX_2026_00007414,False,None,False
TX_2026_00007415,False,None,False
TX_2026_00007416,False,None,False
TX_2026_00007417,True,NEW_DEVICE_BURST,True
TX_2026_00007418,False,None,False
TX_2026_00007419,False,None,False
TX_2026_00007420,False,None,False
TX_2026_00007421,False,None,False
TX_2026_00007422,False,None,False
TX_2026_00007423,False,None,False
TX_2026_00007424,False,None,False
TX_2026_00007425,False,None,False
TX_2026_00007426,False,None,False
TX_2026_00007427,False,None,False
TX_2026_00007428,False,None,False
TX_2026_00007429,False,None,False
TX_2026_00007430,False,None,False
TX_2026_00007431,False,None,False
TX_2026_00007432,False,None,False
TX_2026_00007433,False,None,False
TX_2026_00007434,False,None,False
TX_2026_00007435,False,None,False
TX_2026_00007436,False,None,False
TX_2026_00007437,False,None,False
TX_2026_00007438,False,None,False
TX_2026_00007439,False,None,False
TX_2026_00007440,False,None,False
TX_2026_00007441,False,None,False
TX_2026_00007442,False,None,False
TX_2026_00007443,False,None,False
TX_2026_00007444,False,None,False
TX_2026_00007445,False,None,False
TX_2026_00007446,False,None,False
TX_2026_00007447,False,None,False
TX_2026_00007448,False,None,False
TX_2026_00007449,False,None,False
TX_2026_00007450,False,None,False
TX_2026_00007451,False,None,False
TX_2026_00007452,False,None,False
TX_2026_00007453,False,None,False
TX_2026_00007454,False,None,False
TX_2026_00007455,False,None,False
TX_2026_00007456,False,None,False
TX_2026_00007457,False,None,False
TX_2026_00007458,False,None,False
TX_2026_00007459,False,None,False
TX_2026_00007460,False,None,False
TX_2026_00007461,False,None,False
TX_2026_00007462,False,None,False
TX_2026_00007463,False,None,False
TX_2026_00007464,False,None,False
TX_2026_00007465,False,None,False
TX_2026_00007466,False,None,False
TX_2026_00007467,False,None,False
TX_2026_00007468,False,None,False
TX_2026_00007469,False,None,False
TX_2026_00007470,False,None,False
TX_2026_00007471,False,None,False
TX_2026_00007472,False,None,False
TX_2026_00007473,False,None,False
TX_2026_00007474,False,None,False
TX_2026_00007475,False,None,False
TX_2026_00007476,False,None,False
TX_2026_00007477,False,None,False
TX_2026_00007478,False,None,False
TX_2026_00007479,False,None,False
TX_2026_00007480,False,None,False
TX_2026_00007481,False,None,False
TX_2026_00007482,False,None,False
TX_2026_00007483,False,None,False
TX_2026_00007484,False,None,False
TX_2026_00007485,False,None,False
TX_2026_00007486,False,None,False
TX_2026_00007487,False,None,False
TX_2026_00007488,False,None,False
TX_2026_00007489,False,None,False
TX_2026_00007490,False,None,False
TX_2026_00007491,False,None,False
TX_2026_00007492,False,None,False
TX_2026_00007493,False,None,False
TX_2026_00007494,False,None,False
TX_2026_00007495,False,None,False
TX_2026_00007496,False,None,False
TX_2026_00007497,False,None,False
TX_2026_00007498,False,None,False
TX_2026_00007499,False,None,False
TX_2026_00007500,False,None,False
TX_2026_00007501,False,None,False
TX_2026_00007502,False,None,False
TX_2026_00007503,False,None,False
TX_2026_00007504,False,None,False
TX_2026_00007505,False,None,False
TX_2026_00007506,False,None,False
TX_2026_00007507,False,None,False
TX_2026_00007508,False,None,False
TX_2026_00007509,False,None,False
TX_2026_00007510,False,None,False
TX_2026_00007511,False,None,False
TX_2026_00007512,False,None,False
TX_2026_00007513,False,None,False
TX_2026_00007514,False,None,False
TX_2026_00007515,False,None,False
TX_2026_00007516,False,None,False
TX_2026_00007517,False,None,False
TX_2026_00007518,False,None,False
TX_2026_00007519,False,None,False
TX_2026_00007520,False,None,False
TX_2026_00007521,False,None,False
TX_2026_00007522,False,None,False
TX_2026_00007523,False,None,False
TX_2026_00007524,False,None,False
TX_2026_00007525,False,None,False
TX_2026_00007526,False,None,False
TX_2026_00007527,False,None,False
TX_2026_00007528,False,None,False
TX_2026_00007529,True,UNUSUAL_NIGHT,True
TX_2026_00007530,False,None,False
TX_2026_00007531,False,None,False
TX_2026_00007532,False,None,False
TX_2026_00007533,False,None,False
TX_2026_00007534,False,None,False
TX_2026_00007535,False,None,False
TX_2026_00007536,False,None,False
TX_2026_00007537,False,None,False
TX_2026_00007538,False,None,False
TX_2026_00007539,False,None,False
TX_2026_00007540,False,None,False
TX_2026_00007541,False,None,False
TX_2026_00007542,False,None,False
TX_2026_00007543,True,HIGH_AMOUNT,True
TX_2026_00007544,False,None,False
TX_2026_00007545,False,None,False
TX_2026_00007546,False,None,False
TX_2026_00007547,False,None,False
TX_2026_00007548,False,None,False
TX_2026_00007549,False,None,False
TX_2026_00007550,False,None,False
TX_2026_00007551,False,None,False
TX_2026_00007552,False,None,False
TX_2026_00007553,False,None,False
TX_2026_00007554,False,None,False
TX_2026_00007555,False,None,False
TX_2026_00007556,False,None,False
TX_2026_00007557,False,None,False
TX_2026_00007558,False,None,False
TX_2026_00007559,False,None,False
TX_2026_00007560,False,None,False
TX_2026_00007561,False,None,False
TX_2026_00007562,False,None,False
TX_2026_00007563,False,None,False
TX_2026_00007564,False,None,False
TX_2026_00007565,False,None,False
TX_2026_00007566,False,None,False
TX_2026_00007567,False,None,False
TX_2026_00007568,False,None,False
TX_2026_00007569,False,None,False
TX_2026_00007570,False,None,False
TX_2026_00007571,False,None,False
TX_2026_00007572,False,None,False
TX_2026_00007573,False,None,False
TX_2026_00007574,False,None,False
TX_2026_00007575,False,None,False
TX_2026_00007576,False,None,False
TX_2026_00007577,False,None,False
TX_2026_00007578,False,None,False
TX_2026_00007579,False,None,False
TX_2026_00007580,False,None,False
TX_2026_00007581,False,None,False
TX_2026_00007582,False,None,False
TX_2026_00007583,False,None,False
TX_2026_00007584,False,None,False
TX_2026_00007585,False,None,False
TX_2026_00007586,False,None,False
TX_2026_00007587,False,None,False
TX_2026_00007588,False,None,False
TX_2026_00007589,False,None,False
TX_2026_00007590,True,NEW_DEVICE_BURST,True
TX_2026_00007591,False,None,False
TX_2026_00007592,False,None,False
TX_2026_00007593,False,None,False
TX_2026_00007594,False,None,False
TX_2026_00007595,False,None,False
TX_2026_00007596,False,None,False
TX_2026_00007597,False,None,False
TX_2026_00007598,False,None,False
TX_2026_00007599,False,None,False
TX_2026_00007600,False,None,False
TX_2026_00007601,False,None,False
TX_2026_00007602,False,None,False
TX_2026_00007603,False,None,False
TX_2026_00007604,False,None,False
TX_2026_00007605,False,None,False
TX_2026_00007606,False,None,False
TX_2026_00007607,False,None,False
TX_2026_00007608,False,None,False
TX_2026_00007609,False,None,False
TX_2026_00007610,False,None,False
TX_2026_00007611,False,None,False
TX_2026_00007612,False,None,False
TX_2026_00007613,False,None,False
TX_2026_00007614,False,None,False
TX_2026_00007615,False,None,False
TX_2026_00007616,False,None,False
TX_2026_00007617,False,None,False
TX_2026_00007618,False,None,False
TX_2026_00007619,False,None,False
TX_2026_00007620,False,None,False
TX_2026_00007621,False,None,False
TX_2026_00007622,False,None,False
TX_2026_00007623,False,None,False
TX_2026_00007624,False,None,False
TX_2026_00007625,False,None,False
TX_2026_00007626,False,None,False
TX_2026_00007627,False,None,False
TX_2026_00007628,False,None,False
TX_2026_00007629,True,NEW_FOREIGN_LOCATION,False
TX_2026_00007630,False,None,False
TX_2026_00007631,False,None,False
TX_2026_00007632,False,None,False
TX_2026_00007633,False,None,False
TX_2026_00007634,False,None,False
TX_2026_00007635,False,None,False
TX_2026_00007636,False,None,False
TX_2026_00007637,False,None,False
TX_2026_00007638,False,None,False
TX_2026_00007639,False,None,False
TX_2026_00007640,False,None,False
TX_2026_00007641,False,None,False
TX_2026_00007642,False,None,False
TX_2026_00007643,False,None,False
TX_2026_00007644,False,None,False
TX_2026_00007645,False,None,False
TX_2026_00007646,False,None,False
TX_2026_00007647,False,None,False
TX_2026_00007648,False,None,False
TX_2026_00007649,False,None,False
TX_2026_00007650,False,None,False
TX_2026_00007651,False,None,False
TX_2026_00007652,False,None,False
TX_2026_00007653,False,None,False
TX_2026_00007654,False,None,False
TX_2026_00007655,False,None,False
TX_2026_00007656,False,None,False
TX_2026_00007657,False,None,False
TX_2026_00007658,False,None,False
TX_2026_00007659,False,None,False
TX_2026_00007660,False,None,False
TX_2026_00007661,False,None,False
TX_2026_00007662,False,None,False
TX_2026_00007663,False,None,False
TX_2026_00007664,False,None,False
TX_2026_00007665,False,None,False
TX_2026_00007666,False,None,False
TX_2026_00007667,False,None,False
TX_2026_00007668,False,None,False
TX_2026_00007669,False,None,False
TX_2026_00007670,False,None,False
TX_2026_00007671,False,None,False
TX_2026_00007672,False,None,False
TX_2026_00007673,False,None,False
TX_2026_00007674,False,None,False
TX_2026_00007675,False,None,False
TX_2026_00007676,False,None,False
TX_2026_00007677,False,None,False
TX_2026_00007678,False,None,False
TX_2026_00007679,False,None,False
TX_2026_00007680,False,None,False
TX_2026_00007681,False,None,False
TX_2026_00007682,False,None,False
TX_2026_00007683,False,None,False
TX_2026_00007684,False,None,False
TX_2026_00007685,False,None,False
TX_2026_00007686,False,None,False
TX_2026_00007687,False,None,False
TX_2026_00007688,False,None,False
TX_2026_00007689,False,None,False
TX_2026_00007690,False,None,False
TX_2026_00007691,False,None,False
TX_2026_00007692,False,None,False
TX_2026_00007693,False,None,False
TX_2026_00007694,False,None,False
TX_2026_00007695,False,None,False
TX_2026_00007696,False,None,False
TX_2026_00007697,False,None,False
TX_2026_00007698,False,None,False
TX_2026_00007699,False,None,False
TX_2026_00007700,False,None,False
TX_2026_00007701,False,None,False
TX_2026_00007702,False,None,False
TX_2026_00007703,False,None,False
TX_2026_00007704,False,None,False
TX_2026_00007705,False,None,False
TX_2026_00007706,False,None,False
TX_2026_00007707,False,None,False
TX_2026_00007708,False,None,False
TX_2026_00007709,False,None,False
TX_2026_00007710,False,None,False
TX_2026_00007711,False,None,False
TX_2026_00007712,False,None,False
TX_2026_00007713,False,None,False
TX_2026_00007714,False,None,False
TX_2026_00007715,False,None,False
TX_2026_00007716,False,None,False
TX_2026_00007717,False,None,False
TX_2026_00007718,False,None,False
TX_2026_00007719,False,None,False
TX_2026_00007720,False,None,False
TX_2026_00007721,False,None,False
TX_2026_00007722,False,None,False
TX_2026_00007723,False,None,False
TX_2026_00007724,False,None,False
TX_2026_00007725,False,None,False
TX_2026_00007726,False,None,False
TX_2026_00007727,False,None,False
TX_2026_00007728,False,None,False
TX_2026_00007729,False,None,False
TX_2026_00007730,False,None,False
TX_2026_00007731,False,None,False
TX_2026_00007732,False,None,False
TX_2026_00007733,False,None,False
TX_2026_00007734,False,None,False
TX_2026_00007735,False,None,False
TX_2026_00007736,False,None,False
TX_2026_00007737,False,None,False
TX_2026_00007738,False,None,False
TX_2026_00007739,False,None,False
TX_2026_00007740,False,None,False
TX_2026_00007741,False,None,False
TX_2026_00007742,False,None,False
TX_2026_00007743,False,None,False
TX_2026_00007744,False,None,False
TX_2026_00007745,False,None,False
TX_2026_00007746,False,None,False
TX_2026_00007747,False,None,False
TX_2026_00007748,False,None,False
TX_2026_00007749,False,None,False
TX_2026_00007750,False,None,False
TX_2026_00007751,False,None,False
TX_2026_00007752,False,None,False
TX_2026_00007753,False,None,False
TX_2026_00007754,False,None,False
TX_2026_00007755,False,None,False
TX_2026_00007756,False,None,False
TX_2026_00007757,False,None,False
TX_2026_00007758,False,None,False
TX_2026_00007759,False,None,False
TX_2026_00007760,False,None,False
TX_2026_00007761,False,None,False
TX_2026_00007762,False,None,False
TX_2026_00007763,False,None,False
TX_2026_00007764,False,None,False
TX_2026_00007765,False,None,False
TX_2026_00007766,False,None,False
TX_2026_00007767,False,None,False
TX_2026_00007768,False,None,False
TX_2026_00007769,False,None,False
TX_2026_00007770,False,None,False
TX_2026_00007771,False,None,False
TX_2026_00007772,False,None,False
TX_2026_00007773,False,None,False
TX_2026_00007774,False,None,False
TX_2026_00007775,False,None,False
TX_2026_00007776,False,None,False
TX_2026_00007777,False,None,False
TX_2026_00007778,False,None,False
TX_2026_00007779,False,None,False
TX_2026_00007780,False,None,False
TX_2026_00007781,False,None,False
TX_2026_00007782,False,None,False
TX_2026_00007783,False,None,False
TX_2026_00007784,False,None,False
TX_2026_00007785,False,None,False
TX_2026_00007786,True,NEW_FOREIGN_LOCATION,True
TX_2026_00007787,False,None,False
TX_2026_00007788,False,None,False
TX_2026_00007789,False,None,False
TX_2026_00007790,False,None,False
TX_2026_00007791,False,None,False
TX_2026_00007792,False,None,False
TX_2026_00007793,False,None,False
TX_2026_00007794,False,None,False
TX_2026_00007795,False,None,False
TX_2026_00007796,False,None,False
TX_2026_00007797,False,None,False
TX_2026_00007798,False,None,False
TX_2026_00007799,False,None,False
TX_2026_00007800,False,None,False
TX_2026_00007801,False,None,False
TX_2026_00007802,False,None,False
TX_2026_00007803,False,None,False
TX_2026_00007804,False,None,False
TX_2026_00007805,False,None,False
TX_2026_00007806,False,None,False
TX_2026_00007807,False,None,False
TX_2026_00007808,False,None,False
TX_2026_00007809,False,None,False
TX_2026_00007810,False,None,False
TX_2026_00007811,False,None,False
TX_2026_00007812,False,None,False
TX_2026_00007813,False,None,False
TX_2026_00007814,False,None,False
TX_2026_00007815,False,None,False
TX_2026_00007816,False,None,False
TX_2026_00007817,False,None,False
TX_2026_00007818,True,NEW_DEVICE_BURST,True
TX_2026_00007819,False,None,False
TX_2026_00007820,False,None,False
TX_2026_00007821,False,None,False
TX_2026_00007822,False,None,False
TX_2026_00007823,False,None,False
TX_2026_00007824,False,None,False
TX_2026_00007825,False,None,False
TX_2026_00007826,False,None,False
TX_2026_00007827,False,None,False
TX_2026_00007828,False,None,False
TX_2026_00007829,False,None,False
TX_2026_00007830,False,None,False
TX_2026_00007831,False,None,False
TX_2026_00007832,False,None,False
TX_2026_00007833,False,None,False
TX_2026_00007834,False,None,False
TX_2026_00007835,False,None,False
TX_2026_00007836,False,None,False
TX_2026_00007837,False,None,False
TX_2026_00007838,False,None,False
TX_2026_00007839,False,None,False
TX_2026_00007840,False,None,False
TX_2026_00007841,False,None,False
TX_2026_00007842,False,None,False
TX_2026_00007843,False,None,False
TX_2026_00007844,False,None,False
TX_2026_00007845,False,None,False
TX_2026_00007846,False,None,False
TX_2026_00007847,False,None,False
TX_2026_00007848,False,None,False
TX_2026_00007849,False,None,False
TX_2026_00007850,False,None,False
TX_2026_00007851,False,None,False
TX_2026_00007852,False,None,False
TX_2026_00007853,False,None,False
TX_2026_00007854,False,None,False
TX_2026_00007855,False,None,False
TX_2026_00007856,False,None,False
TX_2026_00007857,True,NEW_FOREIGN_LOCATION,True
TX_2026_00007858,False,None,False
TX_2026_00007859,False,None,False
TX_2026_00007860,False,None,False
TX_2026_00007861,False,None,False
TX_2026_00007862,False,None,False
TX_2026_00007863,False,None,False
TX_2026_00007864,False,None,False
TX_2026_00007865,False,None,False
TX_2026_00007866,False,None,False
TX_2026_00007867,False,None,False
TX_2026_00007868,False,None,False
TX_2026_00007869,False,None,False
TX_2026_00007870,False,None,False
TX_2026_00007871,False,None,False
TX_2026_00007872,False,None,False
TX_2026_00007873,False,None,False
TX_2026_00007874,False,None,False
TX_2026_00007875,False,None,False
TX_2026_00007876,False,None,False
TX_2026_00007877,False,None,False
TX_2026_00007878,False,None,False
TX_2026_00007879,False,None,False
TX_2026_00007880,False,None,False
TX_2026_00007881,False,None,False
TX_2026_00007882,False,None,False
TX_2026_00007883,False,None,False
TX_2026_00007884,False,None,False
TX_2026_00007885,False,None,False
TX_2026_00007886,False,None,False
TX_2026_00007887,False,None,False
TX_2026_00007888,False,None,False
TX_2026_00007889,False,None,False
TX_2026_00007890,False,None,False
TX_2026_00007891,False,None,False
TX_2026_00007892,False,None,False
TX_2026_00007893,False,None,False
TX_2026_00007894,False,None,False
TX_2026_00007895,False,None,False
TX_2026_00007896,False,None,False
TX_2026_00007897,False,None,False
TX_2026_00007898,False,None,False
TX_2026_00007899,False,None,False
TX_2026_00007900,False,None,False
TX_2026_00007901,False,None,False
TX_2026_00007902,False,None,False
TX_2026_00007903,False,None,False
TX_2026_00007904,False,None,False
TX_2026_00007905,False,None,False
TX_2026_00007906,False,None,False
TX_2026_00007907,False,None,False
TX_2026_00007908,False,None,False
TX_2026_00007909,True,NEW_DEVICE_BURST,False
TX_2026_00007910,False,None,False
TX_2026_00007911,False,None,False
TX_2026_00007912,False,None,False
TX_2026_00007913,False,None,False
TX_2026_00007914,False,None,False
TX_2026_00007915,False,None,False
TX_2026_00007916,False,None,False
TX_2026_00007917,False,None,False
TX_2026_00007918,True,HIGH_AMOUNT,False
TX_2026_00007919,False,None,False
TX_2026_00007920,False,None,False
TX_2026_00007921,False,None,False
TX_2026_00007922,False,None,False
TX_2026_00007923,False,None,False
TX_2026_00007924,False,None,False
TX_2026_00007925,False,None,False
TX_2026_00007926,False,None,False
TX_2026_00007927,False,None,False
TX_2026_00007928,False,None,False
TX_2026_00007929,False,None,False
TX_2026_00007930,False,None,False
TX_2026_00007931,False,None,False
TX_2026_00007932,False,None,False
TX_2026_00007933,False,None,False
TX_2026_00007934,False,None,False
TX_2026_00007935,False,None,False
TX_2026_00007936,False,None,False
TX_2026_00007937,False,None,False
TX_2026_00007938,False,None,False
TX_2026_00007939,False,None,False
TX_2026_00007940,False,None,False
TX_2026_00007941,False,None,False
TX_2026_00007942,False,None,False
TX_2026_00007943,False,None,False
TX_2026_00007944,True,HIGH_AMOUNT,False
TX_2026_00007945,False,None,False
TX_2026_00007946,False,None,False
TX_2026_00007947,False,None,False
TX_2026_00007948,False,None,False
TX_2026_00007949,False,None,False
TX_2026_00007950,False,None,False
TX_2026_00007951,False,None,False
TX_2026_00007952,False,None,False
TX_2026_00007953,False,None,False
TX_2026_00007954,False,None,False
TX_2026_00007955,False,None,False
TX_2026_00007956,False,None,False
TX_2026_00007957,False,None,False
TX_2026_00007958,False,None,False
TX_2026_00007959,False,None,False
TX_2026_00007960,False,None,False
TX_2026_00007961,False,None,False
TX_2026_00007962,False,None,False
TX_2026_00007963,True,NEW_DEVICE_BURST,True
TX_2026_00007964,False,None,False
TX_2026_00007965,False,None,False
TX_2026_00007966,False,None,False
TX_2026_00007967,False,None,False
TX_2026_00007968,False,None,False
TX_2026_00007969,False,None,False
TX_2026_00007970,False,None,False
TX_2026_00007971,False,None,False
TX_2026_00007972,False,None,False
TX_2026_00007973,False,None,False
TX_2026_00007974,False,None,False
TX_2026_00007975,False,None,False
TX_2026_00007976,False,None,False
TX_2026_00007977,False,None,False
TX_2026_00007978,False,None,False
TX_2026_00007979,False,None,False
TX_2026_00007980,False,None,False
TX_2026_00007981,False,None,False
TX_2026_00007982,False,None,False
TX_2026_00007983,False,None,False
TX_2026_00007984,False,None,False
TX_2026_00007985,False,None,False
TX_2026_00007986,False,None,False
TX_2026_00007987,False,None,False
TX_2026_00007988,False,None,False
TX_2026_00007989,False,None,False
TX_2026_00007990,False,None,False
TX_2026_00007991,False,None,False
TX_2026_00007992,False,None,False
TX_2026_00007993,False,None,False
TX_2026_00007994,False,None,False
TX_2026_00007995,False,None,False
TX_2026_00007996,False,None,False
TX_2026_00007997,False,None,False
TX_2026_00007998,False,None,False
TX_2026_00007999,False,None,False
TX_2026_00008000,False,None,False
TX_2026_00008001,False,None,False
TX_2026_00008002,False,None,False
TX_2026_00008003,False,None,False
TX_2026_00008004,False,None,False
TX_2026_00008005,False,None,False
TX_2026_00008006,False,None,False
TX_2026_00008007,False,None,False
TX_2026_00008008,True,NEW_FOREIGN_LOCATION,True
TX_2026_00008009,False,None,False
TX_2026_00008010,False,None,False
TX_2026_00008011,False,None,False
TX_2026_00008012,False,None,False
TX_2026_00008013,False,None,False
TX_2026_00008014,False,None,False
TX_2026_00008015,False,None,False
TX_2026_00008016,False,None,False
TX_2026_00008017,False,None,False
TX_2026_00008018,False,None,False
TX_2026_00008019,False,None,False
TX_2026_00008020,False,None,False
TX_2026_00008021,False,None,False
TX_2026_00008022,False,None,False
TX_2026_00008023,False,None,False
TX_2026_00008024,False,None,False
TX_2026_00008025,True,UNUSUAL_NIGHT,True
TX_2026_00008026,False,None,False
TX_2026_00008027,False,None,False
TX_2026_00008028,False,None,False
TX_2026_00008029,False,None,False
TX_2026_00008030,False,None,False
TX_2026_00008031,False,None,False
TX_2026_00008032,False,None,False
TX_2026_00008033,False,None,False
TX_2026_00008034,True,NEW_FOREIGN_LOCATION,True
TX_2026_00008035,False,None,False
TX_2026_00008036,False,None,False
TX_2026_00008037,False,None,False
TX_2026_00008038,False,None,False
TX_2026_00008039,False,None,False
TX_2026_00008040,False,None,False
TX_2026_00008041,False,None,False
TX_2026_00008042,False,None,False
TX_2026_00008043,False,None,False
TX_2026_00008044,False,None,False
TX_2026_00008045,False,None,False
TX_2026_00008046,False,None,False
TX_2026_00008047,False,None,False
TX_2026_00008048,False,None,False
TX_2026_00008049,False,None,False
TX_2026_00008050,False,None,False
TX_2026_00008051,False,None,False
TX_2026_00008052,False,None,False
TX_2026_00008053,False,None,False
TX_2026_00008054,False,None,False
TX_2026_00008055,False,None,False
TX_2026_00008056,False,None,False
TX_2026_00008057,False,None,False
TX_2026_00008058,False,None,False
TX_2026_00008059,False,None,False
TX_2026_00008060,False,None,False
TX_2026_00008061,False,None,False
TX_2026_00008062,False,None,False
TX_2026_00008063,False,None,False
TX_2026_00008064,False,None,False
TX_2026_00008065,False,None,False
TX_2026_00008066,False,None,False
TX_2026_00008067,False,None,False
TX_2026_00008068,False,None,False
TX_2026_00008069,False,None,False
TX_2026_00008070,False,None,False
TX_2026_00008071,False,None,False
TX_2026_00008072,False,None,False
TX_2026_00008073,False,None,False
TX_2026_00008074,False,None,False
TX_2026_00008075,False,None,False
TX_2026_00008076,False,None,False
TX_2026_00008077,False,None,False
TX_2026_00008078,False,None,False
TX_2026_00008079,False,None,False
TX_2026_00008080,False,None,False
TX_2026_00008081,False,None,False
TX_2026_00008082,False,None,False
TX_2026_00008083,False,None,False
TX_2026_00008084,False,None,False
TX_2026_00008085,False,None,False
TX_2026_00008086,False,None,False
TX_2026_00008087,False,None,False
TX_2026_00008088,False,None,False
TX_2026_00008089,False,None,False
TX_2026_00008090,False,None,False
TX_2026_00008091,True,NEW_DEVICE_BURST,True
TX_2026_00008092,True,NEW_DEVICE_BURST,True
TX_2026_00008093,False,None,False
TX_2026_00008094,False,None,False
TX_2026_00008095,False,None,False
TX_2026_00008096,False,None,False
TX_2026_00008097,False,None,False
TX_2026_00008098,False,None,False
TX_2026_00008099,False,None,False
TX_2026_00008100,False,None,False
TX_2026_00008101,False,None,False
TX_2026_00008102,False,None,False
TX_2026_00008103,False,None,False
TX_2026_00008104,False,None,False
TX_2026_00008105,False,None,False
TX_2026_00008106,False,None,False
TX_2026_00008107,False,None,False
TX_2026_00008108,False,None,False
TX_2026_00008109,False,None,False
TX_2026_00008110,False,None,False
TX_2026_00008111,False,None,False
TX_2026_00008112,False,None,False
TX_2026_00008113,False,None,False
TX_2026_00008114,False,None,False
TX_2026_00008115,False,None,False
TX_2026_00008116,False,None,False
TX_2026_00008117,False,None,False
TX_2026_00008118,False,None,False
TX_2026_00008119,False,None,False
TX_2026_00008120,False,None,False
TX_2026_00008121,False,None,False
TX_2026_00008122,False,None,False
TX_2026_00008123,False,None,False
TX_2026_00008124,False,None,False
TX_2026_00008125,False,None,False
TX_2026_00008126,False,None,False
TX_2026_00008127,False,None,False
TX_2026_00008128,False,None,False
TX_2026_00008129,False,None,False
TX_2026_00008130,False,None,False
TX_2026_00008131,False,None,False
TX_2026_00008132,False,None,False
TX_2026_00008133,False,None,False
TX_2026_00008134,False,None,False
TX_2026_00008135,False,None,False
TX_2026_00008136,False,None,False
TX_2026_00008137,False,None,False
TX_2026_00008138,False,None,False
TX_2026_00008139,False,None,False
TX_2026_00008140,False,None,False
TX_2026_00008141,False,None,False
TX_2026_00008142,False,None,False
TX_2026_00008143,False,None,False
TX_2026_00008144,False,None,False
TX_2026_00008145,False,None,False
TX_2026_00008146,False,None,False
TX_2026_00008147,False,None,False
TX_2026_00008148,False,None,False
TX_2026_00008149,False,None,False
TX_2026_00008150,False,None,False
TX_2026_00008151,False,None,False
TX_2026_00008152,False,None,False
TX_2026_00008153,False,None,False
TX_2026_00008154,False,None,False
TX_2026_00008155,False,None,False
TX_2026_00008156,False,None,False
TX_2026_00008157,False,None,False
TX_2026_00008158,False,None,False
TX_2026_00008159,False,None,False
TX_2026_00008160,False,None,False
TX_2026_00008161,False,None,False
TX_2026_00008162,False,None,False
TX_2026_00008163,False,None,False
TX_2026_00008164,False,None,False
TX_2026_00008165,False,None,False
TX_2026_00008166,True,NEW_FOREIGN_LOCATION,True
TX_2026_00008167,False,None,False
TX_2026_00008168,False,None,False
TX_2026_00008169,False,None,False
TX_2026_00008170,False,None,False
TX_2026_00008171,False,None,False
TX_2026_00008172,False,None,False
TX_2026_00008173,False,None,False
TX_2026_00008174,False,None,False
TX_2026_00008175,False,None,False
TX_2026_00008176,False,None,False
TX_2026_00008177,False,None,False
TX_2026_00008178,False,None,False
TX_2026_00008179,False,None,False
TX_2026_00008180,False,None,False
TX_2026_00008181,False,None,False
TX_2026_00008182,False,None,False
TX_2026_00008183,False,None,False
TX_2026_00008184,False,None,False
TX_2026_00008185,False,None,False
TX_2026_00008186,False,None,False
TX_2026_00008187,False,None,False
TX_2026_00008188,False,None,False
TX_2026_00008189,False,None,False
TX_2026_00008190,False,None,False
TX_2026_00008191,False,None,False
TX_2026_00008192,False,None,False
TX_2026_00008193,False,None,False
TX_2026_00008194,False,None,False
TX_2026_00008195,False,None,False
TX_2026_00008196,False,None,False
TX_2026_00008197,False,None,False
TX_2026_00008198,False,None,False
TX_2026_00008199,False,None,False
TX_2026_00008200,False,None,False
TX_2026_00008201,False,None,False
TX_2026_00008202,False,None,False
TX_2026_00008203,False,None,False
TX_2026_00008204,False,None,False
TX_2026_00008205,False,None,False
TX_2026_00008206,False,None,False
TX_2026_00008207,False,None,False
TX_2026_00008208,False,None,False
TX_2026_00008209,False,None,False
TX_2026_00008210,False,None,False
TX_2026_00008211,False,None,False
TX_2026_00008212,False,None,False
TX_2026_00008213,False,None,False
TX_2026_00008214,False,None,False
TX_2026_00008215,False,None,False
TX_2026_00008216,False,None,False
TX_2026_00008217,False,None,False
TX_2026_00008218,False,None,False
TX_2026_00008219,False,None,False
TX_2026_00008220,False,None,False
TX_2026_00008221,False,None,False
TX_2026_00008222,False,None,False
TX_2026_00008223,False,None,False
TX_2026_00008224,True,NEW_DEVICE_BURST,True
TX_2026_00008225,False,None,False
TX_2026_00008226,False,None,False
TX_2026_00008227,False,None,False
TX_2026_00008228,False,None,False
TX_2026_00008229,False,None,False
TX_2026_00008230,False,None,False
TX_2026_00008231,False,None,False
TX_2026_00008232,False,None,False
TX_2026_00008233,False,None,False
TX_2026_00008234,False,None,False
TX_2026_00008235,False,None,False
TX_2026_00008236,False,None,False
TX_2026_00008237,False,None,False
TX_2026_00008238,False,None,False
TX_2026_00008239,False,None,False
TX_2026_00008240,False,None,False
TX_2026_00008241,False,None,False
TX_2026_00008242,False,None,False
TX_2026_00008243,False,None,False
TX_2026_00008244,False,None,False
TX_2026_00008245,False,None,False
TX_2026_00008246,False,None,False
TX_2026_00008247,False,None,False
TX_2026_00008248,False,None,False
TX_2026_00008249,False,None,False
TX_2026_00008250,False,None,False
TX_2026_00008251,False,None,False
TX_2026_00008252,False,None,False
TX_2026_00008253,False,None,False
TX_2026_00008254,False,None,False
TX_2026_00008255,False,None,False
TX_2026_00008256,False,None,False
TX_2026_00008257,False,None,False
TX_2026_00008258,False,None,False
TX_2026_00008259,False,None,False
TX_2026_00008260,False,None,False
TX_2026_00008261,False,None,False
TX_2026_00008262,False,None,False
TX_2026_00008263,False,None,False
TX_2026_00008264,False,None,False
TX_2026_00008265,False,None,False
TX_2026_00008266,False,None,False
TX_2026_00008267,True,NEW_DEVICE_BURST,True
TX_2026_00008268,False,None,False
TX_2026_00008269,False,None,False
TX_2026_00008270,False,None,False
TX_2026_00008271,False,None,False
TX_2026_00008272,True,NEW_FOREIGN_LOCATION,False
TX_2026_00008273,False,None,False
TX_2026_00008274,False,None,False
TX_2026_00008275,False,None,False
TX_2026_00008276,False,None,False
TX_2026_00008277,False,None,False
TX_2026_00008278,False,None,False
TX_2026_00008279,False,None,False
TX_2026_00008280,False,None,False
TX_2026_00008281,False,None,False
TX_2026_00008282,False,None,False
TX_2026_00008283,False,None,False
TX_2026_00008284,False,None,False
TX_2026_00008285,False,None,False
TX_2026_00008286,False,None,False
TX_2026_00008287,False,None,False
TX_2026_00008288,False,None,False
TX_2026_00008289,False,None,False
TX_2026_00008290,False,None,False
TX_2026_00008291,False,None,False
TX_2026_00008292,False,None,False
TX_2026_00008293,False,None,False
TX_2026_00008294,False,None,False
TX_2026_00008295,False,None,False
TX_2026_00008296,False,None,False
TX_2026_00008297,False,None,False
TX_2026_00008298,False,None,False
TX_2026_00008299,False,None,False
TX_2026_00008300,False,None,False
TX_2026_00008301,False,None,False
TX_2026_00008302,False,None,False
TX_2026_00008303,False,None,False
TX_2026_00008304,False,None,False
TX_2026_00008305,False,None,False
TX_2026_00008306,False,None,False
TX_2026_00008307,False,None,False
TX_2026_00008308,False,None,False
TX_2026_00008309,False,None,False
TX_2026_00008310,False,None,False
TX_2026_00008311,False,None,False
TX_2026_00008312,False,None,False
TX_2026_00008313,False,None,False
TX_2026_00008314,False,None,False
TX_2026_00008315,False,None,False
TX_2026_00008316,False,None,False
TX_2026_00008317,False,None,False
TX_2026_00008318,False,None,False
TX_2026_00008319,False,None,False
TX_2026_00008320,False,None,False
TX_2026_00008321,False,None,False
TX_2026_00008322,False,None,False
TX_2026_00008323,False,None,False
TX_2026_00008324,False,None,False
TX_2026_00008325,False,None,False
TX_2026_00008326,False,None,False
TX_2026_00008327,False,None,False
TX_2026_00008328,False,None,False
TX_2026_00008329,False,None,False
TX_2026_00008330,False,None,False
TX_2026_00008331,False,None,False
TX_2026_00008332,False,None,False
TX_2026_00008333,True,HIGH_AMOUNT,True
TX_2026_00008334,False,None,False
TX_2026_00008335,False,None,False
TX_2026_00008336,False,None,False
TX_2026_00008337,False,None,False
TX_2026_00008338,False,None,False
TX_2026_00008339,False,None,False
TX_2026_00008340,False,None,False
TX_2026_00008341,False,None,False
TX_2026_00008342,False,None,False
TX_2026_00008343,False,None,False
TX_2026_00008344,False,None,False
TX_2026_00008345,False,None,False
TX_2026_00008346,False,None,False
TX_2026_00008347,False,None,False
TX_2026_00008348,False,None,False
TX_2026_00008349,False,None,False
TX_2026_00008350,False,None,False
TX_2026_00008351,False,None,False
TX_2026_00008352,False,None,False
TX_2026_00008353,False,None,False
TX_2026_00008354,False,None,False
TX_2026_00008355,False,None,False
TX_2026_00008356,False,None,False
TX_2026_00008357,False,None,False
TX_2026_00008358,False,None,False
TX_2026_00008359,False,None,False
TX_2026_00008360,False,None,False
TX_2026_00008361,False,None,False
TX_2026_00008362,False,None,False
TX_2026_00008363,False,None,False
TX_2026_00008364,False,None,False
TX_2026_00008365,False,None,False
TX_2026_00008366,False,None,False
TX_2026_00008367,False,None,False
TX_2026_00008368,False,None,False
TX_2026_00008369,False,None,False
TX_2026_00008370,False,None,False
TX_2026_00008371,False,None,False
TX_2026_00008372,False,None,False
TX_2026_00008373,False,None,False
TX_2026_00008374,False,None,False
TX_2026_00008375,False,None,False
TX_2026_00008376,False,None,False
TX_2026_00008377,False,None,False
TX_2026_00008378,False,None,False
TX_2026_00008379,False,None,False
TX_2026_00008380,False,None,False
TX_2026_00008381,False,None,False
TX_2026_00008382,False,None,False
TX_2026_00008383,False,None,False
TX_2026_00008384,False,None,False
TX_2026_00008385,True,NEW_DEVICE_BURST,True
TX_2026_00008386,False,None,False
TX_2026_00008387,False,None,False
TX_2026_00008388,False,None,False
TX_2026_00008389,False,None,False
TX_2026_00008390,False,None,False
TX_2026_00008391,False,None,False
TX_2026_00008392,False,None,False
TX_2026_00008393,False,None,False
TX_2026_00008394,False,None,False
TX_2026_00008395,False,None,False
TX_2026_00008396,False,None,False
TX_2026_00008397,False,None,False
TX_2026_00008398,False,None,False
TX_2026_00008399,False,None,False
TX_2026_00008400,False,None,False
TX_2026_00008401,False,None,False
TX_2026_00008402,False,None,False
TX_2026_00008403,False,None,False
TX_2026_00008404,False,None,False
TX_2026_00008405,False,None,False
TX_2026_00008406,False,None,False
TX_2026_00008407,False,None,False
TX_2026_00008408,False,None,False
TX_2026_00008409,False,None,False
TX_2026_00008410,False,None,False
TX_2026_00008411,False,None,False
TX_2026_00008412,False,None,False
TX_2026_00008413,False,None,False
TX_2026_00008414,False,None,False
TX_2026_00008415,False,None,False
TX_2026_00008416,False,None,False
TX_2026_00008417,False,None,False
TX_2026_00008418,False,None,False
TX_2026_00008419,False,None,False
TX_2026_00008420,False,None,False
TX_2026_00008421,False,None,False
TX_2026_00008422,False,None,False
TX_2026_00008423,False,None,False
TX_2026_00008424,False,None,False
TX_2026_00008425,False,None,False
TX_2026_00008426,False,None,False
TX_2026_00008427,False,None,False
TX_2026_00008428,False,None,False
TX_2026_00008429,False,None,False
TX_2026_00008430,False,None,False
TX_2026_00008431,False,None,False
TX_2026_00008432,False,None,False
TX_2026_00008433,False,None,False
TX_2026_00008434,False,None,False
TX_2026_00008435,False,None,False
TX_2026_00008436,False,None,False
TX_2026_00008437,False,None,False
TX_2026_00008438,False,None,False
TX_2026_00008439,False,None,False
TX_2026_00008440,False,None,False
TX_2026_00008441,False,None,False
TX_2026_00008442,False,None,False
TX_2026_00008443,False,None,False
TX_2026_00008444,True,UNUSUAL_NIGHT,True
TX_2026_00008445,False,None,False
TX_2026_00008446,False,None,False
TX_2026_00008447,False,None,False
TX_2026_00008448,False,None,False
TX_2026_00008449,False,None,False
TX_2026_00008450,False,None,False
TX_2026_00008451,False,None,False
TX_2026_00008452,False,None,False
TX_2026_00008453,False,None,False
TX_2026_00008454,False,None,False
TX_2026_00008455,False,None,False
TX_2026_00008456,False,None,False
TX_2026_00008457,False,None,False
TX_2026_00008458,False,None,False
TX_2026_00008459,False,None,False
TX_2026_00008460,False,None,False
TX_2026_00008461,False,None,False
TX_2026_00008462,False,None,False
TX_2026_00008463,False,None,False
TX_2026_00008464,False,None,False
TX_2026_00008465,False,None,False
TX_2026_00008466,False,None,False
TX_2026_00008467,False,None,False
TX_2026_00008468,False,None,False
TX_2026_00008469,False,None,False
TX_2026_00008470,False,None,False
TX_2026_00008471,False,None,False
TX_2026_00008472,False,None,False
TX_2026_00008473,False,None,False
TX_2026_00008474,False,None,False
TX_2026_00008475,False,None,False
TX_2026_00008476,False,None,False
TX_2026_00008477,False,None,False
TX_2026_00008478,False,None,False
TX_2026_00008479,False,None,False
TX_2026_00008480,False,None,False
TX_2026_00008481,False,None,False
TX_2026_00008482,False,None,False
TX_2026_00008483,False,None,False
TX_2026_00008484,False,None,False
TX_2026_00008485,False,None,False
TX_2026_00008486,False,None,False
TX_2026_00008487,False,None,False
TX_2026_00008488,False,None,False
TX_2026_00008489,False,None,False
TX_2026_00008490,False,None,False
TX_2026_00008491,False,None,False
TX_2026_00008492,False,None,False
TX_2026_00008493,False,None,False
TX_2026_00008494,False,None,False
TX_2026_00008495,False,None,False
TX_2026_00008496,False,None,False
TX_2026_00008497,False,None,False
TX_2026_00008498,False,None,False
TX_2026_00008499,False,None,False
TX_2026_00008500,False,None,False
TX_2026_00008501,False,None,False
TX_2026_00008502,False,None,False
TX_2026_00008503,False,None,False
TX_2026_00008504,False,None,False
TX_2026_00008505,False,None,False
TX_2026_00008506,False,None,False
TX_2026_00008507,False,None,False
TX_2026_00008508,False,None,False
TX_2026_00008509,False,None,False
TX_2026_00008510,False,None,False
TX_2026_00008511,False,None,False
TX_2026_00008512,False,None,False
TX_2026_00008513,False,None,False
TX_2026_00008514,False,None,False
TX_2026_00008515,False,None,False
TX_2026_00008516,False,None,False
TX_2026_00008517,False,None,False
TX_2026_00008518,False,None,False
TX_2026_00008519,False,None,False
TX_2026_00008520,False,None,False
TX_2026_00008521,False,None,False
TX_2026_00008522,False,None,False
TX_2026_00008523,False,None,False
TX_2026_00008524,False,None,False
TX_2026_00008525,False,None,False
TX_2026_00008526,False,None,False
TX_2026_00008527,True,NEW_FOREIGN_LOCATION,True
TX_2026_00008528,False,None,False
TX_2026_00008529,False,None,False
TX_2026_00008530,False,None,False
TX_2026_00008531,False,None,False
TX_2026_00008532,False,None,False
TX_2026_00008533,False,None,False
TX_2026_00008534,False,None,False
TX_2026_00008535,False,None,False
TX_2026_00008536,False,None,False
TX_2026_00008537,False,None,False
TX_2026_00008538,False,None,False
TX_2026_00008539,False,None,False
TX_2026_00008540,False,None,False
TX_2026_00008541,False,None,False
TX_2026_00008542,False,None,False
TX_2026_00008543,False,None,False
TX_2026_00008544,False,None,False
TX_2026_00008545,False,None,False
TX_2026_00008546,False,None,False
TX_2026_00008547,False,None,False
TX_2026_00008548,False,None,False
TX_2026_00008549,False,None,False
TX_2026_00008550,False,None,False
TX_2026_00008551,False,None,False
TX_2026_00008552,False,None,False
TX_2026_00008553,False,None,False
TX_2026_00008554,False,None,False
TX_2026_00008555,False,None,False
TX_2026_00008556,False,None,False
TX_2026_00008557,False,None,False
TX_2026_00008558,False,None,False
TX_2026_00008559,False,None,False
TX_2026_00008560,False,None,False
TX_2026_00008561,False,None,False
TX_2026_00008562,False,None,False
TX_2026_00008563,False,None,False
TX_2026_00008564,False,None,False
TX_2026_00008565,False,None,False
TX_2026_00008566,False,None,False
TX_2026_00008567,False,None,False
TX_2026_00008568,False,None,False
TX_2026_00008569,False,None,False
TX_2026_00008570,False,None,False
TX_2026_00008571,False,None,False
TX_2026_00008572,False,None,False
TX_2026_00008573,False,None,False
TX_2026_00008574,False,None,False
TX_2026_00008575,False,None,False
TX_2026_00008576,False,None,False
TX_2026_00008577,False,None,False
TX_2026_00008578,False,None,False
TX_2026_00008579,False,None,False
TX_2026_00008580,False,None,False
TX_2026_00008581,False,None,False
TX_2026_00008582,False,None,False
TX_2026_00008583,False,None,False
TX_2026_00008584,False,None,False
TX_2026_00008585,False,None,False
TX_2026_00008586,False,None,False
TX_2026_00008587,False,None,False
TX_2026_00008588,False,None,False
TX_2026_00008589,False,None,False
TX_2026_00008590,False,None,False
TX_2026_00008591,False,None,False
TX_2026_00008592,False,None,False
TX_2026_00008593,False,None,False
TX_2026_00008594,False,None,False
TX_2026_00008595,False,None,False
TX_2026_00008596,False,None,False
TX_2026_00008597,False,None,False
TX_2026_00008598,False,None,False
TX_2026_00008599,True,NEW_DEVICE_BURST,True
TX_2026_00008600,False,None,False
TX_2026_00008601,False,None,False
TX_2026_00008602,False,None,False
TX_2026_00008603,False,None,False
TX_2026_00008604,False,None,False
TX_2026_00008605,False,None,False
TX_2026_00008606,True,NEW_FOREIGN_LOCATION,False
TX_2026_00008607,False,None,False
TX_2026_00008608,False,None,False
TX_2026_00008609,False,None,False
TX_2026_00008610,False,None,False
TX_2026_00008611,False,None,False
TX_2026_00008612,False,None,False
TX_2026_00008613,True,UNUSUAL_NIGHT,True
TX_2026_00008614,False,None,False
TX_2026_00008615,False,None,False
TX_2026_00008616,False,None,False
TX_2026_00008617,False,None,False
TX_2026_00008618,False,None,False
TX_2026_00008619,False,None,False
TX_2026_00008620,False,None,False
TX_2026_00008621,False,None,False
TX_2026_00008622,False,None,False
TX_2026_00008623,False,None,False
TX_2026_00008624,False,None,False
TX_2026_00008625,False,None,False
TX_2026_00008626,False,None,False
TX_2026_00008627,False,None,False
TX_2026_00008628,False,None,False
TX_2026_00008629,False,None,False
TX_2026_00008630,False,None,False
TX_2026_00008631,False,None,False
TX_2026_00008632,False,None,False
TX_2026_00008633,False,None,False
TX_2026_00008634,False,None,False
TX_2026_00008635,False,None,False
TX_2026_00008636,False,None,False
TX_2026_00008637,False,None,False
TX_2026_00008638,False,None,False
TX_2026_00008639,False,None,False
TX_2026_00008640,False,None,False
TX_2026_00008641,False,None,False
TX_2026_00008642,False,None,False
TX_2026_00008643,False,None,False
TX_2026_00008644,False,None,False
TX_2026_00008645,False,None,False
TX_2026_00008646,False,None,False
TX_2026_00008647,False,None,False
TX_2026_00008648,False,None,False
TX_2026_00008649,False,None,False
TX_2026_00008650,False,None,False
TX_2026_00008651,False,None,False
TX_2026_00008652,False,None,False
TX_2026_00008653,False,None,False
TX_2026_00008654,False,None,False
TX_2026_00008655,False,None,False
TX_2026_00008656,False,None,False
TX_2026_00008657,False,None,False
TX_2026_00008658,False,None,False
TX_2026_00008659,False,None,False
TX_2026_00008660,False,None,False
TX_2026_00008661,False,None,False
TX_2026_00008662,False,None,False
TX_2026_00008663,False,None,False
TX_2026_00008664,False,None,False
TX_2026_00008665,False,None,False
TX_2026_00008666,False,None,False
TX_2026_00008667,False,None,False
TX_2026_00008668,False,None,False
TX_2026_00008669,False,None,False
TX_2026_00008670,False,None,False
TX_2026_00008671,False,None,False
TX_2026_00008672,False,None,False
TX_2026_00008673,False,None,False
TX_2026_00008674,False,None,False
TX_2026_00008675,False,None,False
TX_2026_00008676,False,None,False
TX_2026_00008677,False,None,False
TX_2026_00008678,False,None,False
TX_2026_00008679,False,None,False
TX_2026_00008680,False,None,False
TX_2026_00008681,False,None,False
TX_2026_00008682,True,NEW_DEVICE_BURST,False
TX_2026_00008683,False,None,False
TX_2026_00008684,False,None,False
TX_2026_00008685,True,NEW_FOREIGN_LOCATION,True
TX_2026_00008686,False,None,False
TX_2026_00008687,False,None,False
TX_2026_00008688,False,None,False
TX_2026_00008689,False,None,False
TX_2026_00008690,False,None,False
TX_2026_00008691,False,None,False
TX_2026_00008692,False,None,False
TX_2026_00008693,False,None,False
TX_2026_00008694,False,None,False
TX_2026_00008695,False,None,False
TX_2026_00008696,False,None,False
TX_2026_00008697,False,None,False
TX_2026_00008698,False,None,False
TX_2026_00008699,False,None,False
TX_2026_00008700,False,None,False
TX_2026_00008701,False,None,False
TX_2026_00008702,False,None,False
TX_2026_00008703,False,None,False
TX_2026_00008704,False,None,False
TX_2026_00008705,False,None,False
TX_2026_00008706,False,None,False
TX_2026_00008707,False,None,False
TX_2026_00008708,False,None,False
TX_2026_00008709,False,None,False
TX_2026_00008710,False,None,False
TX_2026_00008711,False,None,False
TX_2026_00008712,False,None,False
TX_2026_00008713,False,None,False
TX_2026_00008714,False,None,False
TX_2026_00008715,False,None,False
TX_2026_00008716,False,None,False
TX_2026_00008717,False,None,False
TX_2026_00008718,False,None,False
TX_2026_00008719,False,None,False
TX_2026_00008720,False,None,False
TX_2026_00008721,False,None,False
TX_2026_00008722,False,None,False
TX_2026_00008723,False,None,False
TX_2026_00008724,False,None,False
TX_2026_00008725,False,None,False
TX_2026_00008726,False,None,False
TX_2026_00008727,False,None,False
TX_2026_00008728,False,None,False
TX_2026_00008729,False,None,False
TX_2026_00008730,False,None,False
TX_2026_00008731,False,None,False
TX_2026_00008732,False,None,False
TX_2026_00008733,False,None,False
TX_2026_00008734,False,None,False
TX_2026_00008735,False,None,False
TX_2026_00008736,False,None,False
TX_2026_00008737,False,None,False
TX_2026_00008738,False,None,False
TX_2026_00008739,False,None,False
TX_2026_00008740,False,None,False
TX_2026_00008741,False,None,False
TX_2026_00008742,False,None,False
TX_2026_00008743,False,None,False
TX_2026_00008744,False,None,False
TX_2026_00008745,False,None,False
TX_2026_00008746,False,None,False
TX_2026_00008747,False,None,False
TX_2026_00008748,False,None,False
TX_2026_00008749,False,None,False
TX_2026_00008750,False,None,False
TX_2026_00008751,False,None,False
TX_2026_00008752,False,None,False
TX_2026_00008753,False,None,False
TX_2026_00008754,False,None,False
TX_2026_00008755,True,HIGH_AMOUNT,True
TX_2026_00008756,False,None,False
TX_2026_00008757,False,None,False
TX_2026_00008758,False,None,False
TX_2026_00008759,False,None,False
TX_2026_00008760,False,None,False
TX_2026_00008761,False,None,False
TX_2026_00008762,False,None,False
TX_2026_00008763,False,None,False
TX_2026_00008764,False,None,False
TX_2026_00008765,False,None,False
TX_2026_00008766,False,None,False
TX_2026_00008767,False,None,False
TX_2026_00008768,False,None,False
TX_2026_00008769,False,None,False
TX_2026_00008770,False,None,False
TX_2026_00008771,False,None,False
TX_2026_00008772,False,None,False
TX_2026_00008773,False,None,False
TX_2026_00008774,False,None,False
TX_2026_00008775,False,None,False
TX_2026_00008776,False,None,False
TX_2026_00008777,False,None,False
TX_2026_00008778,False,None,False
TX_2026_00008779,False,None,False
TX_2026_00008780,False,None,False
TX_2026_00008781,False,None,False
TX_2026_00008782,False,None,False
TX_2026_00008783,False,None,False
TX_2026_00008784,False,None,False
TX_2026_00008785,False,None,False
TX_2026_00008786,False,None,False
TX_2026_00008787,False,None,False
TX_2026_00008788,False,None,False
TX_2026_00008789,False,None,False
TX_2026_00008790,False,None,False
TX_2026_00008791,False,None,False
TX_2026_00008792,False,None,False
TX_2026_00008793,False,None,False
TX_2026_00008794,False,None,False
TX_2026_00008795,False,None,False
TX_2026_00008796,False,None,False
TX_2026_00008797,False,None,False
TX_2026_00008798,False,None,False
TX_2026_00008799,False,None,False
TX_2026_00008800,False,None,False
TX_2026_00008801,False,None,False
TX_2026_00008802,False,None,False
TX_2026_00008803,False,None,False
TX_2026_00008804,False,None,False
TX_2026_00008805,False,None,False
TX_2026_00008806,False,None,False
TX_2026_00008807,False,None,False
TX_2026_00008808,False,None,False
TX_2026_00008809,False,None,False
TX_2026_00008810,False,None,False
TX_2026_00008811,False,None,False
TX_2026_00008812,False,None,False
TX_2026_00008813,False,None,False
TX_2026_00008814,False,None,False
TX_2026_00008815,False,None,False
TX_2026_00008816,False,None,False
TX_2026_00008817,False,None,False
TX_2026_00008818,False,None,False
TX_2026_00008819,False,None,False
TX_2026_00008820,False,None,False
TX_2026_00008821,False,None,False
TX_2026_00008822,False,None,False
TX_2026_00008823,False,None,False
TX_2026_00008824,False,None,False
TX_2026_00008825,False,None,False
TX_2026_00008826,False,None,False
TX_2026_00008827,False,None,False
TX_2026_00008828,False,None,False
TX_2026_00008829,False,None,False
TX_2026_00008830,False,None,False
TX_2026_00008831,False,None,False
TX_2026_00008832,False,None,False
TX_2026_00008833,True,NEW_DEVICE_BURST,True
TX_2026_00008834,False,None,False
TX_2026_00008835,False,None,False
TX_2026_00008836,False,None,False
TX_2026_00008837,False,None,False
TX_2026_00008838,False,None,False
TX_2026_00008839,False,None,False
TX_2026_00008840,False,None,False
TX_2026_00008841,False,None,False
TX_2026_00008842,False,None,False
TX_2026_00008843,False,None,False
TX_2026_00008844,False,None,False
TX_2026_00008845,False,None,False
TX_2026_00008846,False,None,False
TX_2026_00008847,False,None,False
TX_2026_00008848,False,None,False
TX_2026_00008849,False,None,False
TX_2026_00008850,False,None,False
TX_2026_00008851,False,None,False
TX_2026_00008852,False,None,False
TX_2026_00008853,False,None,False
TX_2026_00008854,False,None,False
TX_2026_00008855,False,None,False
TX_2026_00008856,False,None,False
TX_2026_00008857,False,None,False
TX_2026_00008858,False,None,False
TX_2026_00008859,False,None,False
TX_2026_00008860,False,None,False
TX_2026_00008861,False,None,False
TX_2026_00008862,False,None,False
TX_2026_00008863,False,None,False
TX_2026_00008864,False,None,False
TX_2026_00008865,False,None,False
TX_2026_00008866,False,None,False
TX_2026_00008867,False,None,False
TX_2026_00008868,False,None,False
TX_2026_00008869,False,None,False
TX_2026_00008870,False,None,False
TX_2026_00008871,False,None,False
TX_2026_00008872,False,None,False
TX_2026_00008873,False,None,False
TX_2026_00008874,False,None,False
TX_2026_00008875,False,None,False
TX_2026_00008876,False,None,False
TX_2026_00008877,False,None,False
TX_2026_00008878,False,None,False
TX_2026_00008879,False,None,False
TX_2026_00008880,False,None,False
TX_2026_00008881,False,None,False
TX_2026_00008882,False,None,False
TX_2026_00008883,False,None,False
TX_2026_00008884,False,None,False
TX_2026_00008885,False,None,False
TX_2026_00008886,False,None,False
TX_2026_00008887,False,None,False
TX_2026_00008888,False,None,False
TX_2026_00008889,False,None,False
TX_2026_00008890,False,None,False
TX_2026_00008891,False,None,False
TX_2026_00008892,False,None,False
TX_2026_00008893,False,None,False
TX_2026_00008894,False,None,False
TX_2026_00008895,False,None,False
TX_2026_00008896,False,None,False
TX_2026_00008897,False,None,False
TX_2026_00008898,False,None,False
TX_2026_00008899,False,None,False
TX_2026_00008900,False,None,False
TX_2026_00008901,False,None,False
TX_2026_00008902,False,None,False
TX_2026_00008903,False,None,False
TX_2026_00008904,False,None,False
TX_2026_00008905,False,None,False
TX_2026_00008906,False,None,False
TX_2026_00008907,False,None,False
TX_2026_00008908,True,NEW_FOREIGN_LOCATION,True
TX_2026_00008909,False,None,False
TX_2026_00008910,False,None,False
TX_2026_00008911,False,None,False
TX_2026_00008912,False,None,False
TX_2026_00008913,False,None,False
TX_2026_00008914,False,None,False
TX_2026_00008915,False,None,False
TX_2026_00008916,False,None,False
TX_2026_00008917,False,None,False
TX_2026_00008918,False,None,False
TX_2026_00008919,False,None,False
TX_2026_00008920,False,None,False
TX_2026_00008921,False,None,False
TX_2026_00008922,False,None,False
TX_2026_00008923,False,None,False
TX_2026_00008924,False,None,False
TX_2026_00008925,False,None,False
TX_2026_00008926,False,None,False
TX_2026_00008927,False,None,False
TX_2026_00008928,False,None,False
TX_2026_00008929,False,None,False
TX_2026_00008930,False,None,False
TX_2026_00008931,False,None,False
TX_2026_00008932,False,None,False
TX_2026_00008933,False,None,False
TX_2026_00008934,False,None,False
TX_2026_00008935,False,None,False
TX_2026_00008936,False,None,False
TX_2026_00008937,False,None,False
TX_2026_00008938,False,None,False
TX_2026_00008939,False,None,False
TX_2026_00008940,False,None,False
TX_2026_00008941,False,None,False
TX_2026_00008942,False,None,False
TX_2026_00008943,False,None,False
TX_2026_00008944,False,None,False
TX_2026_00008945,False,None,False
TX_2026_00008946,False,None,False
TX_2026_00008947,False,None,False
TX_2026_00008948,False,None,False
TX_2026_00008949,False,None,False
TX_2026_00008950,False,None,False
TX_2026_00008951,False,None,False
TX_2026_00008952,False,None,False
TX_2026_00008953,False,None,False
TX_2026_00008954,False,None,False
TX_2026_00008955,False,None,False
TX_2026_00008956,False,None,False
TX_2026_00008957,False,None,False
TX_2026_00008958,False,None,False
TX_2026_00008959,False,None,False
TX_2026_00008960,False,None,False
TX_2026_00008961,False,None,False
TX_2026_00008962,False,None,False
TX_2026_00008963,False,None,False
TX_2026_00008964,False,None,False
TX_2026_00008965,False,None,False
TX_2026_00008966,False,None,False
TX_2026_00008967,False,None,False
TX_2026_00008968,False,None,False
TX_2026_00008969,False,None,False
TX_2026_00008970,False,None,False
TX_2026_00008971,False,None,False
TX_2026_00008972,False,None,False
TX_2026_00008973,False,None,False
TX_2026_00008974,False,None,False
TX_2026_00008975,False,None,False
TX_2026_00008976,False,None,False
TX_2026_00008977,False,None,False
TX_2026_00008978,False,None,False
TX_2026_00008979,False,None,False
TX_2026_00008980,False,None,False
TX_2026_00008981,False,None,False
TX_2026_00008982,False,None,False
TX_2026_00008983,False,None,False
TX_2026_00008984,False,None,False
TX_2026_00008985,False,None,False
TX_2026_00008986,False,None,False
TX_2026_00008987,False,None,False
TX_2026_00008988,False,None,False
TX_2026_00008989,False,None,False
TX_2026_00008990,False,None,False
TX_2026_00008991,False,None,False
TX_2026_00008992,False,None,False
TX_2026_00008993,False,None,False
TX_2026_00008994,False,None,False
TX_2026_00008995,False,None,False
TX_2026_00008996,False,None,False
TX_2026_00008997,False,None,False
TX_2026_00008998,False,None,False
TX_2026_00008999,False,None,False
TX_2026_00009000,False,None,False
TX_2026_00009001,False,None,False
TX_2026_00009002,False,None,False
TX_2026_00009003,False,None,False
TX_2026_00009004,False,None,False
TX_2026_00009005,True,HIGH_AMOUNT,True
TX_2026_00009006,False,None,False
TX_2026_00009007,False,None,False
TX_2026_00009008,False,None,False
TX_2026_00009009,False,None,False
TX_2026_00009010,False,None,False
TX_2026_00009011,False,None,False
TX_2026_00009012,False,None,False
TX_2026_00009013,False,None,False
TX_2026_00009014,False,None,False
TX_2026_00009015,False,None,False
TX_2026_00009016,False,None,False
TX_2026_00009017,False,None,False
TX_2026_00009018,False,None,False
TX_2026_00009019,False,None,False
TX_2026_00009020,False,None,False
TX_2026_00009021,False,None,False
TX_2026_00009022,False,None,False
TX_2026_00009023,False,None,False
TX_2026_00009024,False,None,False
TX_2026_00009025,False,None,False
TX_2026_00009026,False,None,False
TX_2026_00009027,False,None,False
TX_2026_00009028,False,None,False
TX_2026_00009029,False,None,False
TX_2026_00009030,False,None,False
TX_2026_00009031,False,None,False
TX_2026_00009032,True,NEW_DEVICE_BURST,False
TX_2026_00009033,False,None,False
TX_2026_00009034,False,None,False
TX_2026_00009035,False,None,False
TX_2026_00009036,False,None,False
TX_2026_00009037,False,None,False
TX_2026_00009038,False,None,False
TX_2026_00009039,False,None,False
TX_2026_00009040,False,None,False
TX_2026_00009041,False,None,False
TX_2026_00009042,False,None,False
TX_2026_00009043,False,None,False
TX_2026_00009044,False,None,False
TX_2026_00009045,False,None,False
TX_2026_00009046,False,None,False
TX_2026_00009047,False,None,False
TX_2026_00009048,False,None,False
TX_2026_00009049,False,None,False
TX_2026_00009050,False,None,False
TX_2026_00009051,False,None,False
TX_2026_00009052,False,None,False
TX_2026_00009053,False,None,False
TX_2026_00009054,False,None,False
TX_2026_00009055,False,None,False
TX_2026_00009056,False,None,False
TX_2026_00009057,False,None,False
TX_2026_00009058,False,None,False
TX_2026_00009059,False,None,False
TX_2026_00009060,False,None,False
TX_2026_00009061,False,None,False
TX_2026_00009062,False,None,False
TX_2026_00009063,False,None,False
TX_2026_00009064,False,None,False
TX_2026_00009065,False,None,False
TX_2026_00009066,False,None,False
TX_2026_00009067,False,None,False
TX_2026_00009068,False,None,False
TX_2026_00009069,False,None,False
TX_2026_00009070,False,None,False
TX_2026_00009071,False,None,False
TX_2026_00009072,False,None,False
TX_2026_00009073,False,None,False
TX_2026_00009074,False,None,False
TX_2026_00009075,False,None,False
TX_2026_00009076,False,None,False
TX_2026_00009077,False,None,False
TX_2026_00009078,False,None,False
TX_2026_00009079,False,None,False
TX_2026_00009080,False,None,False
TX_2026_00009081,False,None,False
TX_2026_00009082,False,None,False
TX_2026_00009083,False,None,False
TX_2026_00009084,False,None,False
TX_2026_00009085,False,None,False
TX_2026_00009086,False,None,False
TX_2026_00009087,False,None,False
TX_2026_00009088,False,None,False
TX_2026_00009089,False,None,False
TX_2026_00009090,False,None,False
TX_2026_00009091,False,None,False
TX_2026_00009092,False,None,False
TX_2026_00009093,False,None,False
TX_2026_00009094,False,None,False
TX_2026_00009095,False,None,False
TX_2026_00009096,False,None,False
TX_2026_00009097,False,None,False
TX_2026_00009098,False,None,False
TX_2026_00009099,False,None,False
TX_2026_00009100,False,None,False
TX_2026_00009101,False,None,False
TX_2026_00009102,False,None,False
TX_2026_00009103,False,None,False
TX_2026_00009104,False,None,False
TX_2026_00009105,False,None,False
TX_2026_00009106,True,HIGH_AMOUNT,True
TX_2026_00009107,False,None,False
TX_2026_00009108,True,UNUSUAL_NIGHT,True
TX_2026_00009109,False,None,False
TX_2026_00009110,False,None,False
TX_2026_00009111,False,None,False
TX_2026_00009112,False,None,False
TX_2026_00009113,False,None,False
TX_2026_00009114,False,None,False
TX_2026_00009115,False,None,False
TX_2026_00009116,False,None,False
TX_2026_00009117,False,None,False
TX_2026_00009118,False,None,False
TX_2026_00009119,False,None,False
TX_2026_00009120,False,None,False
TX_2026_00009121,False,None,False
TX_2026_00009122,False,None,False
TX_2026_00009123,False,None,False
TX_2026_00009124,False,None,False
TX_2026_00009125,False,None,False
TX_2026_00009126,False,None,False
TX_2026_00009127,False,None,False
TX_2026_00009128,False,None,False
TX_2026_00009129,False,None,False
TX_2026_00009130,False,None,False
TX_2026_00009131,False,None,False
TX_2026_00009132,False,None,False
TX_2026_00009133,False,None,False
TX_2026_00009134,False,None,False
TX_2026_00009135,False,None,False
TX_2026_00009136,False,None,False
TX_2026_00009137,False,None,False
TX_2026_00009138,False,None,False
TX_2026_00009139,False,None,False
TX_2026_00009140,False,None,False
TX_2026_00009141,False,None,False
TX_2026_00009142,False,None,False
TX_2026_00009143,False,None,False
TX_2026_00009144,False,None,False
TX_2026_00009145,False,None,False
TX_2026_00009146,False,None,False
TX_2026_00009147,False,None,False
TX_2026_00009148,False,None,False
TX_2026_00009149,False,None,False
TX_2026_00009150,False,None,False
TX_2026_00009151,False,None,False
TX_2026_00009152,False,None,False
TX_2026_00009153,True,HIGH_AMOUNT,False
TX_2026_00009154,False,None,False
TX_2026_00009155,False,None,False
TX_2026_00009156,True,UNUSUAL_NIGHT,False
TX_2026_00009157,False,None,False
TX_2026_00009158,False,None,False
TX_2026_00009159,False,None,False
TX_2026_00009160,False,None,False
TX_2026_00009161,False,None,False
TX_2026_00009162,False,None,False
TX_2026_00009163,False,None,False
TX_2026_00009164,False,None,False
TX_2026_00009165,False,None,False
TX_2026_00009166,False,None,False
TX_2026_00009167,False,None,False
TX_2026_00009168,False,None,False
TX_2026_00009169,False,None,False
TX_2026_00009170,False,None,False
TX_2026_00009171,False,None,False
TX_2026_00009172,False,None,False
TX_2026_00009173,False,None,False
TX_2026_00009174,False,None,False
TX_2026_00009175,False,None,False
TX_2026_00009176,False,None,False
TX_2026_00009177,False,None,False
TX_2026_00009178,False,None,False
TX_2026_00009179,False,None,False
TX_2026_00009180,False,None,False
TX_2026_00009181,False,None,False
TX_2026_00009182,False,None,False
TX_2026_00009183,False,None,False
TX_2026_00009184,False,None,False
TX_2026_00009185,False,None,False
TX_2026_00009186,False,None,False
TX_2026_00009187,False,None,False
TX_2026_00009188,True,NEW_DEVICE_BURST,True
TX_2026_00009189,False,None,False
TX_2026_00009190,False,None,False
TX_2026_00009191,False,None,False
TX_2026_00009192,False,None,False
TX_2026_00009193,False,None,False
TX_2026_00009194,False,None,False
TX_2026_00009195,False,None,False
TX_2026_00009196,False,None,False
TX_2026_00009197,False,None,False
TX_2026_00009198,False,None,False
TX_2026_00009199,False,None,False
TX_2026_00009200,False,None,False
TX_2026_00009201,False,None,False
TX_2026_00009202,False,None,False
TX_2026_00009203,False,None,False
TX_2026_00009204,False,None,False
TX_2026_00009205,False,None,False
TX_2026_00009206,False,None,False
TX_2026_00009207,False,None,False
TX_2026_00009208,True,NEW_FOREIGN_LOCATION,False
TX_2026_00009209,False,None,False
TX_2026_00009210,False,None,False
TX_2026_00009211,False,None,False
TX_2026_00009212,False,None,False
TX_2026_00009213,False,None,False
TX_2026_00009214,False,None,False
TX_2026_00009215,False,None,False
TX_2026_00009216,False,None,False
TX_2026_00009217,False,None,False
TX_2026_00009218,False,None,False
TX_2026_00009219,False,None,False
TX_2026_00009220,False,None,False
TX_2026_00009221,False,None,False
TX_2026_00009222,False,None,False
TX_2026_00009223,False,None,False
TX_2026_00009224,False,None,False
TX_2026_00009225,False,None,False
TX_2026_00009226,False,None,False
TX_2026_00009227,False,None,False
TX_2026_00009228,False,None,False
TX_2026_00009229,False,None,False
TX_2026_00009230,False,None,False
TX_2026_00009231,False,None,False
TX_2026_00009232,False,None,False
TX_2026_00009233,False,None,False
TX_2026_00009234,False,None,False
TX_2026_00009235,False,None,False
TX_2026_00009236,False,None,False
TX_2026_00009237,False,None,False
TX_2026_00009238,False,None,False
TX_2026_00009239,False,None,False
TX_2026_00009240,False,None,False
TX_2026_00009241,False,None,False
TX_2026_00009242,False,None,False
TX_2026_00009243,False,None,False
TX_2026_00009244,False,None,False
TX_2026_00009245,False,None,False
TX_2026_00009246,False,None,False
TX_2026_00009247,False,None,False
TX_2026_00009248,False,None,False
TX_2026_00009249,False,None,False
TX_2026_00009250,False,None,False
TX_2026_00009251,False,None,False
TX_2026_00009252,False,None,False
TX_2026_00009253,False,None,False
TX_2026_00009254,False,None,False
TX_2026_00009255,False,None,False
TX_2026_00009256,False,None,False
TX_2026_00009257,False,None,False
TX_2026_00009258,False,None,False
TX_2026_00009259,False,None,False
TX_2026_00009260,False,None,False
TX_2026_00009261,False,None,False
TX_2026_00009262,False,None,False
TX_2026_00009263,False,None,False
TX_2026_00009264,False,None,False
TX_2026_00009265,False,None,False
TX_2026_00009266,False,None,False
TX_2026_00009267,False,None,False
TX_2026_00009268,False,None,False
TX_2026_00009269,False,None,False
TX_2026_00009270,False,None,False
TX_2026_00009271,False,None,False
TX_2026_00009272,False,None,False
TX_2026_00009273,False,None,False
TX_2026_00009274,False,None,False
TX_2026_00009275,False,None,False
TX_2026_00009276,False,None,False
TX_2026_00009277,False,None,False
TX_2026_00009278,False,None,False
TX_2026_00009279,True,UNUSUAL_NIGHT,True
TX_2026_00009280,False,None,False
TX_2026_00009281,False,None,False
TX_2026_00009282,False,None,False
TX_2026_00009283,False,None,False
TX_2026_00009284,False,None,False
TX_2026_00009285,False,None,False
TX_2026_00009286,False,None,False
TX_2026_00009287,False,None,False
TX_2026_00009288,True,NEW_FOREIGN_LOCATION,True
TX_2026_00009289,False,None,False
TX_2026_00009290,False,None,False
TX_2026_00009291,False,None,False
TX_2026_00009292,False,None,False
TX_2026_00009293,False,None,False
TX_2026_00009294,False,None,False
TX_2026_00009295,False,None,False
TX_2026_00009296,False,None,False
TX_2026_00009297,False,None,False
TX_2026_00009298,False,None,False
TX_2026_00009299,False,None,False
TX_2026_00009300,False,None,False
TX_2026_00009301,False,None,False
TX_2026_00009302,False,None,False
TX_2026_00009303,False,None,False
TX_2026_00009304,False,None,False
TX_2026_00009305,True,NEW_FOREIGN_LOCATION,True
TX_2026_00009306,False,None,False
TX_2026_00009307,False,None,False
TX_2026_00009308,False,None,False
TX_2026_00009309,False,None,False
TX_2026_00009310,False,None,False
TX_2026_00009311,False,None,False
TX_2026_00009312,False,None,False
TX_2026_00009313,False,None,False
TX_2026_00009314,False,None,False
TX_2026_00009315,False,None,False
TX_2026_00009316,False,None,False
TX_2026_00009317,False,None,False
TX_2026_00009318,False,None,False
TX_2026_00009319,False,None,False
TX_2026_00009320,False,None,False
TX_2026_00009321,False,None,False
TX_2026_00009322,False,None,False
TX_2026_00009323,False,None,False
TX_2026_00009324,False,None,False
TX_2026_00009325,False,None,False
TX_2026_00009326,False,None,False
TX_2026_00009327,False,None,False
TX_2026_00009328,False,None,False
TX_2026_00009329,False,None,False
TX_2026_00009330,False,None,False
TX_2026_00009331,False,None,False
TX_2026_00009332,False,None,False
TX_2026_00009333,False,None,False
TX_2026_00009334,False,None,False
TX_2026_00009335,False,None,False
TX_2026_00009336,False,None,False
TX_2026_00009337,False,None,False
TX_2026_00009338,False,None,False
TX_2026_00009339,False,None,False
TX_2026_00009340,False,None,False
TX_2026_00009341,False,None,False
TX_2026_00009342,False,None,False
TX_2026_00009343,False,None,False
TX_2026_00009344,False,None,False
TX_2026_00009345,False,None,False
TX_2026_00009346,False,None,False
TX_2026_00009347,False,None,False
TX_2026_00009348,False,None,False
TX_2026_00009349,False,None,False
TX_2026_00009350,False,None,False
TX_2026_00009351,False,None,False
TX_2026_00009352,False,None,False
TX_2026_00009353,False,None,False
TX_2026_00009354,False,None,False
TX_2026_00009355,False,None,False
TX_2026_00009356,False,None,False
TX_2026_00009357,False,None,False
TX_2026_00009358,False,None,False
TX_2026_00009359,False,None,False
TX_2026_00009360,False,None,False
TX_2026_00009361,False,None,False
TX_2026_00009362,False,None,False
TX_2026_00009363,False,None,False
TX_2026_00009364,False,None,False
TX_2026_00009365,False,None,False
TX_2026_00009366,False,None,False
TX_2026_00009367,False,None,False
TX_2026_00009368,False,None,False
TX_2026_00009369,False,None,False
TX_2026_00009370,False,None,False
TX_2026_00009371,False,None,False
TX_2026_00009372,False,None,False
TX_2026_00009373,False,None,False
TX_2026_00009374,False,None,False
TX_2026_00009375,False,None,False
TX_2026_00009376,False,None,False
TX_2026_00009377,False,None,False
TX_2026_00009378,False,None,False
TX_2026_00009379,False,None,False
TX_2026_00009380,False,None,False
TX_2026_00009381,False,None,False
TX_2026_00009382,False,None,False
TX_2026_00009383,False,None,False
TX_2026_00009384,False,None,False
TX_2026_00009385,False,None,False
TX_2026_00009386,False,None,False
TX_2026_00009387,False,None,False
TX_2026_00009388,False,None,False
TX_2026_00009389,False,None,False
TX_2026_00009390,False,None,False
TX_2026_00009391,False,None,False
TX_2026_00009392,False,None,False
TX_2026_00009393,False,None,False
TX_2026_00009394,False,None,False
TX_2026_00009395,False,None,False
TX_2026_00009396,False,None,False
TX_2026_00009397,False,None,False
TX_2026_00009398,False,None,False
TX_2026_00009399,False,None,False
TX_2026_00009400,False,None,False
TX_2026_00009401,False,None,False
TX_2026_00009402,False,None,False
TX_2026_00009403,False,None,False
TX_2026_00009404,False,None,False
TX_2026_00009405,False,None,False
TX_2026_00009406,False,None,False
TX_2026_00009407,False,None,False
TX_2026_00009408,False,None,False
TX_2026_00009409,False,None,False
TX_2026_00009410,False,None,False
TX_2026_00009411,False,None,False
TX_2026_00009412,False,None,False
TX_2026_00009413,False,None,False
TX_2026_00009414,False,None,False
TX_2026_00009415,False,None,False
TX_2026_00009416,False,None,False
TX_2026_00009417,False,None,False
TX_2026_00009418,False,None,False
TX_2026_00009419,False,None,False
TX_2026_00009420,False,None,False
TX_2026_00009421,False,None,False
TX_2026_00009422,False,None,False
TX_2026_00009423,False,None,False
TX_2026_00009424,False,None,False
TX_2026_00009425,False,None,False
TX_2026_00009426,False,None,False
TX_2026_00009427,False,None,False
TX_2026_00009428,False,None,False
TX_2026_00009429,False,None,False
TX_2026_00009430,True,NEW_FOREIGN_LOCATION,True
TX_2026_00009431,False,None,False
TX_2026_00009432,False,None,False
TX_2026_00009433,False,None,False
TX_2026_00009434,False,None,False
TX_2026_00009435,False,None,False
TX_2026_00009436,False,None,False
TX_2026_00009437,False,None,False
TX_2026_00009438,False,None,False
TX_2026_00009439,False,None,False
TX_2026_00009440,False,None,False
TX_2026_00009441,False,None,False
TX_2026_00009442,False,None,False
TX_2026_00009443,False,None,False
TX_2026_00009444,False,None,False
TX_2026_00009445,False,None,False
TX_2026_00009446,False,None,False
TX_2026_00009447,False,None,False
TX_2026_00009448,False,None,False
TX_2026_00009449,False,None,False
TX_2026_00009450,False,None,False
TX_2026_00009451,False,None,False
TX_2026_00009452,False,None,False
TX_2026_00009453,False,None,False
TX_2026_00009454,False,None,False
TX_2026_00009455,False,None,False
TX_2026_00009456,False,None,False
TX_2026_00009457,False,None,False
TX_2026_00009458,False,None,False
TX_2026_00009459,False,None,False
TX_2026_00009460,False,None,False
TX_2026_00009461,True,HIGH_AMOUNT,True
TX_2026_00009462,True,NEW_FOREIGN_LOCATION,False
TX_2026_00009463,False,None,False
TX_2026_00009464,False,None,False
TX_2026_00009465,False,None,False
TX_2026_00009466,False,None,False
TX_2026_00009467,False,None,False
TX_2026_00009468,False,None,False
TX_2026_00009469,False,None,False
TX_2026_00009470,False,None,False
TX_2026_00009471,False,None,False
TX_2026_00009472,False,None,False
TX_2026_00009473,False,None,False
TX_2026_00009474,False,None,False
TX_2026_00009475,False,None,False
TX_2026_00009476,False,None,False
TX_2026_00009477,False,None,False
TX_2026_00009478,False,None,False
TX_2026_00009479,False,None,False
TX_2026_00009480,False,None,False
TX_2026_00009481,False,None,False
TX_2026_00009482,False,None,False
TX_2026_00009483,False,None,False
TX_2026_00009484,False,None,False
TX_2026_00009485,False,None,False
TX_2026_00009486,False,None,False
TX_2026_00009487,False,None,False
TX_2026_00009488,False,None,False
TX_2026_00009489,False,None,False
TX_2026_00009490,False,None,False
TX_2026_00009491,False,None,False
TX_2026_00009492,False,None,False
TX_2026_00009493,False,None,False
TX_2026_00009494,False,None,False
TX_2026_00009495,False,None,False
TX_2026_00009496,False,None,False
TX_2026_00009497,False,None,False
TX_2026_00009498,False,None,False
TX_2026_00009499,False,None,False
TX_2026_00009500,False,None,False
TX_2026_00009501,False,None,False
TX_2026_00009502,True,UNUSUAL_NIGHT,False
TX_2026_00009503,False,None,False
TX_2026_00009504,False,None,False
TX_2026_00009505,False,None,False
TX_2026_00009506,False,None,False
TX_2026_00009507,False,None,False
TX_2026_00009508,False,None,False
TX_2026_00009509,False,None,False
TX_2026_00009510,False,None,False
TX_2026_00009511,False,None,False
TX_2026_00009512,False,None,False
TX_2026_00009513,False,None,False
TX_2026_00009514,False,None,False
TX_2026_00009515,False,None,False
TX_2026_00009516,False,None,False
TX_2026_00009517,True,UNUSUAL_NIGHT,True
TX_2026_00009518,False,None,False
TX_2026_00009519,False,None,False
TX_2026_00009520,False,None,False
TX_2026_00009521,False,None,False
TX_2026_00009522,False,None,False
TX_2026_00009523,False,None,False
TX_2026_00009524,False,None,False
TX_2026_00009525,False,None,False
TX_2026_00009526,False,None,False
TX_2026_00009527,False,None,False
TX_2026_00009528,False,None,False
TX_2026_00009529,False,None,False
TX_2026_00009530,False,None,False
TX_2026_00009531,False,None,False
TX_2026_00009532,False,None,False
TX_2026_00009533,False,None,False
TX_2026_00009534,False,None,False
TX_2026_00009535,False,None,False
TX_2026_00009536,False,None,False
TX_2026_00009537,False,None,False
TX_2026_00009538,False,None,False
TX_2026_00009539,False,None,False
TX_2026_00009540,False,None,False
TX_2026_00009541,False,None,False
TX_2026_00009542,False,None,False
TX_2026_00009543,False,None,False
TX_2026_00009544,True,NEW_DEVICE_BURST,True
TX_2026_00009545,False,None,False
TX_2026_00009546,False,None,False
TX_2026_00009547,False,None,False
TX_2026_00009548,False,None,False
TX_2026_00009549,False,None,False
TX_2026_00009550,False,None,False
TX_2026_00009551,False,None,False
TX_2026_00009552,False,None,False
TX_2026_00009553,False,None,False
TX_2026_00009554,False,None,False
TX_2026_00009555,False,None,False
TX_2026_00009556,False,None,False
TX_2026_00009557,False,None,False
TX_2026_00009558,False,None,False
TX_2026_00009559,False,None,False
TX_2026_00009560,False,None,False
TX_2026_00009561,False,None,False
TX_2026_00009562,False,None,False
TX_2026_00009563,False,None,False
TX_2026_00009564,False,None,False
TX_2026_00009565,False,None,False
TX_2026_00009566,False,None,False
TX_2026_00009567,False,None,False
TX_2026_00009568,False,None,False
TX_2026_00009569,False,None,False
TX_2026_00009570,False,None,False
TX_2026_00009571,False,None,False
TX_2026_00009572,False,None,False
TX_2026_00009573,False,None,False
TX_2026_00009574,False,None,False
TX_2026_00009575,False,None,False
TX_2026_00009576,False,None,False
TX_2026_00009577,False,None,False
TX_2026_00009578,False,None,False
TX_2026_00009579,False,None,False
TX_2026_00009580,False,None,False
TX_2026_00009581,False,None,False
TX_2026_00009582,False,None,False
TX_2026_00009583,False,None,False
TX_2026_00009584,False,None,False
TX_2026_00009585,False,None,False
TX_2026_00009586,False,None,False
TX_2026_00009587,False,None,False
TX_2026_00009588,False,None,False
TX_2026_00009589,False,None,False
TX_2026_00009590,False,None,False
TX_2026_00009591,False,None,False
TX_2026_00009592,False,None,False
TX_2026_00009593,False,None,False
TX_2026_00009594,False,None,False
TX_2026_00009595,False,None,False
TX_2026_00009596,False,None,False
TX_2026_00009597,False,None,False
TX_2026_00009598,False,None,False
TX_2026_00009599,False,None,False
TX_2026_00009600,False,None,False
TX_2026_00009601,False,None,False
TX_2026_00009602,False,None,False
TX_2026_00009603,False,None,False
TX_2026_00009604,False,None,False
TX_2026_00009605,False,None,False
TX_2026_00009606,False,None,False
TX_2026_00009607,False,None,False
TX_2026_00009608,False,None,False
TX_2026_00009609,False,None,False
TX_2026_00009610,False,None,False
TX_2026_00009611,False,None,False
TX_2026_00009612,False,None,False
TX_2026_00009613,False,None,False
TX_2026_00009614,False,None,False
TX_2026_00009615,False,None,False
TX_2026_00009616,False,None,False
TX_2026_00009617,False,None,False
TX_2026_00009618,False,None,False
TX_2026_00009619,False,None,False
TX_2026_00009620,False,None,False
TX_2026_00009621,False,None,False
TX_2026_00009622,False,None,False
TX_2026_00009623,False,None,False
TX_2026_00009624,False,None,False
TX_2026_00009625,False,None,False
TX_2026_00009626,False,None,False
TX_2026_00009627,False,None,False
TX_2026_00009628,True,HIGH_AMOUNT,True
TX_2026_00009629,False,None,False
TX_2026_00009630,False,None,False
TX_2026_00009631,False,None,False
TX_2026_00009632,False,None,False
TX_2026_00009633,False,None,False
TX_2026_00009634,False,None,False
TX_2026_00009635,False,None,False
TX_2026_00009636,False,None,False
TX_2026_00009637,True,UNUSUAL_NIGHT,True
TX_2026_00009638,False,None,False
TX_2026_00009639,False,None,False
TX_2026_00009640,False,None,False
TX_2026_00009641,False,None,False
TX_2026_00009642,False,None,False
TX_2026_00009643,False,None,False
TX_2026_00009644,False,None,False
TX_2026_00009645,False,None,False
TX_2026_00009646,False,None,False
TX_2026_00009647,True,HIGH_AMOUNT,True
TX_2026_00009648,False,None,False
TX_2026_00009649,False,None,False
TX_2026_00009650,False,None,False
TX_2026_00009651,False,None,False
TX_2026_00009652,False,None,False
TX_2026_00009653,False,None,False
TX_2026_00009654,False,None,False
TX_2026_00009655,False,None,False
TX_2026_00009656,False,None,False
TX_2026_00009657,False,None,False
TX_2026_00009658,False,None,False
TX_2026_00009659,False,None,False
TX_2026_00009660,False,None,False
TX_2026_00009661,False,None,False
TX_2026_00009662,False,None,False
TX_2026_00009663,False,None,False
TX_2026_00009664,False,None,False
TX_2026_00009665,False,None,False
TX_2026_00009666,False,None,False
TX_2026_00009667,False,None,False
TX_2026_00009668,False,None,False
TX_2026_00009669,False,None,False
TX_2026_00009670,False,None,False
TX_2026_00009671,False,None,False
TX_2026_00009672,False,None,False
TX_2026_00009673,False,None,False
TX_2026_00009674,False,None,False
TX_2026_00009675,False,None,False
TX_2026_00009676,False,None,False
TX_2026_00009677,False,None,False
TX_2026_00009678,False,None,False
TX_2026_00009679,False,None,False
TX_2026_00009680,False,None,False
TX_2026_00009681,False,None,False
TX_2026_00009682,False,None,False
TX_2026_00009683,False,None,False
TX_2026_00009684,False,None,False
TX_2026_00009685,False,None,False
TX_2026_00009686,False,None,False
TX_2026_00009687,False,None,False
TX_2026_00009688,True,NEW_FOREIGN_LOCATION,True
TX_2026_00009689,False,None,False
TX_2026_00009690,False,None,False
TX_2026_00009691,False,None,False
TX_2026_00009692,False,None,False
TX_2026_00009693,False,None,False
TX_2026_00009694,False,None,False
TX_2026_00009695,False,None,False
TX_2026_00009696,False,None,False
TX_2026_00009697,False,None,False
TX_2026_00009698,False,None,False
TX_2026_00009699,False,None,False
TX_2026_00009700,False,None,False
TX_2026_00009701,False,None,False
TX_2026_00009702,False,None,False
TX_2026_00009703,False,None,False
TX_2026_00009704,False,None,False
TX_2026_00009705,False,None,False
TX_2026_00009706,False,None,False
TX_2026_00009707,False,None,False
TX_2026_00009708,False,None,False
TX_2026_00009709,False,None,False
TX_2026_00009710,False,None,False
TX_2026_00009711,False,None,False
TX_2026_00009712,False,None,False
TX_2026_00009713,False,None,False
TX_2026_00009714,False,None,False
TX_2026_00009715,False,None,False
TX_2026_00009716,False,None,False
TX_2026_00009717,False,None,False
TX_2026_00009718,False,None,False
TX_2026_00009719,False,None,False
TX_2026_00009720,True,UNUSUAL_NIGHT,True
TX_2026_00009721,False,None,False
TX_2026_00009722,False,None,False
TX_2026_00009723,False,None,False
TX_2026_00009724,False,None,False
TX_2026_00009725,False,None,False
TX_2026_00009726,False,None,False
TX_2026_00009727,False,None,False
TX_2026_00009728,False,None,False
TX_2026_00009729,False,None,False
TX_2026_00009730,False,None,False
TX_2026_00009731,False,None,False
TX_2026_00009732,False,None,False
TX_2026_00009733,False,None,False
TX_2026_00009734,False,None,False
TX_2026_00009735,False,None,False
TX_2026_00009736,False,None,False
TX_2026_00009737,False,None,False
TX_2026_00009738,False,None,False
TX_2026_00009739,False,None,False
TX_2026_00009740,False,None,False
TX_2026_00009741,False,None,False
TX_2026_00009742,False,None,False
TX_2026_00009743,False,None,False
TX_2026_00009744,False,None,False
TX_2026_00009745,False,None,False
TX_2026_00009746,False,None,False
TX_2026_00009747,False,None,False
TX_2026_00009748,False,None,False
TX_2026_00009749,False,None,False
TX_2026_00009750,False,None,False
TX_2026_00009751,False,None,False
TX_2026_00009752,False,None,False
TX_2026_00009753,False,None,False
TX_2026_00009754,False,None,False
TX_2026_00009755,False,None,False
TX_2026_00009756,False,None,False
TX_2026_00009757,False,None,False
TX_2026_00009758,False,None,False
TX_2026_00009759,False,None,False
TX_2026_00009760,False,None,False
TX_2026_00009761,False,None,False
TX_2026_00009762,False,None,False
TX_2026_00009763,False,None,False
TX_2026_00009764,False,None,False
TX_2026_00009765,False,None,False
TX_2026_00009766,False,None,False
TX_2026_00009767,False,None,False
TX_2026_00009768,False,None,False
TX_2026_00009769,False,None,False
TX_2026_00009770,False,None,False
TX_2026_00009771,False,None,False
TX_2026_00009772,False,None,False
TX_2026_00009773,True,NEW_DEVICE_BURST,True
TX_2026_00009774,False,None,False
TX_2026_00009775,False,None,False
TX_2026_00009776,False,None,False
TX_2026_00009777,False,None,False
TX_2026_00009778,False,None,False
TX_2026_00009779,False,None,False
TX_2026_00009780,False,None,False
TX_2026_00009781,False,None,False
TX_2026_00009782,False,None,False
TX_2026_00009783,False,None,False
TX_2026_00009784,False,None,False
TX_2026_00009785,False,None,False
TX_2026_00009786,False,None,False
TX_2026_00009787,False,None,False
TX_2026_00009788,False,None,False
TX_2026_00009789,False,None,False
TX_2026_00009790,False,None,False
TX_2026_00009791,False,None,False
TX_2026_00009792,False,None,False
TX_2026_00009793,False,None,False
TX_2026_00009794,False,None,False
TX_2026_00009795,False,None,False
TX_2026_00009796,False,None,False
TX_2026_00009797,False,None,False
TX_2026_00009798,False,None,False
TX_2026_00009799,False,None,False
TX_2026_00009800,False,None,False
TX_2026_00009801,False,None,False
TX_2026_00009802,False,None,False
TX_2026_00009803,False,None,False
TX_2026_00009804,False,None,False
TX_2026_00009805,False,None,False
TX_2026_00009806,False,None,False
TX_2026_00009807,False,None,False
TX_2026_00009808,False,None,False
TX_2026_00009809,False,None,False
TX_2026_00009810,False,None,False
TX_2026_00009811,False,None,False
TX_2026_00009812,False,None,False
TX_2026_00009813,False,None,False
TX_2026_00009814,False,None,False
TX_2026_00009815,True,HIGH_AMOUNT,False
TX_2026_00009816,False,None,False
TX_2026_00009817,False,None,False
TX_2026_00009818,False,None,False
TX_2026_00009819,False,None,False
TX_2026_00009820,False,None,False
TX_2026_00009821,False,None,False
TX_2026_00009822,False,None,False
TX_2026_00009823,False,None,False
TX_2026_00009824,False,None,False
TX_2026_00009825,False,None,False
TX_2026_00009826,False,None,False
TX_2026_00009827,True,UNUSUAL_NIGHT,True
TX_2026_00009828,False,None,False
TX_2026_00009829,False,None,False
TX_2026_00009830,False,None,False
TX_2026_00009831,False,None,False
TX_2026_00009832,False,None,False
TX_2026_00009833,False,None,False
TX_2026_00009834,False,None,False
TX_2026_00009835,False,None,False
TX_2026_00009836,False,None,False
TX_2026_00009837,False,None,False
TX_2026_00009838,False,None,False
TX_2026_00009839,False,None,False
TX_2026_00009840,False,None,False
TX_2026_00009841,False,None,False
TX_2026_00009842,False,None,False
TX_2026_00009843,False,None,False
TX_2026_00009844,False,None,False
TX_2026_00009845,False,None,False
TX_2026_00009846,False,None,False
TX_2026_00009847,True,NEW_DEVICE_BURST,True
TX_2026_00009848,False,None,False
TX_2026_00009849,False,None,False
TX_2026_00009850,False,None,False
TX_2026_00009851,False,None,False
TX_2026_00009852,False,None,False
TX_2026_00009853,False,None,False
TX_2026_00009854,False,None,False
TX_2026_00009855,False,None,False
TX_2026_00009856,False,None,False
TX_2026_00009857,False,None,False
TX_2026_00009858,False,None,False
TX_2026_00009859,False,None,False
TX_2026_00009860,False,None,False
TX_2026_00009861,False,None,False
TX_2026_00009862,False,None,False
TX_2026_00009863,False,None,False
TX_2026_00009864,False,None,False
TX_2026_00009865,False,None,False
TX_2026_00009866,False,None,False
TX_2026_00009867,False,None,False
TX_2026_00009868,False,None,False
TX_2026_00009869,False,None,False
TX_2026_00009870,False,None,False
TX_2026_00009871,False,None,False
TX_2026_00009872,False,None,False
TX_2026_00009873,False,None,False
TX_2026_00009874,False,None,False
TX_2026_00009875,False,None,False
TX_2026_00009876,False,None,False
TX_2026_00009877,False,None,False
TX_2026_00009878,False,None,False
TX_2026_00009879,False,None,False
TX_2026_00009880,False,None,False
TX_2026_00009881,False,None,False
TX_2026_00009882,False,None,False
TX_2026_00009883,False,None,False
TX_2026_00009884,False,None,False
TX_2026_00009885,False,None,False
TX_2026_00009886,False,None,False
TX_2026_00009887,False,None,False
TX_2026_00009888,False,None,False
TX_2026_00009889,False,None,False
TX_2026_00009890,False,None,False
TX_2026_00009891,False,None,False
TX_2026_00009892,False,None,False
TX_2026_00009893,False,None,False
TX_2026_00009894,False,None,False
TX_2026_00009895,False,None,False
TX_2026_00009896,False,None,False
TX_2026_00009897,False,None,False
TX_2026_00009898,False,None,False
TX_2026_00009899,False,None,False
TX_2026_00009900,False,None,False
TX_2026_00009901,False,None,False
TX_2026_00009902,False,None,False
TX_2026_00009903,False,None,False
TX_2026_00009904,False,None,False
TX_2026_00009905,False,None,False
TX_2026_00009906,False,None,False
TX_2026_00009907,False,None,False
TX_2026_00009908,False,None,False
TX_2026_00009909,False,None,False
TX_2026_00009910,False,None,False
TX_2026_00009911,False,None,False
TX_2026_00009912,True,NEW_DEVICE_BURST,False
TX_2026_00009913,False,None,False
TX_2026_00009914,False,None,False
TX_2026_00009915,False,None,False
TX_2026_00009916,False,None,False
TX_2026_00009917,False,None,False
TX_2026_00009918,False,None,False
TX_2026_00009919,False,None,False
TX_2026_00009920,False,None,False
TX_2026_00009921,False,None,False
TX_2026_00009922,False,None,False
TX_2026_00009923,False,None,False
TX_2026_00009924,False,None,False
TX_2026_00009925,False,None,False
TX_2026_00009926,False,None,False
TX_2026_00009927,False,None,False
TX_2026_00009928,False,None,False
TX_2026_00009929,False,None,False
TX_2026_00009930,False,None,False
TX_2026_00009931,False,None,False
TX_2026_00009932,False,None,False
TX_2026_00009933,True,NEW_DEVICE_BURST,True
TX_2026_00009934,False,None,False
TX_2026_00009935,False,None,False
TX_2026_00009936,False,None,False
TX_2026_00009937,False,None,False
TX_2026_00009938,False,None,False
TX_2026_00009939,False,None,False
TX_2026_00009940,False,None,False
TX_2026_00009941,False,None,False
TX_2026_00009942,False,None,False
TX_2026_00009943,False,None,False
TX_2026_00009944,False,None,False
TX_2026_00009945,False,None,False
TX_2026_00009946,False,None,False
TX_2026_00009947,False,None,False
TX_2026_00009948,False,None,False
TX_2026_00009949,False,None,False
TX_2026_00009950,False,None,False
TX_2026_00009951,False,None,False
TX_2026_00009952,False,None,False
TX_2026_00009953,False,None,False
TX_2026_00009954,False,None,False
TX_2026_00009955,False,None,False
TX_2026_00009956,False,None,False
TX_2026_00009957,False,None,False
TX_2026_00009958,False,None,False
TX_2026_00009959,False,None,False
TX_2026_00009960,False,None,False
TX_2026_00009961,False,None,False
TX_2026_00009962,True,HIGH_AMOUNT,False
TX_2026_00009963,False,None,False
TX_2026_00009964,False,None,False
TX_2026_00009965,False,None,False
TX_2026_00009966,False,None,False
TX_2026_00009967,False,None,False
TX_2026_00009968,False,None,False
TX_2026_00009969,False,None,False
TX_2026_00009970,False,None,False
TX_2026_00009971,False,None,False
TX_2026_00009972,False,None,False
TX_2026_00009973,False,None,False
TX_2026_00009974,False,None,False
TX_2026_00009975,False,None,False
TX_2026_00009976,False,None,False
TX_2026_00009977,False,None,False
TX_2026_00009978,False,None,False
TX_2026_00009979,False,None,False
TX_2026_00009980,False,None,False
TX_2026_00009981,False,None,False
TX_2026_00009982,False,None,False
TX_2026_00009983,False,None,False
TX_2026_00009984,False,None,False
TX_2026_00009985,False,None,False
TX_2026_00009986,False,None,False
TX_2026_00009987,False,None,False
TX_2026_00009988,False,None,False
TX_2026_00009989,True,HIGH_AMOUNT,True
TX_2026_00009990,False,None,False
TX_2026_00009991,False,None,False
TX_2026_00009992,False,None,False
TX_2026_00009993,False,None,False
TX_2026_00009994,False,None,False
TX_2026_00009995,False,None,False
TX_2026_00009996,False,None,False
TX_2026_00009997,False,None,False
TX_2026_00009998,False,None,False
TX_2026_00009999,False,None,False
TX_2026_00010000,False,None,False
TX_2026_00010001,False,None,False
TX_2026_00010002,False,None,False
TX_2026_00010003,False,None,False
TX_2026_00010004,False,None,False
TX_2026_00010005,False,None,False
TX_2026_00010006,False,None,False
TX_2026_00010007,False,None,False
TX_2026_00010008,False,None,False
TX_2026_00010009,False,None,False
TX_2026_00010010,False,None,False
TX_2026_00010011,False,None,False
TX_2026_00010012,False,None,False
TX_2026_00010013,False,None,False
TX_2026_00010014,False,None,False
TX_2026_00010015,False,None,False
TX_2026_00010016,False,None,False
TX_2026_00010017,False,None,False
TX_2026_00010018,False,None,False
TX_2026_00010019,False,None,False
TX_2026_00010020,False,None,False
TX_2026_00010021,False,None,False
TX_2026_00010022,False,None,False
TX_2026_00010023,False,None,False
TX_2026_00010024,False,None,False
TX_2026_00010025,False,None,False
TX_2026_00010026,False,None,False
TX_2026_00010027,False,None,False
TX_2026_00010028,False,None,False
TX_2026_00010029,False,None,False
TX_2026_00010030,False,None,False
TX_2026_00010031,False,None,False
TX_2026_00010032,False,None,False
TX_2026_00010033,False,None,False
TX_2026_00010034,False,None,False
TX_2026_00010035,False,None,False
TX_2026_00010036,False,None,False
TX_2026_00010037,False,None,False
TX_2026_00010038,False,None,False
TX_2026_00010039,False,None,False
TX_2026_00010040,False,None,False
TX_2026_00010041,False,None,False
TX_2026_00010042,False,None,False
TX_2026_00010043,False,None,False
TX_2026_00010044,False,None,False
TX_2026_00010045,False,None,False
TX_2026_00010046,False,None,False
TX_2026_00010047,False,None,False
TX_2026_00010048,False,None,False
TX_2026_00010049,False,None,False
TX_2026_00010050,False,None,False
TX_2026_00010051,False,None,False
TX_2026_00010052,False,None,False
TX_2026_00010053,False,None,False
TX_2026_00010054,False,None,False
TX_2026_00010055,False,None,False
TX_2026_00010056,False,None,False
TX_2026_00010057,False,None,False
TX_2026_00010058,False,None,False
TX_2026_00010059,False,None,False
TX_2026_00010060,False,None,False
TX_2026_00010061,False,None,False
TX_2026_00010062,False,None,False
TX_2026_00010063,False,None,False
TX_2026_00010064,False,None,False
TX_2026_00010065,False,None,False
TX_2026_00010066,False,None,False
TX_2026_00010067,False,None,False
TX_2026_00010068,False,None,False
TX_2026_00010069,False,None,False
TX_2026_00010070,False,None,False
TX_2026_00010071,False,None,False
TX_2026_00010072,False,None,False
TX_2026_00010073,False,None,False
TX_2026_00010074,False,None,False
TX_2026_00010075,False,None,False
TX_2026_00010076,False,None,False
TX_2026_00010077,False,None,False
TX_2026_00010078,False,None,False
TX_2026_00010079,False,None,False
TX_2026_00010080,False,None,False
TX_2026_00010081,False,None,False
TX_2026_00010082,False,None,False
TX_2026_00010083,False,None,False
TX_2026_00010084,False,None,False
TX_2026_00010085,False,None,False
TX_2026_00010086,False,None,False
TX_2026_00010087,False,None,False
TX_2026_00010088,False,None,False
TX_2026_00010089,False,None,False
TX_2026_00010090,False,None,False
TX_2026_00010091,False,None,False
TX_2026_00010092,False,None,False
TX_2026_00010093,False,None,False
TX_2026_00010094,False,None,False
TX_2026_00010095,False,None,False
TX_2026_00010096,False,None,False
TX_2026_00010097,False,None,False
TX_2026_00010098,False,None,False
TX_2026_00010099,False,None,False
TX_2026_00010100,False,None,False
TX_2026_00010101,False,None,False
TX_2026_00010102,False,None,False
TX_2026_00010103,False,None,False
TX_2026_00010104,False,None,False
TX_2026_00010105,False,None,False
TX_2026_00010106,False,None,False
TX_2026_00010107,False,None,False
TX_2026_00010108,True,HIGH_AMOUNT,False
TX_2026_00010109,False,None,False
TX_2026_00010110,False,None,False
TX_2026_00010111,False,None,False
TX_2026_00010112,False,None,False
TX_2026_00010113,False,None,False
TX_2026_00010114,False,None,False
TX_2026_00010115,False,None,False
TX_2026_00010116,False,None,False
TX_2026_00010117,False,None,False
TX_2026_00010118,False,None,False
TX_2026_00010119,False,None,False
TX_2026_00010120,False,None,False
TX_2026_00010121,False,None,False
TX_2026_00010122,False,None,False
TX_2026_00010123,True,NEW_DEVICE_BURST,True
TX_2026_00010124,False,None,False
TX_2026_00010125,False,None,False
TX_2026_00010126,False,None,False
TX_2026_00010127,False,None,False
TX_2026_00010128,False,None,False
TX_2026_00010129,False,None,False
TX_2026_00010130,False,None,False
TX_2026_00010131,False,None,False
TX_2026_00010132,False,None,False
TX_2026_00010133,False,None,False
TX_2026_00010134,False,None,False
TX_2026_00010135,False,None,False
TX_2026_00010136,False,None,False
TX_2026_00010137,False,None,False
TX_2026_00010138,False,None,False
TX_2026_00010139,False,None,False
TX_2026_00010140,False,None,False
TX_2026_00010141,False,None,False
TX_2026_00010142,False,None,False
TX_2026_00010143,False,None,False
TX_2026_00010144,False,None,False
TX_2026_00010145,False,None,False
TX_2026_00010146,False,None,False
TX_2026_00010147,False,None,False
TX_2026_00010148,True,UNUSUAL_NIGHT,True
TX_2026_00010149,False,None,False
TX_2026_00010150,False,None,False
TX_2026_00010151,False,None,False
TX_2026_00010152,False,None,False
TX_2026_00010153,False,None,False
TX_2026_00010154,False,None,False
TX_2026_00010155,False,None,False
TX_2026_00010156,False,None,False
TX_2026_00010157,False,None,False
TX_2026_00010158,False,None,False
TX_2026_00010159,False,None,False
TX_2026_00010160,False,None,False
TX_2026_00010161,False,None,False
TX_2026_00010162,False,None,False
TX_2026_00010163,False,None,False
TX_2026_00010164,False,None,False
TX_2026_00010165,False,None,False
TX_2026_00010166,False,None,False
TX_2026_00010167,False,None,False
TX_2026_00010168,False,None,False
TX_2026_00010169,False,None,False
TX_2026_00010170,False,None,False
TX_2026_00010171,False,None,False
TX_2026_00010172,False,None,False
TX_2026_00010173,False,None,False
TX_2026_00010174,False,None,False
TX_2026_00010175,False,None,False
TX_2026_00010176,False,None,False
TX_2026_00010177,False,None,False
TX_2026_00010178,False,None,False
TX_2026_00010179,False,None,False
TX_2026_00010180,False,None,False
TX_2026_00010181,False,None,False
TX_2026_00010182,False,None,False
TX_2026_00010183,False,None,False
TX_2026_00010184,False,None,False
TX_2026_00010185,False,None,False
TX_2026_00010186,False,None,False
TX_2026_00010187,False,None,False
TX_2026_00010188,False,None,False
TX_2026_00010189,True,NEW_DEVICE_BURST,True
TX_2026_00010190,False,None,False
TX_2026_00010191,False,None,False
TX_2026_00010192,False,None,False
TX_2026_00010193,False,None,False
TX_2026_00010194,False,None,False
TX_2026_00010195,False,None,False
TX_2026_00010196,False,None,False
TX_2026_00010197,False,None,False
TX_2026_00010198,False,None,False
TX_2026_00010199,False,None,False
TX_2026_00010200,False,None,False
TX_2026_00010201,False,None,False
TX_2026_00010202,False,None,False
TX_2026_00010203,False,None,False
TX_2026_00010204,False,None,False
TX_2026_00010205,False,None,False
TX_2026_00010206,False,None,False
TX_2026_00010207,False,None,False
TX_2026_00010208,False,None,False
TX_2026_00010209,False,None,False
TX_2026_00010210,False,None,False
TX_2026_00010211,False,None,False
TX_2026_00010212,False,None,False
TX_2026_00010213,False,None,False
TX_2026_00010214,False,None,False
TX_2026_00010215,False,None,False
TX_2026_00010216,False,None,False
TX_2026_00010217,False,None,False
TX_2026_00010218,False,None,False
TX_2026_00010219,False,None,False
TX_2026_00010220,False,None,False
TX_2026_00010221,False,None,False
TX_2026_00010222,False,None,False
TX_2026_00010223,False,None,False
TX_2026_00010224,False,None,False
TX_2026_00010225,True,UNUSUAL_NIGHT,False
TX_2026_00010226,False,None,False
TX_2026_00010227,False,None,False
TX_2026_00010228,False,None,False
TX_2026_00010229,False,None,False
TX_2026_00010230,False,None,False
TX_2026_00010231,False,None,False
TX_2026_00010232,False,None,False
TX_2026_00010233,False,None,False
TX_2026_00010234,False,None,False
TX_2026_00010235,False,None,False
TX_2026_00010236,False,None,False
TX_2026_00010237,False,None,False
TX_2026_00010238,False,None,False
TX_2026_00010239,False,None,False
TX_2026_00010240,True,UNUSUAL_NIGHT,True
TX_2026_00010241,False,None,False
TX_2026_00010242,False,None,False
TX_2026_00010243,False,None,False
TX_2026_00010244,False,None,False
TX_2026_00010245,False,None,False
TX_2026_00010246,False,None,False
TX_2026_00010247,False,None,False
TX_2026_00010248,False,None,False
TX_2026_00010249,False,None,False
TX_2026_00010250,False,None,False
TX_2026_00010251,False,None,False
TX_2026_00010252,False,None,False
TX_2026_00010253,False,None,False
TX_2026_00010254,False,None,False
TX_2026_00010255,False,None,False
TX_2026_00010256,False,None,False
TX_2026_00010257,False,None,False
TX_2026_00010258,False,None,False
TX_2026_00010259,False,None,False
TX_2026_00010260,False,None,False
TX_2026_00010261,False,None,False
TX_2026_00010262,False,None,False
TX_2026_00010263,False,None,False
TX_2026_00010264,False,None,False
TX_2026_00010265,False,None,False
TX_2026_00010266,False,None,False
TX_2026_00010267,False,None,False
TX_2026_00010268,False,None,False
TX_2026_00010269,False,None,False
TX_2026_00010270,False,None,False
TX_2026_00010271,False,None,False
TX_2026_00010272,False,None,False
TX_2026_00010273,False,None,False
TX_2026_00010274,False,None,False
TX_2026_00010275,False,None,False
TX_2026_00010276,False,None,False
TX_2026_00010277,False,None,False
TX_2026_00010278,False,None,False
TX_2026_00010279,False,None,False
TX_2026_00010280,False,None,False
TX_2026_00010281,False,None,False
TX_2026_00010282,False,None,False
TX_2026_00010283,False,None,False
TX_2026_00010284,False,None,False
TX_2026_00010285,False,None,False
TX_2026_00010286,False,None,False
TX_2026_00010287,False,None,False
TX_2026_00010288,False,None,False
TX_2026_00010289,False,None,False
TX_2026_00010290,False,None,False
TX_2026_00010291,False,None,False
TX_2026_00010292,False,None,False
TX_2026_00010293,False,None,False
TX_2026_00010294,False,None,False
TX_2026_00010295,False,None,False
TX_2026_00010296,False,None,False
TX_2026_00010297,False,None,False
TX_2026_00010298,False,None,False
TX_2026_00010299,False,None,False
TX_2026_00010300,False,None,False
TX_2026_00010301,False,None,False
TX_2026_00010302,False,None,False
TX_2026_00010303,False,None,False
TX_2026_00010304,False,None,False
TX_2026_00010305,False,None,False
TX_2026_00010306,False,None,False
TX_2026_00010307,False,None,False
TX_2026_00010308,False,None,False
TX_2026_00010309,False,None,False
TX_2026_00010310,False,None,False
TX_2026_00010311,False,None,False
TX_2026_00010312,False,None,False
TX_2026_00010313,False,None,False
TX_2026_00010314,False,None,False
TX_2026_00010315,False,None,False
TX_2026_00010316,False,None,False
TX_2026_00010317,False,None,False
TX_2026_00010318,False,None,False
TX_2026_00010319,False,None,False
TX_2026_00010320,False,None,False
TX_2026_00010321,False,None,False
TX_2026_00010322,False,None,False
TX_2026_00010323,False,None,False
TX_2026_00010324,False,None,False
TX_2026_00010325,False,None,False
TX_2026_00010326,False,None,False
TX_2026_00010327,False,None,False
TX_2026_00010328,False,None,False
TX_2026_00010329,False,None,False
TX_2026_00010330,False,None,False
TX_2026_00010331,False,None,False
TX_2026_00010332,False,None,False
TX_2026_00010333,False,None,False
TX_2026_00010334,False,None,False
TX_2026_00010335,False,None,False
TX_2026_00010336,False,None,False
TX_2026_00010337,False,None,False
TX_2026_00010338,False,None,False
TX_2026_00010339,False,None,False
TX_2026_00010340,False,None,False
TX_2026_00010341,False,None,False
TX_2026_00010342,False,None,False
TX_2026_00010343,False,None,False
TX_2026_00010344,False,None,False
TX_2026_00010345,False,None,False
TX_2026_00010346,False,None,False
TX_2026_00010347,False,None,False
TX_2026_00010348,False,None,False
TX_2026_00010349,False,None,False
TX_2026_00010350,False,None,False
TX_2026_00010351,False,None,False
TX_2026_00010352,False,None,False
TX_2026_00010353,False,None,False
TX_2026_00010354,False,None,False
TX_2026_00010355,False,None,False
TX_2026_00010356,False,None,False
TX_2026_00010357,False,None,False
TX_2026_00010358,False,None,False
TX_2026_00010359,False,None,False
TX_2026_00010360,False,None,False
TX_2026_00010361,False,None,False
TX_2026_00010362,False,None,False
TX_2026_00010363,False,None,False
TX_2026_00010364,False,None,False
TX_2026_00010365,False,None,False
TX_2026_00010366,False,None,False
TX_2026_00010367,False,None,False
TX_2026_00010368,False,None,False
TX_2026_00010369,False,None,False
TX_2026_00010370,False,None,False
TX_2026_00010371,False,None,False
TX_2026_00010372,False,None,False
TX_2026_00010373,False,None,False
TX_2026_00010374,False,None,False
TX_2026_00010375,False,None,False
TX_2026_00010376,True,HIGH_AMOUNT,True
TX_2026_00010377,False,None,False
TX_2026_00010378,False,None,False
TX_2026_00010379,False,None,False
TX_2026_00010380,False,None,False
TX_2026_00010381,False,None,False
TX_2026_00010382,False,None,False
TX_2026_00010383,False,None,False
TX_2026_00010384,False,None,False
TX_2026_00010385,False,None,False
TX_2026_00010386,False,None,False
TX_2026_00010387,False,None,False
TX_2026_00010388,False,None,False
TX_2026_00010389,False,None,False
TX_2026_00010390,False,None,False
TX_2026_00010391,False,None,False
TX_2026_00010392,False,None,False
TX_2026_00010393,False,None,False
TX_2026_00010394,False,None,False
TX_2026_00010395,False,None,False
TX_2026_00010396,False,None,False
TX_2026_00010397,False,None,False
TX_2026_00010398,False,None,False
TX_2026_00010399,False,None,False
TX_2026_00010400,False,None,False
TX_2026_00010401,False,None,False
TX_2026_00010402,False,None,False
TX_2026_00010403,False,None,False
TX_2026_00010404,False,None,False
TX_2026_00010405,False,None,False
TX_2026_00010406,False,None,False
TX_2026_00010407,False,None,False
TX_2026_00010408,False,None,False
TX_2026_00010409,False,None,False
TX_2026_00010410,False,None,False
TX_2026_00010411,False,None,False
TX_2026_00010412,False,None,False
TX_2026_00010413,False,None,False
TX_2026_00010414,False,None,False
TX_2026_00010415,False,None,False
TX_2026_00010416,False,None,False
TX_2026_00010417,False,None,False
TX_2026_00010418,False,None,False
TX_2026_00010419,False,None,False
TX_2026_00010420,False,None,False
TX_2026_00010421,False,None,False
TX_2026_00010422,False,None,False
TX_2026_00010423,False,None,False
TX_2026_00010424,False,None,False
TX_2026_00010425,False,None,False
TX_2026_00010426,False,None,False
TX_2026_00010427,False,None,False
TX_2026_00010428,False,None,False
TX_2026_00010429,False,None,False
TX_2026_00010430,False,None,False
TX_2026_00010431,False,None,False
TX_2026_00010432,False,None,False
TX_2026_00010433,False,None,False
TX_2026_00010434,False,None,False
TX_2026_00010435,False,None,False
TX_2026_00010436,False,None,False
TX_2026_00010437,False,None,False
TX_2026_00010438,False,None,False
TX_2026_00010439,False,None,False
TX_2026_00010440,False,None,False
TX_2026_00010441,False,None,False
TX_2026_00010442,False,None,False
TX_2026_00010443,False,None,False
TX_2026_00010444,False,None,False
TX_2026_00010445,False,None,False
TX_2026_00010446,False,None,False
TX_2026_00010447,False,None,False
TX_2026_00010448,False,None,False
TX_2026_00010449,False,None,False
TX_2026_00010450,False,None,False
TX_2026_00010451,False,None,False
TX_2026_00010452,False,None,False
TX_2026_00010453,False,None,False
TX_2026_00010454,False,None,False
TX_2026_00010455,False,None,False
TX_2026_00010456,False,None,False
TX_2026_00010457,False,None,False
TX_2026_00010458,False,None,False
TX_2026_00010459,False,None,False
TX_2026_00010460,False,None,False
TX_2026_00010461,False,None,False
TX_2026_00010462,False,None,False
TX_2026_00010463,False,None,False
TX_2026_00010464,False,None,False
TX_2026_00010465,False,None,False
TX_2026_00010466,False,None,False
TX_2026_00010467,False,None,False
TX_2026_00010468,False,None,False
TX_2026_00010469,False,None,False
TX_2026_00010470,False,None,False
TX_2026_00010471,False,None,False
TX_2026_00010472,False,None,False
TX_2026_00010473,False,None,False
TX_2026_00010474,False,None,False
TX_2026_00010475,False,None,False
TX_2026_00010476,False,None,False
TX_2026_00010477,False,None,False
TX_2026_00010478,False,None,False
TX_2026_00010479,False,None,False
TX_2026_00010480,False,None,False
TX_2026_00010481,False,None,False
TX_2026_00010482,False,None,False
TX_2026_00010483,False,None,False
TX_2026_00010484,False,None,False
TX_2026_00010485,False,None,False
TX_2026_00010486,False,None,False
TX_2026_00010487,False,None,False
TX_2026_00010488,False,None,False
TX_2026_00010489,False,None,False
TX_2026_00010490,False,None,False
TX_2026_00010491,False,None,False
TX_2026_00010492,False,None,False
TX_2026_00010493,False,None,False
TX_2026_00010494,False,None,False
TX_2026_00010495,False,None,False
TX_2026_00010496,False,None,False
TX_2026_00010497,False,None,False
TX_2026_00010498,False,None,False
TX_2026_00010499,False,None,False
TX_2026_00010500,False,None,False
TX_2026_00010501,False,None,False
TX_2026_00010502,False,None,False
TX_2026_00010503,False,None,False
TX_2026_00010504,False,None,False
TX_2026_00010505,False,None,False
TX_2026_00010506,False,None,False
TX_2026_00010507,False,None,False
TX_2026_00010508,False,None,False
TX_2026_00010509,False,None,False
TX_2026_00010510,False,None,False
TX_2026_00010511,False,None,False
TX_2026_00010512,False,None,False
TX_2026_00010513,False,None,False
TX_2026_00010514,False,None,False
TX_2026_00010515,False,None,False
TX_2026_00010516,False,None,False
TX_2026_00010517,False,None,False
TX_2026_00010518,False,None,False
TX_2026_00010519,False,None,False
TX_2026_00010520,False,None,False
TX_2026_00010521,False,None,False
TX_2026_00010522,False,None,False
TX_2026_00010523,False,None,False
TX_2026_00010524,True,HIGH_AMOUNT,True
TX_2026_00010525,False,None,False
TX_2026_00010526,False,None,False
TX_2026_00010527,False,None,False
TX_2026_00010528,False,None,False
TX_2026_00010529,False,None,False
TX_2026_00010530,False,None,False
TX_2026_00010531,False,None,False
TX_2026_00010532,False,None,False
TX_2026_00010533,False,None,False
TX_2026_00010534,False,None,False
TX_2026_00010535,False,None,False
TX_2026_00010536,False,None,False
TX_2026_00010537,False,None,False
TX_2026_00010538,False,None,False
TX_2026_00010539,False,None,False
TX_2026_00010540,False,None,False
TX_2026_00010541,False,None,False
TX_2026_00010542,False,None,False
TX_2026_00010543,False,None,False
TX_2026_00010544,False,None,False
TX_2026_00010545,False,None,False
TX_2026_00010546,False,None,False
TX_2026_00010547,False,None,False
TX_2026_00010548,False,None,False
TX_2026_00010549,False,None,False
TX_2026_00010550,False,None,False
TX_2026_00010551,False,None,False
TX_2026_00010552,False,None,False
TX_2026_00010553,False,None,False
TX_2026_00010554,False,None,False
TX_2026_00010555,False,None,False
TX_2026_00010556,False,None,False
TX_2026_00010557,False,None,False
TX_2026_00010558,False,None,False
TX_2026_00010559,False,None,False
TX_2026_00010560,False,None,False
TX_2026_00010561,False,None,False
TX_2026_00010562,False,None,False
TX_2026_00010563,False,None,False
TX_2026_00010564,False,None,False
TX_2026_00010565,False,None,False
TX_2026_00010566,False,None,False
TX_2026_00010567,False,None,False
TX_2026_00010568,False,None,False
TX_2026_00010569,False,None,False
TX_2026_00010570,False,None,False
TX_2026_00010571,False,None,False
TX_2026_00010572,False,None,False
TX_2026_00010573,False,None,False
TX_2026_00010574,False,None,False
TX_2026_00010575,False,None,False
TX_2026_00010576,False,None,False
TX_2026_00010577,False,None,False
TX_2026_00010578,False,None,False
TX_2026_00010579,False,None,False
TX_2026_00010580,False,None,False
TX_2026_00010581,False,None,False
TX_2026_00010582,False,None,False
TX_2026_00010583,False,None,False
TX_2026_00010584,False,None,False
TX_2026_00010585,False,None,False
TX_2026_00010586,False,None,False
TX_2026_00010587,False,None,False
TX_2026_00010588,False,None,False
TX_2026_00010589,False,None,False
TX_2026_00010590,False,None,False
TX_2026_00010591,False,None,False
TX_2026_00010592,False,None,False
TX_2026_00010593,False,None,False
TX_2026_00010594,False,None,False
TX_2026_00010595,False,None,False
TX_2026_00010596,False,None,False
TX_2026_00010597,False,None,False
TX_2026_00010598,False,None,False
TX_2026_00010599,False,None,False
TX_2026_00010600,False,None,False
TX_2026_00010601,False,None,False
TX_2026_00010602,False,None,False
TX_2026_00010603,False,None,False
TX_2026_00010604,False,None,False
TX_2026_00010605,False,None,False
TX_2026_00010606,False,None,False
TX_2026_00010607,False,None,False
TX_2026_00010608,False,None,False
TX_2026_00010609,False,None,False
TX_2026_00010610,False,None,False
TX_2026_00010611,False,None,False
TX_2026_00010612,False,None,False
TX_2026_00010613,True,NEW_DEVICE_BURST,True
TX_2026_00010614,False,None,False
TX_2026_00010615,False,None,False
TX_2026_00010616,False,None,False
TX_2026_00010617,False,None,False
TX_2026_00010618,False,None,False
TX_2026_00010619,False,None,False
TX_2026_00010620,False,None,False
TX_2026_00010621,False,None,False
TX_2026_00010622,False,None,False
TX_2026_00010623,False,None,False
TX_2026_00010624,False,None,False
TX_2026_00010625,False,None,False
TX_2026_00010626,False,None,False
TX_2026_00010627,False,None,False
TX_2026_00010628,False,None,False
TX_2026_00010629,False,None,False
TX_2026_00010630,False,None,False
TX_2026_00010631,False,None,False
TX_2026_00010632,False,None,False
TX_2026_00010633,False,None,False
TX_2026_00010634,False,None,False
TX_2026_00010635,False,None,False
TX_2026_00010636,False,None,False
TX_2026_00010637,False,None,False
TX_2026_00010638,False,None,False
TX_2026_00010639,False,None,False
TX_2026_00010640,False,None,False
TX_2026_00010641,False,None,False
TX_2026_00010642,False,None,False
TX_2026_00010643,False,None,False
TX_2026_00010644,False,None,False
TX_2026_00010645,False,None,False
TX_2026_00010646,False,None,False
TX_2026_00010647,False,None,False
TX_2026_00010648,False,None,False
TX_2026_00010649,False,None,False
TX_2026_00010650,False,None,False
TX_2026_00010651,False,None,False
TX_2026_00010652,False,None,False
TX_2026_00010653,False,None,False
TX_2026_00010654,False,None,False
TX_2026_00010655,False,None,False
TX_2026_00010656,True,UNUSUAL_NIGHT,False
TX_2026_00010657,True,NEW_FOREIGN_LOCATION,True
TX_2026_00010658,False,None,False
TX_2026_00010659,False,None,False
TX_2026_00010660,False,None,False
TX_2026_00010661,False,None,False
TX_2026_00010662,False,None,False
TX_2026_00010663,False,None,False
TX_2026_00010664,False,None,False
TX_2026_00010665,False,None,False
TX_2026_00010666,False,None,False
TX_2026_00010667,False,None,False
TX_2026_00010668,False,None,False
TX_2026_00010669,False,None,False
TX_2026_00010670,False,None,False
TX_2026_00010671,False,None,False
TX_2026_00010672,False,None,False
TX_2026_00010673,False,None,False
TX_2026_00010674,False,None,False
TX_2026_00010675,False,None,False
TX_2026_00010676,False,None,False
TX_2026_00010677,False,None,False
TX_2026_00010678,False,None,False
TX_2026_00010679,False,None,False
TX_2026_00010680,False,None,False
TX_2026_00010681,False,None,False
TX_2026_00010682,False,None,False
TX_2026_00010683,False,None,False
TX_2026_00010684,False,None,False
TX_2026_00010685,False,None,False
TX_2026_00010686,False,None,False
TX_2026_00010687,False,None,False
TX_2026_00010688,False,None,False
TX_2026_00010689,False,None,False
TX_2026_00010690,False,None,False
TX_2026_00010691,False,None,False
TX_2026_00010692,False,None,False
TX_2026_00010693,False,None,False
TX_2026_00010694,False,None,False
TX_2026_00010695,False,None,False
TX_2026_00010696,False,None,False
TX_2026_00010697,False,None,False
TX_2026_00010698,False,None,False
TX_2026_00010699,False,None,False
TX_2026_00010700,False,None,False
TX_2026_00010701,False,None,False
TX_2026_00010702,False,None,False
TX_2026_00010703,False,None,False
TX_2026_00010704,False,None,False
TX_2026_00010705,False,None,False
TX_2026_00010706,False,None,False
TX_2026_00010707,False,None,False
TX_2026_00010708,False,None,False
TX_2026_00010709,False,None,False
TX_2026_00010710,False,None,False
TX_2026_00010711,False,None,False
TX_2026_00010712,False,None,False
TX_2026_00010713,False,None,False
TX_2026_00010714,False,None,False
TX_2026_00010715,False,None,False
TX_2026_00010716,False,None,False
TX_2026_00010717,False,None,False
TX_2026_00010718,False,None,False
TX_2026_00010719,False,None,False
TX_2026_00010720,False,None,False
TX_2026_00010721,False,None,False
TX_2026_00010722,False,None,False
TX_2026_00010723,False,None,False
TX_2026_00010724,False,None,False
TX_2026_00010725,False,None,False
TX_2026_00010726,False,None,False
TX_2026_00010727,False,None,False
TX_2026_00010728,False,None,False
TX_2026_00010729,False,None,False
TX_2026_00010730,False,None,False
TX_2026_00010731,False,None,False
TX_2026_00010732,False,None,False
TX_2026_00010733,False,None,False
TX_2026_00010734,False,None,False
TX_2026_00010735,False,None,False
TX_2026_00010736,False,None,False
TX_2026_00010737,False,None,False
TX_2026_00010738,False,None,False
TX_2026_00010739,False,None,False
TX_2026_00010740,False,None,False
TX_2026_00010741,False,None,False
TX_2026_00010742,False,None,False
TX_2026_00010743,False,None,False
TX_2026_00010744,False,None,False
TX_2026_00010745,False,None,False
TX_2026_00010746,False,None,False
TX_2026_00010747,False,None,False
TX_2026_00010748,False,None,False
TX_2026_00010749,False,None,False
TX_2026_00010750,False,None,False
TX_2026_00010751,False,None,False
TX_2026_00010752,False,None,False
TX_2026_00010753,False,None,False
TX_2026_00010754,False,None,False
TX_2026_00010755,False,None,False
TX_2026_00010756,False,None,False
TX_2026_00010757,False,None,False
TX_2026_00010758,False,None,False
TX_2026_00010759,False,None,False
TX_2026_00010760,False,None,False
TX_2026_00010761,False,None,False
TX_2026_00010762,False,None,False
TX_2026_00010763,False,None,False
TX_2026_00010764,False,None,False
TX_2026_00010765,False,None,False
TX_2026_00010766,False,None,False
TX_2026_00010767,False,None,False
TX_2026_00010768,False,None,False
TX_2026_00010769,True,NEW_DEVICE_BURST,True
TX_2026_00010770,False,None,False
TX_2026_00010771,False,None,False
TX_2026_00010772,False,None,False
TX_2026_00010773,False,None,False
TX_2026_00010774,False,None,False
TX_2026_00010775,False,None,False
TX_2026_00010776,False,None,False
TX_2026_00010777,False,None,False
TX_2026_00010778,False,None,False
TX_2026_00010779,False,None,False
TX_2026_00010780,False,None,False
TX_2026_00010781,False,None,False
TX_2026_00010782,False,None,False
TX_2026_00010783,False,None,False
TX_2026_00010784,False,None,False
TX_2026_00010785,False,None,False
TX_2026_00010786,False,None,False
TX_2026_00010787,False,None,False
TX_2026_00010788,False,None,False
TX_2026_00010789,False,None,False
TX_2026_00010790,False,None,False
TX_2026_00010791,False,None,False
TX_2026_00010792,False,None,False
TX_2026_00010793,False,None,False
TX_2026_00010794,False,None,False
TX_2026_00010795,False,None,False
TX_2026_00010796,False,None,False
TX_2026_00010797,False,None,False
TX_2026_00010798,False,None,False
TX_2026_00010799,False,None,False
TX_2026_00010800,False,None,False
TX_2026_00010801,False,None,False
TX_2026_00010802,False,None,False
TX_2026_00010803,False,None,False
TX_2026_00010804,False,None,False
TX_2026_00010805,False,None,False
TX_2026_00010806,False,None,False
TX_2026_00010807,False,None,False
TX_2026_00010808,False,None,False
TX_2026_00010809,False,None,False
TX_2026_00010810,False,None,False
TX_2026_00010811,False,None,False
TX_2026_00010812,False,None,False
TX_2026_00010813,False,None,False
TX_2026_00010814,False,None,False
TX_2026_00010815,False,None,False
TX_2026_00010816,False,None,False
TX_2026_00010817,False,None,False
TX_2026_00010818,False,None,False
TX_2026_00010819,False,None,False
TX_2026_00010820,False,None,False
TX_2026_00010821,False,None,False
TX_2026_00010822,False,None,False
TX_2026_00010823,False,None,False
TX_2026_00010824,False,None,False
TX_2026_00010825,False,None,False
TX_2026_00010826,False,None,False
TX_2026_00010827,False,None,False
TX_2026_00010828,False,None,False
TX_2026_00010829,False,None,False
TX_2026_00010830,False,None,False
TX_2026_00010831,False,None,False
TX_2026_00010832,False,None,False
TX_2026_00010833,False,None,False
TX_2026_00010834,False,None,False
TX_2026_00010835,False,None,False
TX_2026_00010836,False,None,False
TX_2026_00010837,False,None,False
TX_2026_00010838,False,None,False
TX_2026_00010839,False,None,False
TX_2026_00010840,False,None,False
TX_2026_00010841,False,None,False
TX_2026_00010842,False,None,False
TX_2026_00010843,True,NEW_DEVICE_BURST,True
TX_2026_00010844,False,None,False
TX_2026_00010845,False,None,False
TX_2026_00010846,False,None,False
TX_2026_00010847,False,None,False
TX_2026_00010848,False,None,False
TX_2026_00010849,False,None,False
TX_2026_00010850,False,None,False
TX_2026_00010851,False,None,False
TX_2026_00010852,False,None,False
TX_2026_00010853,False,None,False
TX_2026_00010854,False,None,False
TX_2026_00010855,False,None,False
TX_2026_00010856,False,None,False
TX_2026_00010857,False,None,False
TX_2026_00010858,False,None,False
TX_2026_00010859,False,None,False
TX_2026_00010860,False,None,False
TX_2026_00010861,False,None,False
TX_2026_00010862,False,None,False
TX_2026_00010863,False,None,False
TX_2026_00010864,False,None,False
TX_2026_00010865,False,None,False
TX_2026_00010866,False,None,False
TX_2026_00010867,False,None,False
TX_2026_00010868,False,None,False
TX_2026_00010869,False,None,False
TX_2026_00010870,False,None,False
TX_2026_00010871,False,None,False
TX_2026_00010872,False,None,False
TX_2026_00010873,False,None,False
TX_2026_00010874,False,None,False
TX_2026_00010875,False,None,False
TX_2026_00010876,False,None,False
TX_2026_00010877,False,None,False
TX_2026_00010878,False,None,False
TX_2026_00010879,False,None,False
TX_2026_00010880,False,None,False
TX_2026_00010881,False,None,False
TX_2026_00010882,False,None,False
TX_2026_00010883,False,None,False
TX_2026_00010884,False,None,False
TX_2026_00010885,True,UNUSUAL_NIGHT,True
TX_2026_00010886,False,None,False
TX_2026_00010887,False,None,False
TX_2026_00010888,False,None,False
TX_2026_00010889,False,None,False
TX_2026_00010890,False,None,False
TX_2026_00010891,False,None,False
TX_2026_00010892,False,None,False
TX_2026_00010893,False,None,False
TX_2026_00010894,False,None,False
TX_2026_00010895,False,None,False
TX_2026_00010896,False,None,False
TX_2026_00010897,False,None,False
TX_2026_00010898,False,None,False
TX_2026_00010899,False,None,False
TX_2026_00010900,False,None,False
TX_2026_00010901,False,None,False
TX_2026_00010902,False,None,False
TX_2026_00010903,False,None,False
TX_2026_00010904,False,None,False
TX_2026_00010905,False,None,False
TX_2026_00010906,False,None,False
TX_2026_00010907,False,None,False
TX_2026_00010908,False,None,False
TX_2026_00010909,False,None,False
TX_2026_00010910,False,None,False
TX_2026_00010911,True,NEW_FOREIGN_LOCATION,True
TX_2026_00010912,False,None,False
TX_2026_00010913,False,None,False
TX_2026_00010914,False,None,False
TX_2026_00010915,False,None,False
TX_2026_00010916,False,None,False
TX_2026_00010917,False,None,False
TX_2026_00010918,False,None,False
TX_2026_00010919,False,None,False
TX_2026_00010920,False,None,False
TX_2026_00010921,False,None,False
TX_2026_00010922,False,None,False
TX_2026_00010923,False,None,False
TX_2026_00010924,False,None,False
TX_2026_00010925,False,None,False
TX_2026_00010926,False,None,False
TX_2026_00010927,False,None,False
TX_2026_00010928,False,None,False
TX_2026_00010929,False,None,False
TX_2026_00010930,False,None,False
TX_2026_00010931,False,None,False
TX_2026_00010932,False,None,False
TX_2026_00010933,False,None,False
TX_2026_00010934,False,None,False
TX_2026_00010935,False,None,False
TX_2026_00010936,False,None,False
TX_2026_00010937,False,None,False
TX_2026_00010938,False,None,False
TX_2026_00010939,False,None,False
TX_2026_00010940,False,None,False
TX_2026_00010941,False,None,False
TX_2026_00010942,False,None,False
TX_2026_00010943,False,None,False
TX_2026_00010944,False,None,False
TX_2026_00010945,False,None,False
TX_2026_00010946,False,None,False
TX_2026_00010947,False,None,False
TX_2026_00010948,False,None,False
TX_2026_00010949,False,None,False
TX_2026_00010950,False,None,False
TX_2026_00010951,False,None,False
TX_2026_00010952,False,None,False
TX_2026_00010953,False,None,False
TX_2026_00010954,False,None,False
TX_2026_00010955,False,None,False
TX_2026_00010956,False,None,False
TX_2026_00010957,False,None,False
TX_2026_00010958,False,None,False
TX_2026_00010959,False,None,False
TX_2026_00010960,False,None,False
TX_2026_00010961,False,None,False
TX_2026_00010962,False,None,False
TX_2026_00010963,False,None,False
TX_2026_00010964,False,None,False
TX_2026_00010965,False,None,False
TX_2026_00010966,False,None,False
TX_2026_00010967,False,None,False
TX_2026_00010968,False,None,False
TX_2026_00010969,False,None,False
TX_2026_00010970,False,None,False
TX_2026_00010971,False,None,False
TX_2026_00010972,False,None,False
TX_2026_00010973,False,None,False
TX_2026_00010974,False,None,False
TX_2026_00010975,False,None,False
TX_2026_00010976,False,None,False
TX_2026_00010977,False,None,False
TX_2026_00010978,False,None,False
TX_2026_00010979,False,None,False
TX_2026_00010980,False,None,False
TX_2026_00010981,False,None,False
TX_2026_00010982,False,None,False
TX_2026_00010983,False,None,False
TX_2026_00010984,False,None,False
TX_2026_00010985,False,None,False
TX_2026_00010986,False,None,False
TX_2026_00010987,False,None,False
TX_2026_00010988,False,None,False
TX_2026_00010989,False,None,False
TX_2026_00010990,False,None,False
TX_2026_00010991,False,None,False
TX_2026_00010992,False,None,False
TX_2026_00010993,False,None,False
TX_2026_00010994,False,None,False
TX_2026_00010995,False,None,False
TX_2026_00010996,False,None,False
TX_2026_00010997,False,None,False
TX_2026_00010998,False,None,False
TX_2026_00010999,False,None,False
TX_2026_00011000,False,None,False
TX_2026_00011001,False,None,False
TX_2026_00011002,False,None,False
TX_2026_00011003,False,None,False
TX_2026_00011004,False,None,False
TX_2026_00011005,False,None,False
TX_2026_00011006,False,None,False
TX_2026_00011007,False,None,False
TX_2026_00011008,False,None,False
TX_2026_00011009,False,None,False
TX_2026_00011010,False,None,False
TX_2026_00011011,False,None,False
TX_2026_00011012,False,None,False
TX_2026_00011013,False,None,False
TX_2026_00011014,False,None,False
TX_2026_00011015,False,None,False
TX_2026_00011016,False,None,False
TX_2026_00011017,False,None,False
TX_2026_00011018,False,None,False
TX_2026_00011019,False,None,False
TX_2026_00011020,False,None,False
TX_2026_00011021,False,None,False
TX_2026_00011022,False,None,False
TX_2026_00011023,False,None,False
TX_2026_00011024,False,None,False
TX_2026_00011025,False,None,False
TX_2026_00011026,False,None,False
TX_2026_00011027,False,None,False
TX_2026_00011028,False,None,False
TX_2026_00011029,False,None,False
TX_2026_00011030,False,None,False
TX_2026_00011031,False,None,False
TX_2026_00011032,False,None,False
TX_2026_00011033,False,None,False
TX_2026_00011034,False,None,False
TX_2026_00011035,False,None,False
TX_2026_00011036,False,None,False
TX_2026_00011037,False,None,False
TX_2026_00011038,False,None,False
TX_2026_00011039,True,HIGH_AMOUNT,True
TX_2026_00011040,False,None,False
TX_2026_00011041,False,None,False
TX_2026_00011042,False,None,False
TX_2026_00011043,False,None,False
TX_2026_00011044,False,None,False
TX_2026_00011045,False,None,False
TX_2026_00011046,False,None,False
TX_2026_00011047,False,None,False
TX_2026_00011048,False,None,False
TX_2026_00011049,False,None,False
TX_2026_00011050,False,None,False
TX_2026_00011051,False,None,False
TX_2026_00011052,False,None,False
TX_2026_00011053,False,None,False
TX_2026_00011054,False,None,False
TX_2026_00011055,False,None,False
TX_2026_00011056,False,None,False
TX_2026_00011057,False,None,False
TX_2026_00011058,False,None,False
TX_2026_00011059,False,None,False
TX_2026_00011060,False,None,False
TX_2026_00011061,False,None,False
TX_2026_00011062,False,None,False
TX_2026_00011063,False,None,False
TX_2026_00011064,False,None,False
TX_2026_00011065,False,None,False
TX_2026_00011066,False,None,False
TX_2026_00011067,False,None,False
TX_2026_00011068,False,None,False
TX_2026_00011069,False,None,False
TX_2026_00011070,False,None,False
TX_2026_00011071,False,None,False
TX_2026_00011072,False,None,False
TX_2026_00011073,False,None,False
TX_2026_00011074,False,None,False
TX_2026_00011075,False,None,False
TX_2026_00011076,False,None,False
TX_2026_00011077,False,None,False
TX_2026_00011078,False,None,False
TX_2026_00011079,False,None,False
TX_2026_00011080,False,None,False
TX_2026_00011081,False,None,False
TX_2026_00011082,False,None,False
TX_2026_00011083,False,None,False
TX_2026_00011084,False,None,False
TX_2026_00011085,False,None,False
TX_2026_00011086,False,None,False
TX_2026_00011087,False,None,False
TX_2026_00011088,False,None,False
TX_2026_00011089,False,None,False
TX_2026_00011090,False,None,False
TX_2026_00011091,False,None,False
TX_2026_00011092,False,None,False
TX_2026_00011093,False,None,False
TX_2026_00011094,False,None,False
TX_2026_00011095,False,None,False
TX_2026_00011096,False,None,False
TX_2026_00011097,False,None,False
TX_2026_00011098,False,None,False
TX_2026_00011099,False,None,False
TX_2026_00011100,False,None,False
TX_2026_00011101,False,None,False
TX_2026_00011102,False,None,False
TX_2026_00011103,False,None,False
TX_2026_00011104,False,None,False
TX_2026_00011105,False,None,False
TX_2026_00011106,False,None,False
TX_2026_00011107,False,None,False
TX_2026_00011108,False,None,False
TX_2026_00011109,False,None,False
TX_2026_00011110,False,None,False
TX_2026_00011111,False,None,False
TX_2026_00011112,False,None,False
TX_2026_00011113,False,None,False
TX_2026_00011114,False,None,False
TX_2026_00011115,False,None,False
TX_2026_00011116,True,NEW_FOREIGN_LOCATION,False
TX_2026_00011117,False,None,False
TX_2026_00011118,False,None,False
TX_2026_00011119,False,None,False
TX_2026_00011120,False,None,False
TX_2026_00011121,False,None,False
TX_2026_00011122,False,None,False
TX_2026_00011123,False,None,False
TX_2026_00011124,False,None,False
TX_2026_00011125,False,None,False
TX_2026_00011126,False,None,False
TX_2026_00011127,False,None,False
TX_2026_00011128,False,None,False
TX_2026_00011129,False,None,False
TX_2026_00011130,False,None,False
TX_2026_00011131,False,None,False
TX_2026_00011132,False,None,False
TX_2026_00011133,False,None,False
TX_2026_00011134,False,None,False
TX_2026_00011135,False,None,False
TX_2026_00011136,False,None,False
TX_2026_00011137,False,None,False
TX_2026_00011138,False,None,False
TX_2026_00011139,False,None,False
TX_2026_00011140,False,None,False
TX_2026_00011141,False,None,False
TX_2026_00011142,False,None,False
TX_2026_00011143,False,None,False
TX_2026_00011144,False,None,False
TX_2026_00011145,False,None,False
TX_2026_00011146,False,None,False
TX_2026_00011147,False,None,False
TX_2026_00011148,False,None,False
TX_2026_00011149,False,None,False
TX_2026_00011150,False,None,False
TX_2026_00011151,False,None,False
TX_2026_00011152,False,None,False
TX_2026_00011153,False,None,False
TX_2026_00011154,False,None,False
TX_2026_00011155,False,None,False
TX_2026_00011156,False,None,False
TX_2026_00011157,False,None,False
TX_2026_00011158,False,None,False
TX_2026_00011159,False,None,False
TX_2026_00011160,False,None,False
TX_2026_00011161,False,None,False
TX_2026_00011162,False,None,False
TX_2026_00011163,False,None,False
TX_2026_00011164,False,None,False
TX_2026_00011165,False,None,False
TX_2026_00011166,False,None,False
TX_2026_00011167,False,None,False
TX_2026_00011168,False,None,False
TX_2026_00011169,False,None,False
TX_2026_00011170,False,None,False
TX_2026_00011171,False,None,False
TX_2026_00011172,False,None,False
TX_2026_00011173,False,None,False
TX_2026_00011174,False,None,False
TX_2026_00011175,False,None,False
TX_2026_00011176,False,None,False
TX_2026_00011177,False,None,False
TX_2026_00011178,False,None,False
TX_2026_00011179,False,None,False
TX_2026_00011180,False,None,False
TX_2026_00011181,False,None,False
TX_2026_00011182,False,None,False
TX_2026_00011183,False,None,False
TX_2026_00011184,False,None,False
TX_2026_00011185,False,None,False
TX_2026_00011186,False,None,False
TX_2026_00011187,True,HIGH_AMOUNT,False
TX_2026_00011188,False,None,False
TX_2026_00011189,False,None,False
TX_2026_00011190,False,None,False
TX_2026_00011191,False,None,False
TX_2026_00011192,False,None,False
TX_2026_00011193,False,None,False
TX_2026_00011194,False,None,False
TX_2026_00011195,False,None,False
TX_2026_00011196,False,None,False
TX_2026_00011197,False,None,False
TX_2026_00011198,False,None,False
TX_2026_00011199,False,None,False
TX_2026_00011200,False,None,False
TX_2026_00011201,False,None,False
TX_2026_00011202,False,None,False
TX_2026_00011203,False,None,False
TX_2026_00011204,False,None,False
TX_2026_00011205,True,UNUSUAL_NIGHT,True
TX_2026_00011206,False,None,False
TX_2026_00011207,False,None,False
TX_2026_00011208,False,None,False
TX_2026_00011209,False,None,False
TX_2026_00011210,False,None,False
TX_2026_00011211,False,None,False
TX_2026_00011212,False,None,False
TX_2026_00011213,False,None,False
TX_2026_00011214,False,None,False
TX_2026_00011215,False,None,False
TX_2026_00011216,False,None,False
TX_2026_00011217,False,None,False
TX_2026_00011218,False,None,False
TX_2026_00011219,False,None,False
TX_2026_00011220,False,None,False
TX_2026_00011221,False,None,False
TX_2026_00011222,False,None,False
TX_2026_00011223,False,None,False
TX_2026_00011224,False,None,False
TX_2026_00011225,False,None,False
TX_2026_00011226,False,None,False
TX_2026_00011227,False,None,False
TX_2026_00011228,False,None,False
TX_2026_00011229,False,None,False
TX_2026_00011230,False,None,False
TX_2026_00011231,False,None,False
TX_2026_00011232,False,None,False
TX_2026_00011233,False,None,False
TX_2026_00011234,False,None,False
TX_2026_00011235,False,None,False
TX_2026_00011236,False,None,False
TX_2026_00011237,False,None,False
TX_2026_00011238,False,None,False
TX_2026_00011239,False,None,False
TX_2026_00011240,False,None,False
TX_2026_00011241,False,None,False
TX_2026_00011242,False,None,False
TX_2026_00011243,False,None,False
TX_2026_00011244,False,None,False
TX_2026_00011245,False,None,False
TX_2026_00011246,False,None,False
TX_2026_00011247,False,None,False
TX_2026_00011248,False,None,False
TX_2026_00011249,False,None,False
TX_2026_00011250,False,None,False
TX_2026_00011251,False,None,False
TX_2026_00011252,False,None,False
TX_2026_00011253,False,None,False
TX_2026_00011254,False,None,False
TX_2026_00011255,False,None,False
TX_2026_00011256,False,None,False
TX_2026_00011257,False,None,False
TX_2026_00011258,False,None,False
TX_2026_00011259,False,None,False
TX_2026_00011260,False,None,False
TX_2026_00011261,False,None,False
TX_2026_00011262,False,None,False
TX_2026_00011263,False,None,False
TX_2026_00011264,False,None,False
TX_2026_00011265,False,None,False
TX_2026_00011266,False,None,False
TX_2026_00011267,False,None,False
TX_2026_00011268,False,None,False
TX_2026_00011269,False,None,False
TX_2026_00011270,False,None,False
TX_2026_00011271,False,None,False
TX_2026_00011272,False,None,False
TX_2026_00011273,False,None,False
TX_2026_00011274,False,None,False
TX_2026_00011275,False,None,False
TX_2026_00011276,False,None,False
TX_2026_00011277,False,None,False
TX_2026_00011278,False,None,False
TX_2026_00011279,False,None,False
TX_2026_00011280,False,None,False
TX_2026_00011281,False,None,False
TX_2026_00011282,False,None,False
TX_2026_00011283,False,None,False
TX_2026_00011284,False,None,False
TX_2026_00011285,False,None,False
TX_2026_00011286,False,None,False
TX_2026_00011287,False,None,False
TX_2026_00011288,False,None,False
TX_2026_00011289,False,None,False
TX_2026_00011290,False,None,False
TX_2026_00011291,False,None,False
TX_2026_00011292,False,None,False
TX_2026_00011293,False,None,False
TX_2026_00011294,False,None,False
TX_2026_00011295,False,None,False
TX_2026_00011296,False,None,False
TX_2026_00011297,False,None,False
TX_2026_00011298,False,None,False
TX_2026_00011299,False,None,False
TX_2026_00011300,False,None,False
TX_2026_00011301,False,None,False
TX_2026_00011302,False,None,False
TX_2026_00011303,False,None,False
TX_2026_00011304,False,None,False
TX_2026_00011305,False,None,False
TX_2026_00011306,False,None,False
TX_2026_00011307,False,None,False
TX_2026_00011308,False,None,False
TX_2026_00011309,False,None,False
TX_2026_00011310,False,None,False
TX_2026_00011311,False,None,False
TX_2026_00011312,False,None,False
TX_2026_00011313,False,None,False
TX_2026_00011314,False,None,False
TX_2026_00011315,False,None,False
TX_2026_00011316,False,None,False
TX_2026_00011317,False,None,False
TX_2026_00011318,False,None,False
TX_2026_00011319,False,None,False
TX_2026_00011320,False,None,False
TX_2026_00011321,False,None,False
TX_2026_00011322,False,None,False
TX_2026_00011323,False,None,False
TX_2026_00011324,False,None,False
TX_2026_00011325,False,None,False
TX_2026_00011326,False,None,False
TX_2026_00011327,False,None,False
TX_2026_00011328,True,NEW_DEVICE_BURST,True
TX_2026_00011329,False,None,False
TX_2026_00011330,False,None,False
TX_2026_00011331,False,None,False
TX_2026_00011332,False,None,False
TX_2026_00011333,False,None,False
TX_2026_00011334,False,None,False
TX_2026_00011335,False,None,False
TX_2026_00011336,False,None,False
TX_2026_00011337,True,NEW_FOREIGN_LOCATION,True
TX_2026_00011338,False,None,False
TX_2026_00011339,False,None,False
TX_2026_00011340,False,None,False
TX_2026_00011341,False,None,False
TX_2026_00011342,False,None,False
TX_2026_00011343,True,NEW_DEVICE_BURST,True
TX_2026_00011344,False,None,False
TX_2026_00011345,False,None,False
TX_2026_00011346,False,None,False
TX_2026_00011347,False,None,False
TX_2026_00011348,False,None,False
TX_2026_00011349,False,None,False
TX_2026_00011350,False,None,False
TX_2026_00011351,False,None,False
TX_2026_00011352,False,None,False
TX_2026_00011353,False,None,False
TX_2026_00011354,False,None,False
TX_2026_00011355,False,None,False
TX_2026_00011356,False,None,False
TX_2026_00011357,False,None,False
TX_2026_00011358,False,None,False
TX_2026_00011359,False,None,False
TX_2026_00011360,False,None,False
TX_2026_00011361,False,None,False
TX_2026_00011362,True,NEW_DEVICE_BURST,False
TX_2026_00011363,False,None,False
TX_2026_00011364,False,None,False
TX_2026_00011365,False,None,False
TX_2026_00011366,False,None,False
TX_2026_00011367,False,None,False
TX_2026_00011368,False,None,False
TX_2026_00011369,False,None,False
TX_2026_00011370,False,None,False
TX_2026_00011371,False,None,False
TX_2026_00011372,False,None,False
TX_2026_00011373,False,None,False
TX_2026_00011374,False,None,False
TX_2026_00011375,False,None,False
TX_2026_00011376,False,None,False
TX_2026_00011377,False,None,False
TX_2026_00011378,False,None,False
TX_2026_00011379,False,None,False
TX_2026_00011380,False,None,False
TX_2026_00011381,False,None,False
TX_2026_00011382,False,None,False
TX_2026_00011383,False,None,False
TX_2026_00011384,False,None,False
TX_2026_00011385,False,None,False
TX_2026_00011386,False,None,False
TX_2026_00011387,False,None,False
TX_2026_00011388,False,None,False
TX_2026_00011389,False,None,False
TX_2026_00011390,True,UNUSUAL_NIGHT,True
TX_2026_00011391,False,None,False
TX_2026_00011392,False,None,False
TX_2026_00011393,False,None,False
TX_2026_00011394,False,None,False
TX_2026_00011395,False,None,False
TX_2026_00011396,False,None,False
TX_2026_00011397,False,None,False
TX_2026_00011398,False,None,False
TX_2026_00011399,False,None,False
TX_2026_00011400,False,None,False
TX_2026_00011401,False,None,False
TX_2026_00011402,False,None,False
TX_2026_00011403,False,None,False
TX_2026_00011404,False,None,False
TX_2026_00011405,False,None,False
TX_2026_00011406,False,None,False
TX_2026_00011407,False,None,False
TX_2026_00011408,True,UNUSUAL_NIGHT,True
TX_2026_00011409,False,None,False
TX_2026_00011410,False,None,False
TX_2026_00011411,False,None,False
TX_2026_00011412,False,None,False
TX_2026_00011413,False,None,False
TX_2026_00011414,False,None,False
TX_2026_00011415,False,None,False
TX_2026_00011416,False,None,False
TX_2026_00011417,False,None,False
TX_2026_00011418,False,None,False
TX_2026_00011419,False,None,False
TX_2026_00011420,False,None,False
TX_2026_00011421,False,None,False
TX_2026_00011422,False,None,False
TX_2026_00011423,False,None,False
TX_2026_00011424,False,None,False
TX_2026_00011425,False,None,False
TX_2026_00011426,False,None,False
TX_2026_00011427,False,None,False
TX_2026_00011428,False,None,False
TX_2026_00011429,False,None,False
TX_2026_00011430,False,None,False
TX_2026_00011431,False,None,False
TX_2026_00011432,False,None,False
TX_2026_00011433,False,None,False
TX_2026_00011434,False,None,False
TX_2026_00011435,False,None,False
TX_2026_00011436,False,None,False
TX_2026_00011437,False,None,False
TX_2026_00011438,False,None,False
TX_2026_00011439,False,None,False
TX_2026_00011440,False,None,False
TX_2026_00011441,False,None,False
TX_2026_00011442,False,None,False
TX_2026_00011443,False,None,False
TX_2026_00011444,False,None,False
TX_2026_00011445,False,None,False
TX_2026_00011446,False,None,False
TX_2026_00011447,False,None,False
TX_2026_00011448,False,None,False
TX_2026_00011449,False,None,False
TX_2026_00011450,False,None,False
TX_2026_00011451,False,None,False
TX_2026_00011452,False,None,False
TX_2026_00011453,False,None,False
TX_2026_00011454,False,None,False
TX_2026_00011455,False,None,False
TX_2026_00011456,False,None,False
TX_2026_00011457,False,None,False
TX_2026_00011458,False,None,False
TX_2026_00011459,False,None,False
TX_2026_00011460,False,None,False
TX_2026_00011461,False,None,False
TX_2026_00011462,False,None,False
TX_2026_00011463,False,None,False
TX_2026_00011464,False,None,False
TX_2026_00011465,False,None,False
TX_2026_00011466,False,None,False
TX_2026_00011467,False,None,False
TX_2026_00011468,False,None,False
TX_2026_00011469,False,None,False
TX_2026_00011470,False,None,False
TX_2026_00011471,False,None,False
TX_2026_00011472,False,None,False
TX_2026_00011473,False,None,False
TX_2026_00011474,False,None,False
TX_2026_00011475,False,None,False
TX_2026_00011476,False,None,False
TX_2026_00011477,False,None,False
TX_2026_00011478,False,None,False
TX_2026_00011479,False,None,False
TX_2026_00011480,False,None,False
TX_2026_00011481,False,None,False
TX_2026_00011482,False,None,False
TX_2026_00011483,False,None,False
TX_2026_00011484,False,None,False
TX_2026_00011485,False,None,False
TX_2026_00011486,False,None,False
TX_2026_00011487,False,None,False
TX_2026_00011488,False,None,False
TX_2026_00011489,False,None,False
TX_2026_00011490,False,None,False
TX_2026_00011491,False,None,False
TX_2026_00011492,False,None,False
TX_2026_00011493,False,None,False
TX_2026_00011494,False,None,False
TX_2026_00011495,False,None,False
TX_2026_00011496,False,None,False
TX_2026_00011497,False,None,False
TX_2026_00011498,False,None,False
TX_2026_00011499,False,None,False
TX_2026_00011500,False,None,False
TX_2026_00011501,False,None,False
TX_2026_00011502,False,None,False
TX_2026_00011503,False,None,False
TX_2026_00011504,False,None,False
TX_2026_00011505,False,None,False
TX_2026_00011506,False,None,False
TX_2026_00011507,False,None,False
TX_2026_00011508,False,None,False
TX_2026_00011509,False,None,False
TX_2026_00011510,False,None,False
TX_2026_00011511,False,None,False
TX_2026_00011512,False,None,False
TX_2026_00011513,False,None,False
TX_2026_00011514,False,None,False
TX_2026_00011515,False,None,False
TX_2026_00011516,False,None,False
TX_2026_00011517,False,None,False
TX_2026_00011518,False,None,False
TX_2026_00011519,False,None,False
TX_2026_00011520,False,None,False
TX_2026_00011521,False,None,False
TX_2026_00011522,False,None,False
TX_2026_00011523,False,None,False
TX_2026_00011524,False,None,False
TX_2026_00011525,False,None,False
TX_2026_00011526,False,None,False
TX_2026_00011527,False,None,False
TX_2026_00011528,False,None,False
TX_2026_00011529,False,None,False
TX_2026_00011530,False,None,False
TX_2026_00011531,False,None,False
TX_2026_00011532,False,None,False
TX_2026_00011533,False,None,False
TX_2026_00011534,False,None,False
TX_2026_00011535,False,None,False
TX_2026_00011536,False,None,False
TX_2026_00011537,False,None,False
TX_2026_00011538,False,None,False
TX_2026_00011539,False,None,False
TX_2026_00011540,False,None,False
TX_2026_00011541,False,None,False
TX_2026_00011542,False,None,False
TX_2026_00011543,False,None,False
TX_2026_00011544,False,None,False
TX_2026_00011545,False,None,False
TX_2026_00011546,False,None,False
TX_2026_00011547,False,None,False
TX_2026_00011548,False,None,False
TX_2026_00011549,False,None,False
TX_2026_00011550,False,None,False
TX_2026_00011551,False,None,False
TX_2026_00011552,False,None,False
TX_2026_00011553,False,None,False
TX_2026_00011554,False,None,False
TX_2026_00011555,False,None,False
TX_2026_00011556,False,None,False
TX_2026_00011557,False,None,False
TX_2026_00011558,False,None,False
TX_2026_00011559,False,None,False
TX_2026_00011560,False,None,False
TX_2026_00011561,False,None,False
TX_2026_00011562,False,None,False
TX_2026_00011563,False,None,False
TX_2026_00011564,False,None,False
TX_2026_00011565,False,None,False
TX_2026_00011566,False,None,False
TX_2026_00011567,False,None,False
TX_2026_00011568,False,None,False
TX_2026_00011569,False,None,False
TX_2026_00011570,False,None,False
TX_2026_00011571,False,None,False
TX_2026_00011572,False,None,False
TX_2026_00011573,False,None,False
TX_2026_00011574,False,None,False
TX_2026_00011575,False,None,False
TX_2026_00011576,False,None,False
TX_2026_00011577,False,None,False
TX_2026_00011578,False,None,False
TX_2026_00011579,False,None,False
TX_2026_00011580,False,None,False
TX_2026_00011581,False,None,False
TX_2026_00011582,False,None,False
TX_2026_00011583,False,None,False
TX_2026_00011584,False,None,False
TX_2026_00011585,False,None,False
TX_2026_00011586,False,None,False
TX_2026_00011587,False,None,False
TX_2026_00011588,False,None,False
TX_2026_00011589,False,None,False
TX_2026_00011590,False,None,False
TX_2026_00011591,False,None,False
TX_2026_00011592,False,None,False
TX_2026_00011593,False,None,False
TX_2026_00011594,False,None,False
TX_2026_00011595,False,None,False
TX_2026_00011596,False,None,False
TX_2026_00011597,True,UNUSUAL_NIGHT,True
TX_2026_00011598,False,None,False
TX_2026_00011599,False,None,False
TX_2026_00011600,False,None,False
TX_2026_00011601,False,None,False
TX_2026_00011602,False,None,False
TX_2026_00011603,False,None,False
TX_2026_00011604,False,None,False
TX_2026_00011605,False,None,False
TX_2026_00011606,False,None,False
TX_2026_00011607,False,None,False
TX_2026_00011608,False,None,False
TX_2026_00011609,True,NEW_FOREIGN_LOCATION,True
TX_2026_00011610,False,None,False
TX_2026_00011611,False,None,False
TX_2026_00011612,False,None,False
TX_2026_00011613,False,None,False
TX_2026_00011614,False,None,False
TX_2026_00011615,False,None,False
TX_2026_00011616,False,None,False
TX_2026_00011617,False,None,False
TX_2026_00011618,False,None,False
TX_2026_00011619,True,HIGH_AMOUNT,True
TX_2026_00011620,False,None,False
TX_2026_00011621,False,None,False
TX_2026_00011622,False,None,False
TX_2026_00011623,False,None,False
TX_2026_00011624,False,None,False
TX_2026_00011625,False,None,False
TX_2026_00011626,False,None,False
TX_2026_00011627,False,None,False
TX_2026_00011628,False,None,False
TX_2026_00011629,False,None,False
TX_2026_00011630,False,None,False
TX_2026_00011631,False,None,False
TX_2026_00011632,False,None,False
TX_2026_00011633,False,None,False
TX_2026_00011634,False,None,False
TX_2026_00011635,False,None,False
TX_2026_00011636,False,None,False
TX_2026_00011637,False,None,False
TX_2026_00011638,False,None,False
TX_2026_00011639,False,None,False
TX_2026_00011640,False,None,False
TX_2026_00011641,False,None,False
TX_2026_00011642,False,None,False
TX_2026_00011643,False,None,False
TX_2026_00011644,False,None,False
TX_2026_00011645,False,None,False
TX_2026_00011646,False,None,False
TX_2026_00011647,False,None,False
TX_2026_00011648,False,None,False
TX_2026_00011649,False,None,False
TX_2026_00011650,False,None,False
TX_2026_00011651,False,None,False
TX_2026_00011652,False,None,False
TX_2026_00011653,False,None,False
TX_2026_00011654,False,None,False
TX_2026_00011655,False,None,False
TX_2026_00011656,False,None,False
TX_2026_00011657,False,None,False
TX_2026_00011658,True,UNUSUAL_NIGHT,True
TX_2026_00011659,False,None,False
TX_2026_00011660,False,None,False
TX_2026_00011661,False,None,False
TX_2026_00011662,False,None,False
TX_2026_00011663,False,None,False
TX_2026_00011664,False,None,False
TX_2026_00011665,False,None,False
TX_2026_00011666,False,None,False
TX_2026_00011667,False,None,False
TX_2026_00011668,False,None,False
TX_2026_00011669,False,None,False
TX_2026_00011670,False,None,False
TX_2026_00011671,False,None,False
TX_2026_00011672,False,None,False
TX_2026_00011673,False,None,False
TX_2026_00011674,False,None,False
TX_2026_00011675,False,None,False
TX_2026_00011676,False,None,False
TX_2026_00011677,False,None,False
TX_2026_00011678,False,None,False
TX_2026_00011679,False,None,False
TX_2026_00011680,False,None,False
TX_2026_00011681,False,None,False
TX_2026_00011682,False,None,False
TX_2026_00011683,False,None,False
TX_2026_00011684,False,None,False
TX_2026_00011685,False,None,False
TX_2026_00011686,False,None,False
TX_2026_00011687,False,None,False
TX_2026_00011688,False,None,False
TX_2026_00011689,True,NEW_FOREIGN_LOCATION,True
TX_2026_00011690,False,None,False
TX_2026_00011691,False,None,False
TX_2026_00011692,False,None,False
TX_2026_00011693,False,None,False
TX_2026_00011694,False,None,False
TX_2026_00011695,False,None,False
TX_2026_00011696,False,None,False
TX_2026_00011697,False,None,False
TX_2026_00011698,False,None,False
TX_2026_00011699,False,None,False
TX_2026_00011700,True,UNUSUAL_NIGHT,False
TX_2026_00011701,False,None,False
TX_2026_00011702,False,None,False
TX_2026_00011703,False,None,False
TX_2026_00011704,False,None,False
TX_2026_00011705,False,None,False
TX_2026_00011706,False,None,False
TX_2026_00011707,False,None,False
TX_2026_00011708,False,None,False
TX_2026_00011709,False,None,False
TX_2026_00011710,False,None,False
TX_2026_00011711,True,HIGH_AMOUNT,False
TX_2026_00011712,False,None,False
TX_2026_00011713,False,None,False
TX_2026_00011714,False,None,False
TX_2026_00011715,False,None,False
TX_2026_00011716,False,None,False
TX_2026_00011717,False,None,False
TX_2026_00011718,False,None,False
TX_2026_00011719,False,None,False
TX_2026_00011720,False,None,False
TX_2026_00011721,False,None,False
TX_2026_00011722,False,None,False
TX_2026_00011723,False,None,False
TX_2026_00011724,False,None,False
TX_2026_00011725,False,None,False
TX_2026_00011726,False,None,False
TX_2026_00011727,False,None,False
TX_2026_00011728,False,None,False
TX_2026_00011729,False,None,False
TX_2026_00011730,False,None,False
TX_2026_00011731,False,None,False
TX_2026_00011732,False,None,False
TX_2026_00011733,False,None,False
TX_2026_00011734,False,None,False
TX_2026_00011735,False,None,False
TX_2026_00011736,False,None,False
TX_2026_00011737,False,None,False
TX_2026_00011738,False,None,False
TX_2026_00011739,False,None,False
TX_2026_00011740,False,None,False
TX_2026_00011741,False,None,False
TX_2026_00011742,False,None,False
TX_2026_00011743,False,None,False
TX_2026_00011744,False,None,False
TX_2026_00011745,False,None,False
TX_2026_00011746,False,None,False
TX_2026_00011747,False,None,False
TX_2026_00011748,False,None,False
TX_2026_00011749,False,None,False
TX_2026_00011750,False,None,False
TX_2026_00011751,False,None,False
TX_2026_00011752,False,None,False
TX_2026_00011753,False,None,False
TX_2026_00011754,False,None,False
TX_2026_00011755,False,None,False
TX_2026_00011756,False,None,False
TX_2026_00011757,False,None,False
TX_2026_00011758,False,None,False
TX_2026_00011759,False,None,False
TX_2026_00011760,False,None,False
TX_2026_00011761,False,None,False
TX_2026_00011762,False,None,False
TX_2026_00011763,False,None,False
TX_2026_00011764,False,None,False
TX_2026_00011765,False,None,False
TX_2026_00011766,False,None,False
TX_2026_00011767,False,None,False
TX_2026_00011768,False,None,False
TX_2026_00011769,False,None,False
TX_2026_00011770,False,None,False
TX_2026_00011771,False,None,False
TX_2026_00011772,False,None,False
TX_2026_00011773,False,None,False
TX_2026_00011774,False,None,False
TX_2026_00011775,False,None,False
TX_2026_00011776,False,None,False
TX_2026_00011777,False,None,False
TX_2026_00011778,False,None,False
TX_2026_00011779,False,None,False
TX_2026_00011780,False,None,False
TX_2026_00011781,False,None,False
TX_2026_00011782,False,None,False
TX_2026_00011783,False,None,False
TX_2026_00011784,False,None,False
TX_2026_00011785,False,None,False
TX_2026_00011786,False,None,False
TX_2026_00011787,False,None,False
TX_2026_00011788,False,None,False
TX_2026_00011789,False,None,False
TX_2026_00011790,False,None,False
TX_2026_00011791,False,None,False
TX_2026_00011792,False,None,False
TX_2026_00011793,False,None,False
TX_2026_00011794,False,None,False
TX_2026_00011795,False,None,False
TX_2026_00011796,False,None,False
TX_2026_00011797,False,None,False
TX_2026_00011798,False,None,False
TX_2026_00011799,False,None,False
TX_2026_00011800,False,None,False
TX_2026_00011801,False,None,False
TX_2026_00011802,False,None,False
TX_2026_00011803,True,HIGH_AMOUNT,False
TX_2026_00011804,False,None,False
TX_2026_00011805,False,None,False
TX_2026_00011806,False,None,False
TX_2026_00011807,False,None,False
TX_2026_00011808,False,None,False
TX_2026_00011809,False,None,False
TX_2026_00011810,False,None,False
TX_2026_00011811,False,None,False
TX_2026_00011812,False,None,False
TX_2026_00011813,False,None,False
TX_2026_00011814,False,None,False
TX_2026_00011815,False,None,False
TX_2026_00011816,False,None,False
TX_2026_00011817,False,None,False
TX_2026_00011818,False,None,False
TX_2026_00011819,False,None,False
TX_2026_00011820,False,None,False
TX_2026_00011821,False,None,False
TX_2026_00011822,False,None,False
TX_2026_00011823,False,None,False
TX_2026_00011824,False,None,False
TX_2026_00011825,False,None,False
TX_2026_00011826,False,None,False
TX_2026_00011827,False,None,False
TX_2026_00011828,False,None,False
TX_2026_00011829,False,None,False
TX_2026_00011830,False,None,False
TX_2026_00011831,True,UNUSUAL_NIGHT,True
TX_2026_00011832,False,None,False
TX_2026_00011833,False,None,False
TX_2026_00011834,False,None,False
TX_2026_00011835,False,None,False
TX_2026_00011836,False,None,False
TX_2026_00011837,False,None,False
TX_2026_00011838,False,None,False
TX_2026_00011839,False,None,False
TX_2026_00011840,False,None,False
TX_2026_00011841,False,None,False
TX_2026_00011842,False,None,False
TX_2026_00011843,False,None,False
TX_2026_00011844,False,None,False
TX_2026_00011845,False,None,False
TX_2026_00011846,False,None,False
TX_2026_00011847,False,None,False
TX_2026_00011848,False,None,False
TX_2026_00011849,False,None,False
TX_2026_00011850,False,None,False
TX_2026_00011851,False,None,False
TX_2026_00011852,False,None,False
TX_2026_00011853,False,None,False
TX_2026_00011854,True,NEW_FOREIGN_LOCATION,False
TX_2026_00011855,False,None,False
TX_2026_00011856,False,None,False
TX_2026_00011857,False,None,False
TX_2026_00011858,False,None,False
TX_2026_00011859,False,None,False
TX_2026_00011860,False,None,False
TX_2026_00011861,True,UNUSUAL_NIGHT,True
TX_2026_00011862,False,None,False
TX_2026_00011863,False,None,False
TX_2026_00011864,False,None,False
TX_2026_00011865,False,None,False
TX_2026_00011866,False,None,False
TX_2026_00011867,False,None,False
TX_2026_00011868,False,None,False
TX_2026_00011869,False,None,False
TX_2026_00011870,False,None,False
TX_2026_00011871,False,None,False
TX_2026_00011872,False,None,False
TX_2026_00011873,False,None,False
TX_2026_00011874,False,None,False
TX_2026_00011875,False,None,False
TX_2026_00011876,False,None,False
TX_2026_00011877,False,None,False
TX_2026_00011878,False,None,False
TX_2026_00011879,False,None,False
TX_2026_00011880,False,None,False
TX_2026_00011881,False,None,False
TX_2026_00011882,False,None,False
TX_2026_00011883,False,None,False
TX_2026_00011884,False,None,False
TX_2026_00011885,False,None,False
TX_2026_00011886,False,None,False
TX_2026_00011887,False,None,False
TX_2026_00011888,False,None,False
TX_2026_00011889,False,None,False
TX_2026_00011890,False,None,False
TX_2026_00011891,False,None,False
TX_2026_00011892,False,None,False
TX_2026_00011893,False,None,False
TX_2026_00011894,False,None,False
TX_2026_00011895,False,None,False
TX_2026_00011896,False,None,False
TX_2026_00011897,False,None,False
TX_2026_00011898,False,None,False
TX_2026_00011899,False,None,False
TX_2026_00011900,False,None,False
TX_2026_00011901,False,None,False
TX_2026_00011902,False,None,False
TX_2026_00011903,False,None,False
TX_2026_00011904,False,None,False
TX_2026_00011905,False,None,False
TX_2026_00011906,False,None,False
TX_2026_00011907,False,None,False
TX_2026_00011908,False,None,False
TX_2026_00011909,False,None,False
TX_2026_00011910,False,None,False
TX_2026_00011911,False,None,False
TX_2026_00011912,False,None,False
TX_2026_00011913,False,None,False
TX_2026_00011914,False,None,False
TX_2026_00011915,False,None,False
TX_2026_00011916,False,None,False
TX_2026_00011917,False,None,False
TX_2026_00011918,False,None,False
TX_2026_00011919,False,None,False
TX_2026_00011920,False,None,False
TX_2026_00011921,False,None,False
TX_2026_00011922,False,None,False
TX_2026_00011923,False,None,False
TX_2026_00011924,False,None,False
TX_2026_00011925,False,None,False
TX_2026_00011926,False,None,False
TX_2026_00011927,False,None,False
TX_2026_00011928,False,None,False
TX_2026_00011929,False,None,False
TX_2026_00011930,False,None,False
TX_2026_00011931,False,None,False
TX_2026_00011932,False,None,False
TX_2026_00011933,False,None,False
TX_2026_00011934,False,None,False
TX_2026_00011935,False,None,False
TX_2026_00011936,False,None,False
TX_2026_00011937,False,None,False
TX_2026_00011938,False,None,False
TX_2026_00011939,False,None,False
TX_2026_00011940,False,None,False
TX_2026_00011941,False,None,False
TX_2026_00011942,False,None,False
TX_2026_00011943,False,None,False
TX_2026_00011944,False,None,False
TX_2026_00011945,False,None,False
TX_2026_00011946,False,None,False
TX_2026_00011947,False,None,False
TX_2026_00011948,False,None,False
TX_2026_00011949,False,None,False
TX_2026_00011950,False,None,False
TX_2026_00011951,False,None,False
TX_2026_00011952,False,None,False
TX_2026_00011953,False,None,False
TX_2026_00011954,False,None,False
TX_2026_00011955,False,None,False
TX_2026_00011956,False,None,False
TX_2026_00011957,False,None,False
TX_2026_00011958,False,None,False
TX_2026_00011959,False,None,False
TX_2026_00011960,False,None,False
TX_2026_00011961,False,None,False
TX_2026_00011962,False,None,False
TX_2026_00011963,False,None,False
TX_2026_00011964,False,None,False
TX_2026_00011965,False,None,False
TX_2026_00011966,False,None,False
TX_2026_00011967,False,None,False
TX_2026_00011968,False,None,False
TX_2026_00011969,False,None,False
TX_2026_00011970,False,None,False
TX_2026_00011971,False,None,False
TX_2026_00011972,False,None,False
TX_2026_00011973,False,None,False
TX_2026_00011974,False,None,False
TX_2026_00011975,False,None,False
TX_2026_00011976,False,None,False
TX_2026_00011977,False,None,False
TX_2026_00011978,False,None,False
TX_2026_00011979,False,None,False
TX_2026_00011980,False,None,False
TX_2026_00011981,False,None,False
TX_2026_00011982,False,None,False
TX_2026_00011983,False,None,False
TX_2026_00011984,False,None,False
TX_2026_00011985,False,None,False
TX_2026_00011986,False,None,False
TX_2026_00011987,False,None,False
TX_2026_00011988,False,None,False
TX_2026_00011989,False,None,False
TX_2026_00011990,False,None,False
TX_2026_00011991,False,None,False
TX_2026_00011992,False,None,False
TX_2026_00011993,False,None,False
TX_2026_00011994,False,None,False
TX_2026_00011995,False,None,False
TX_2026_00011996,False,None,False
TX_2026_00011997,False,None,False
TX_2026_00011998,False,None,False
TX_2026_00011999,False,None,False
TX_2026_00012000,False,None,False
TX_2026_00012001,False,None,False
TX_2026_00012002,False,None,False
TX_2026_00012003,False,None,False
TX_2026_00012004,False,None,False
TX_2026_00012005,False,None,False
TX_2026_00012006,False,None,False
TX_2026_00012007,False,None,False
TX_2026_00012008,False,None,False
TX_2026_00012009,False,None,False
TX_2026_00012010,False,None,False
TX_2026_00012011,False,None,False
TX_2026_00012012,False,None,False
TX_2026_00012013,False,None,False
TX_2026_00012014,False,None,False
TX_2026_00012015,False,None,False
TX_2026_00012016,False,None,False
TX_2026_00012017,False,None,False
TX_2026_00012018,False,None,False
TX_2026_00012019,False,None,False
TX_2026_00012020,False,None,False
TX_2026_00012021,False,None,False
TX_2026_00012022,True,HIGH_AMOUNT,True
TX_2026_00012023,False,None,False
TX_2026_00012024,False,None,False
TX_2026_00012025,False,None,False
TX_2026_00012026,False,None,False
TX_2026_00012027,False,None,False
TX_2026_00012028,False,None,False
TX_2026_00012029,False,None,False
TX_2026_00012030,False,None,False
TX_2026_00012031,False,None,False
TX_2026_00012032,True,UNUSUAL_NIGHT,True
TX_2026_00012033,False,None,False
TX_2026_00012034,False,None,False
TX_2026_00012035,False,None,False
TX_2026_00012036,False,None,False
TX_2026_00012037,False,None,False
TX_2026_00012038,False,None,False
TX_2026_00012039,False,None,False
TX_2026_00012040,False,None,False
TX_2026_00012041,False,None,False
TX_2026_00012042,False,None,False
TX_2026_00012043,False,None,False
TX_2026_00012044,False,None,False
TX_2026_00012045,False,None,False
TX_2026_00012046,False,None,False
TX_2026_00012047,False,None,False
TX_2026_00012048,False,None,False
TX_2026_00012049,False,None,False
TX_2026_00012050,False,None,False
TX_2026_00012051,False,None,False
TX_2026_00012052,False,None,False
TX_2026_00012053,False,None,False
TX_2026_00012054,False,None,False
TX_2026_00012055,False,None,False
TX_2026_00012056,False,None,False
TX_2026_00012057,False,None,False
TX_2026_00012058,False,None,False
TX_2026_00012059,False,None,False
TX_2026_00012060,False,None,False
TX_2026_00012061,False,None,False
TX_2026_00012062,False,None,False
TX_2026_00012063,False,None,False
TX_2026_00012064,False,None,False
TX_2026_00012065,False,None,False
TX_2026_00012066,False,None,False
TX_2026_00012067,False,None,False
TX_2026_00012068,False,None,False
TX_2026_00012069,False,None,False
TX_2026_00012070,False,None,False
TX_2026_00012071,False,None,False
TX_2026_00012072,False,None,False
TX_2026_00012073,False,None,False
TX_2026_00012074,False,None,False
TX_2026_00012075,False,None,False
TX_2026_00012076,False,None,False
TX_2026_00012077,False,None,False
TX_2026_00012078,False,None,False
TX_2026_00012079,False,None,False
TX_2026_00012080,False,None,False
TX_2026_00012081,False,None,False
TX_2026_00012082,False,None,False
TX_2026_00012083,False,None,False
TX_2026_00012084,False,None,False
TX_2026_00012085,True,UNUSUAL_NIGHT,True
TX_2026_00012086,False,None,False
TX_2026_00012087,False,None,False
TX_2026_00012088,False,None,False
TX_2026_00012089,False,None,False
TX_2026_00012090,False,None,False
TX_2026_00012091,False,None,False
TX_2026_00012092,False,None,False
TX_2026_00012093,False,None,False
TX_2026_00012094,False,None,False
TX_2026_00012095,False,None,False
TX_2026_00012096,False,None,False
TX_2026_00012097,False,None,False
TX_2026_00012098,False,None,False
TX_2026_00012099,False,None,False
TX_2026_00012100,False,None,False
TX_2026_00012101,False,None,False
TX_2026_00012102,False,None,False
TX_2026_00012103,False,None,False
TX_2026_00012104,False,None,False
TX_2026_00012105,False,None,False
TX_2026_00012106,False,None,False
TX_2026_00012107,False,None,False
TX_2026_00012108,False,None,False
TX_2026_00012109,False,None,False
TX_2026_00012110,False,None,False
TX_2026_00012111,False,None,False
TX_2026_00012112,False,None,False
TX_2026_00012113,False,None,False
TX_2026_00012114,False,None,False
TX_2026_00012115,False,None,False
TX_2026_00012116,False,None,False
TX_2026_00012117,False,None,False
TX_2026_00012118,False,None,False
TX_2026_00012119,True,NEW_FOREIGN_LOCATION,True
TX_2026_00012120,False,None,False
TX_2026_00012121,True,NEW_FOREIGN_LOCATION,True
TX_2026_00012122,False,None,False
TX_2026_00012123,False,None,False
TX_2026_00012124,False,None,False
TX_2026_00012125,False,None,False
TX_2026_00012126,False,None,False
TX_2026_00012127,False,None,False
TX_2026_00012128,False,None,False
TX_2026_00012129,False,None,False
TX_2026_00012130,False,None,False
TX_2026_00012131,False,None,False
TX_2026_00012132,False,None,False
TX_2026_00012133,False,None,False
TX_2026_00012134,False,None,False
TX_2026_00012135,False,None,False
TX_2026_00012136,False,None,False
TX_2026_00012137,False,None,False
TX_2026_00012138,False,None,False
TX_2026_00012139,False,None,False
TX_2026_00012140,False,None,False
TX_2026_00012141,False,None,False
TX_2026_00012142,False,None,False
TX_2026_00012143,False,None,False
TX_2026_00012144,False,None,False
TX_2026_00012145,False,None,False
TX_2026_00012146,False,None,False
TX_2026_00012147,False,None,False
TX_2026_00012148,False,None,False
TX_2026_00012149,False,None,False
TX_2026_00012150,False,None,False
TX_2026_00012151,False,None,False
TX_2026_00012152,False,None,False
TX_2026_00012153,False,None,False
TX_2026_00012154,False,None,False
TX_2026_00012155,False,None,False
TX_2026_00012156,False,None,False
TX_2026_00012157,False,None,False
TX_2026_00012158,False,None,False
TX_2026_00012159,True,NEW_FOREIGN_LOCATION,False
TX_2026_00012160,False,None,False
TX_2026_00012161,False,None,False
TX_2026_00012162,False,None,False
TX_2026_00012163,False,None,False
TX_2026_00012164,False,None,False
TX_2026_00012165,False,None,False
TX_2026_00012166,False,None,False
TX_2026_00012167,False,None,False
TX_2026_00012168,False,None,False
TX_2026_00012169,False,None,False
TX_2026_00012170,False,None,False
TX_2026_00012171,False,None,False
TX_2026_00012172,False,None,False
TX_2026_00012173,False,None,False
TX_2026_00012174,False,None,False
TX_2026_00012175,False,None,False
TX_2026_00012176,False,None,False
TX_2026_00012177,False,None,False
TX_2026_00012178,False,None,False
TX_2026_00012179,False,None,False
TX_2026_00012180,False,None,False
TX_2026_00012181,False,None,False
TX_2026_00012182,False,None,False
TX_2026_00012183,False,None,False
TX_2026_00012184,False,None,False
TX_2026_00012185,False,None,False
TX_2026_00012186,False,None,False
TX_2026_00012187,False,None,False
TX_2026_00012188,False,None,False
TX_2026_00012189,False,None,False
TX_2026_00012190,False,None,False
TX_2026_00012191,False,None,False
TX_2026_00012192,False,None,False
TX_2026_00012193,False,None,False
TX_2026_00012194,False,None,False
TX_2026_00012195,False,None,False
TX_2026_00012196,False,None,False
TX_2026_00012197,False,None,False
TX_2026_00012198,False,None,False
TX_2026_00012199,False,None,False
TX_2026_00012200,False,None,False
TX_2026_00012201,False,None,False
TX_2026_00012202,False,None,False
TX_2026_00012203,False,None,False
TX_2026_00012204,False,None,False
TX_2026_00012205,False,None,False
TX_2026_00012206,False,None,False
TX_2026_00012207,False,None,False
TX_2026_00012208,False,None,False
TX_2026_00012209,False,None,False
TX_2026_00012210,False,None,False
TX_2026_00012211,False,None,False
TX_2026_00012212,False,None,False
TX_2026_00012213,False,None,False
TX_2026_00012214,False,None,False
TX_2026_00012215,False,None,False
TX_2026_00012216,False,None,False
TX_2026_00012217,False,None,False
TX_2026_00012218,False,None,False
TX_2026_00012219,False,None,False
TX_2026_00012220,False,None,False
TX_2026_00012221,False,None,False
TX_2026_00012222,False,None,False
TX_2026_00012223,False,None,False
TX_2026_00012224,False,None,False
TX_2026_00012225,False,None,False
TX_2026_00012226,False,None,False
TX_2026_00012227,False,None,False
TX_2026_00012228,False,None,False
TX_2026_00012229,False,None,False
TX_2026_00012230,False,None,False
TX_2026_00012231,False,None,False
TX_2026_00012232,False,None,False
TX_2026_00012233,False,None,False
TX_2026_00012234,False,None,False
TX_2026_00012235,False,None,False
TX_2026_00012236,False,None,False
TX_2026_00012237,False,None,False
TX_2026_00012238,False,None,False
TX_2026_00012239,False,None,False
TX_2026_00012240,False,None,False
TX_2026_00012241,False,None,False
TX_2026_00012242,False,None,False
TX_2026_00012243,False,None,False
TX_2026_00012244,False,None,False
TX_2026_00012245,False,None,False
TX_2026_00012246,False,None,False
TX_2026_00012247,False,None,False
TX_2026_00012248,False,None,False
TX_2026_00012249,False,None,False
TX_2026_00012250,False,None,False
TX_2026_00012251,False,None,False
TX_2026_00012252,False,None,False
TX_2026_00012253,False,None,False
TX_2026_00012254,False,None,False
TX_2026_00012255,False,None,False
TX_2026_00012256,False,None,False
TX_2026_00012257,False,None,False
TX_2026_00012258,False,None,False
TX_2026_00012259,False,None,False
TX_2026_00012260,False,None,False
TX_2026_00012261,False,None,False
TX_2026_00012262,False,None,False
TX_2026_00012263,False,None,False
TX_2026_00012264,False,None,False
TX_2026_00012265,False,None,False
TX_2026_00012266,False,None,False
TX_2026_00012267,False,None,False
TX_2026_00012268,False,None,False
TX_2026_00012269,False,None,False
TX_2026_00012270,False,None,False
TX_2026_00012271,False,None,False
TX_2026_00012272,False,None,False
TX_2026_00012273,False,None,False
TX_2026_00012274,False,None,False
TX_2026_00012275,False,None,False
TX_2026_00012276,False,None,False
TX_2026_00012277,False,None,False
TX_2026_00012278,False,None,False
TX_2026_00012279,False,None,False
TX_2026_00012280,False,None,False
TX_2026_00012281,False,None,False
TX_2026_00012282,False,None,False
TX_2026_00012283,False,None,False
TX_2026_00012284,False,None,False
TX_2026_00012285,False,None,False
TX_2026_00012286,False,None,False
TX_2026_00012287,False,None,False
TX_2026_00012288,False,None,False
TX_2026_00012289,False,None,False
TX_2026_00012290,False,None,False
TX_2026_00012291,False,None,False
TX_2026_00012292,False,None,False
TX_2026_00012293,False,None,False
TX_2026_00012294,False,None,False
TX_2026_00012295,False,None,False
TX_2026_00012296,False,None,False
TX_2026_00012297,False,None,False
TX_2026_00012298,False,None,False
TX_2026_00012299,False,None,False
TX_2026_00012300,False,None,False
TX_2026_00012301,False,None,False
TX_2026_00012302,False,None,False
TX_2026_00012303,False,None,False
TX_2026_00012304,False,None,False
TX_2026_00012305,False,None,False
TX_2026_00012306,False,None,False
TX_2026_00012307,False,None,False
TX_2026_00012308,False,None,False
TX_2026_00012309,False,None,False
TX_2026_00012310,False,None,False
TX_2026_00012311,False,None,False
TX_2026_00012312,False,None,False
TX_2026_00012313,False,None,False
TX_2026_00012314,False,None,False
TX_2026_00012315,False,None,False
TX_2026_00012316,False,None,False
TX_2026_00012317,False,None,False
TX_2026_00012318,False,None,False
TX_2026_00012319,False,None,False
TX_2026_00012320,False,None,False
TX_2026_00012321,False,None,False
TX_2026_00012322,False,None,False
TX_2026_00012323,False,None,False
TX_2026_00012324,False,None,False
TX_2026_00012325,False,None,False
TX_2026_00012326,True,HIGH_AMOUNT,True
TX_2026_00012327,False,None,False
TX_2026_00012328,False,None,False
TX_2026_00012329,False,None,False
TX_2026_00012330,False,None,False
TX_2026_00012331,False,None,False
TX_2026_00012332,True,UNUSUAL_NIGHT,True
TX_2026_00012333,False,None,False
TX_2026_00012334,False,None,False
TX_2026_00012335,False,None,False
TX_2026_00012336,False,None,False
TX_2026_00012337,False,None,False
TX_2026_00012338,False,None,False
TX_2026_00012339,False,None,False
TX_2026_00012340,False,None,False
TX_2026_00012341,False,None,False
TX_2026_00012342,False,None,False
TX_2026_00012343,False,None,False
TX_2026_00012344,False,None,False
TX_2026_00012345,False,None,False
TX_2026_00012346,False,None,False
TX_2026_00012347,False,None,False
TX_2026_00012348,True,NEW_DEVICE_BURST,True
TX_2026_00012349,False,None,False
TX_2026_00012350,False,None,False
TX_2026_00012351,False,None,False
TX_2026_00012352,False,None,False
TX_2026_00012353,False,None,False
TX_2026_00012354,False,None,False
TX_2026_00012355,False,None,False
TX_2026_00012356,False,None,False
TX_2026_00012357,False,None,False
TX_2026_00012358,False,None,False
TX_2026_00012359,False,None,False
TX_2026_00012360,False,None,False
TX_2026_00012361,False,None,False
TX_2026_00012362,False,None,False
TX_2026_00012363,False,None,False
TX_2026_00012364,False,None,False
TX_2026_00012365,False,None,False
TX_2026_00012366,False,None,False
TX_2026_00012367,False,None,False
TX_2026_00012368,False,None,False
TX_2026_00012369,False,None,False
TX_2026_00012370,False,None,False
TX_2026_00012371,False,None,False
TX_2026_00012372,False,None,False
TX_2026_00012373,False,None,False
TX_2026_00012374,False,None,False
TX_2026_00012375,False,None,False
TX_2026_00012376,False,None,False
TX_2026_00012377,False,None,False
TX_2026_00012378,False,None,False
TX_2026_00012379,False,None,False
TX_2026_00012380,False,None,False
TX_2026_00012381,False,None,False
TX_2026_00012382,False,None,False
TX_2026_00012383,False,None,False
TX_2026_00012384,False,None,False
TX_2026_00012385,False,None,False
TX_2026_00012386,False,None,False
TX_2026_00012387,False,None,False
TX_2026_00012388,False,None,False
TX_2026_00012389,False,None,False
TX_2026_00012390,False,None,False
TX_2026_00012391,False,None,False
TX_2026_00012392,False,None,False
TX_2026_00012393,False,None,False
TX_2026_00012394,False,None,False
TX_2026_00012395,False,None,False
TX_2026_00012396,False,None,False
TX_2026_00012397,False,None,False
TX_2026_00012398,False,None,False
TX_2026_00012399,False,None,False
TX_2026_00012400,False,None,False
TX_2026_00012401,False,None,False
TX_2026_00012402,False,None,False
TX_2026_00012403,False,None,False
TX_2026_00012404,False,None,False
TX_2026_00012405,False,None,False
TX_2026_00012406,False,None,False
TX_2026_00012407,False,None,False
TX_2026_00012408,False,None,False
TX_2026_00012409,False,None,False
TX_2026_00012410,False,None,False
TX_2026_00012411,False,None,False
TX_2026_00012412,False,None,False
TX_2026_00012413,False,None,False
TX_2026_00012414,False,None,False
TX_2026_00012415,False,None,False
TX_2026_00012416,False,None,False
TX_2026_00012417,False,None,False
TX_2026_00012418,False,None,False
TX_2026_00012419,False,None,False
TX_2026_00012420,False,None,False
TX_2026_00012421,False,None,False
TX_2026_00012422,False,None,False
TX_2026_00012423,False,None,False
TX_2026_00012424,False,None,False
TX_2026_00012425,False,None,False
TX_2026_00012426,False,None,False
TX_2026_00012427,False,None,False
TX_2026_00012428,False,None,False
TX_2026_00012429,False,None,False
TX_2026_00012430,False,None,False
TX_2026_00012431,False,None,False
TX_2026_00012432,False,None,False
TX_2026_00012433,False,None,False
TX_2026_00012434,False,None,False
TX_2026_00012435,False,None,False
TX_2026_00012436,False,None,False
TX_2026_00012437,False,None,False
TX_2026_00012438,False,None,False
TX_2026_00012439,False,None,False
TX_2026_00012440,False,None,False
TX_2026_00012441,False,None,False
TX_2026_00012442,False,None,False
TX_2026_00012443,False,None,False
TX_2026_00012444,False,None,False
TX_2026_00012445,False,None,False
TX_2026_00012446,False,None,False
TX_2026_00012447,False,None,False
TX_2026_00012448,False,None,False
TX_2026_00012449,False,None,False
TX_2026_00012450,False,None,False
TX_2026_00012451,False,None,False
TX_2026_00012452,True,NEW_DEVICE_BURST,False
TX_2026_00012453,True,UNUSUAL_NIGHT,False
TX_2026_00012454,False,None,False
TX_2026_00012455,False,None,False
TX_2026_00012456,False,None,False
TX_2026_00012457,False,None,False
TX_2026_00012458,False,None,False
TX_2026_00012459,False,None,False
TX_2026_00012460,False,None,False
TX_2026_00012461,False,None,False
TX_2026_00012462,False,None,False
TX_2026_00012463,False,None,False
TX_2026_00012464,False,None,False
TX_2026_00012465,False,None,False
TX_2026_00012466,False,None,False
TX_2026_00012467,False,None,False
TX_2026_00012468,False,None,False
TX_2026_00012469,False,None,False
TX_2026_00012470,False,None,False
TX_2026_00012471,False,None,False
TX_2026_00012472,False,None,False
TX_2026_00012473,False,None,False
TX_2026_00012474,False,None,False
TX_2026_00012475,False,None,False
TX_2026_00012476,False,None,False
TX_2026_00012477,False,None,False
TX_2026_00012478,False,None,False
TX_2026_00012479,False,None,False
TX_2026_00012480,False,None,False
TX_2026_00012481,False,None,False
TX_2026_00012482,False,None,False
TX_2026_00012483,False,None,False
TX_2026_00012484,False,None,False
TX_2026_00012485,False,None,False
TX_2026_00012486,False,None,False
TX_2026_00012487,False,None,False
TX_2026_00012488,False,None,False
TX_2026_00012489,False,None,False
TX_2026_00012490,False,None,False
TX_2026_00012491,False,None,False
TX_2026_00012492,False,None,False
TX_2026_00012493,False,None,False
TX_2026_00012494,False,None,False
TX_2026_00012495,False,None,False
TX_2026_00012496,False,None,False
TX_2026_00012497,False,None,False
TX_2026_00012498,False,None,False
TX_2026_00012499,False,None,False
TX_2026_00012500,False,None,False
TX_2026_00012501,False,None,False
TX_2026_00012502,False,None,False
TX_2026_00012503,False,None,False
TX_2026_00012504,False,None,False
TX_2026_00012505,False,None,False
TX_2026_00012506,False,None,False
TX_2026_00012507,False,None,False
TX_2026_00012508,False,None,False
TX_2026_00012509,False,None,False
TX_2026_00012510,False,None,False
TX_2026_00012511,False,None,False
TX_2026_00012512,False,None,False
TX_2026_00012513,False,None,False
TX_2026_00012514,False,None,False
TX_2026_00012515,False,None,False
TX_2026_00012516,False,None,False
TX_2026_00012517,False,None,False
TX_2026_00012518,False,None,False
TX_2026_00012519,False,None,False
TX_2026_00012520,False,None,False
TX_2026_00012521,False,None,False
TX_2026_00012522,False,None,False
TX_2026_00012523,False,None,False
TX_2026_00012524,False,None,False
TX_2026_00012525,False,None,False
TX_2026_00012526,False,None,False
TX_2026_00012527,False,None,False
TX_2026_00012528,False,None,False
TX_2026_00012529,False,None,False
TX_2026_00012530,False,None,False
TX_2026_00012531,False,None,False
TX_2026_00012532,False,None,False
TX_2026_00012533,False,None,False
TX_2026_00012534,False,None,False
TX_2026_00012535,False,None,False
TX_2026_00012536,False,None,False
TX_2026_00012537,False,None,False
TX_2026_00012538,False,None,False
TX_2026_00012539,False,None,False
TX_2026_00012540,False,None,False
TX_2026_00012541,False,None,False
TX_2026_00012542,False,None,False
TX_2026_00012543,False,None,False
TX_2026_00012544,False,None,False
TX_2026_00012545,False,None,False
TX_2026_00012546,False,None,False
TX_2026_00012547,True,UNUSUAL_NIGHT,True
TX_2026_00012548,False,None,False
TX_2026_00012549,False,None,False
TX_2026_00012550,False,None,False
TX_2026_00012551,False,None,False
TX_2026_00012552,False,None,False
TX_2026_00012553,False,None,False
TX_2026_00012554,False,None,False
TX_2026_00012555,False,None,False
TX_2026_00012556,False,None,False
TX_2026_00012557,False,None,False
TX_2026_00012558,False,None,False
TX_2026_00012559,False,None,False
TX_2026_00012560,False,None,False
TX_2026_00012561,False,None,False
TX_2026_00012562,False,None,False
TX_2026_00012563,False,None,False
TX_2026_00012564,False,None,False
TX_2026_00012565,False,None,False
TX_2026_00012566,False,None,False
TX_2026_00012567,False,None,False
TX_2026_00012568,False,None,False
TX_2026_00012569,False,None,False
TX_2026_00012570,False,None,False
TX_2026_00012571,False,None,False
TX_2026_00012572,False,None,False
TX_2026_00012573,False,None,False
TX_2026_00012574,False,None,False
TX_2026_00012575,False,None,False
TX_2026_00012576,False,None,False
TX_2026_00012577,False,None,False
TX_2026_00012578,False,None,False
TX_2026_00012579,False,None,False
TX_2026_00012580,False,None,False
TX_2026_00012581,False,None,False
TX_2026_00012582,False,None,False
TX_2026_00012583,False,None,False
TX_2026_00012584,False,None,False
TX_2026_00012585,False,None,False
TX_2026_00012586,False,None,False
TX_2026_00012587,False,None,False
TX_2026_00012588,False,None,False
TX_2026_00012589,False,None,False
TX_2026_00012590,False,None,False
TX_2026_00012591,False,None,False
TX_2026_00012592,False,None,False
TX_2026_00012593,False,None,False
TX_2026_00012594,False,None,False
TX_2026_00012595,False,None,False
TX_2026_00012596,False,None,False
TX_2026_00012597,False,None,False
TX_2026_00012598,False,None,False
TX_2026_00012599,False,None,False
TX_2026_00012600,False,None,False
TX_2026_00012601,False,None,False
TX_2026_00012602,False,None,False
TX_2026_00012603,False,None,False
TX_2026_00012604,False,None,False
TX_2026_00012605,False,None,False
TX_2026_00012606,False,None,False
TX_2026_00012607,False,None,False
TX_2026_00012608,False,None,False
TX_2026_00012609,False,None,False
TX_2026_00012610,False,None,False
TX_2026_00012611,False,None,False
TX_2026_00012612,False,None,False
TX_2026_00012613,False,None,False
TX_2026_00012614,False,None,False
TX_2026_00012615,False,None,False
TX_2026_00012616,False,None,False
TX_2026_00012617,False,None,False
TX_2026_00012618,False,None,False
TX_2026_00012619,False,None,False
TX_2026_00012620,False,None,False
TX_2026_00012621,False,None,False
TX_2026_00012622,False,None,False
TX_2026_00012623,False,None,False
TX_2026_00012624,False,None,False
TX_2026_00012625,False,None,False
TX_2026_00012626,False,None,False
TX_2026_00012627,False,None,False
TX_2026_00012628,False,None,False
TX_2026_00012629,False,None,False
TX_2026_00012630,False,None,False
TX_2026_00012631,False,None,False
TX_2026_00012632,False,None,False
TX_2026_00012633,False,None,False
TX_2026_00012634,False,None,False
TX_2026_00012635,False,None,False
TX_2026_00012636,False,None,False
TX_2026_00012637,False,None,False
TX_2026_00012638,False,None,False
TX_2026_00012639,False,None,False
TX_2026_00012640,False,None,False
TX_2026_00012641,False,None,False
TX_2026_00012642,False,None,False
TX_2026_00012643,False,None,False
TX_2026_00012644,False,None,False
TX_2026_00012645,False,None,False
TX_2026_00012646,False,None,False
TX_2026_00012647,False,None,False
TX_2026_00012648,False,None,False
TX_2026_00012649,False,None,False
TX_2026_00012650,False,None,False
TX_2026_00012651,False,None,False
TX_2026_00012652,False,None,False
TX_2026_00012653,False,None,False
TX_2026_00012654,True,NEW_DEVICE_BURST,False
TX_2026_00012655,False,None,False
TX_2026_00012656,False,None,False
TX_2026_00012657,False,None,False
TX_2026_00012658,False,None,False
TX_2026_00012659,False,None,False
TX_2026_00012660,False,None,False
TX_2026_00012661,False,None,False
TX_2026_00012662,False,None,False
TX_2026_00012663,False,None,False
TX_2026_00012664,False,None,False
TX_2026_00012665,False,None,False
TX_2026_00012666,False,None,False
TX_2026_00012667,False,None,False
TX_2026_00012668,False,None,False
TX_2026_00012669,False,None,False
TX_2026_00012670,False,None,False
TX_2026_00012671,False,None,False
TX_2026_00012672,False,None,False
TX_2026_00012673,False,None,False
TX_2026_00012674,False,None,False
TX_2026_00012675,False,None,False
TX_2026_00012676,False,None,False
TX_2026_00012677,False,None,False
TX_2026_00012678,False,None,False
TX_2026_00012679,False,None,False
TX_2026_00012680,False,None,False
TX_2026_00012681,False,None,False
TX_2026_00012682,False,None,False
TX_2026_00012683,False,None,False
TX_2026_00012684,False,None,False
TX_2026_00012685,False,None,False
TX_2026_00012686,False,None,False
TX_2026_00012687,False,None,False
TX_2026_00012688,False,None,False
TX_2026_00012689,False,None,False
TX_2026_00012690,False,None,False
TX_2026_00012691,False,None,False
TX_2026_00012692,True,NEW_FOREIGN_LOCATION,True
TX_2026_00012693,False,None,False
TX_2026_00012694,False,None,False
TX_2026_00012695,False,None,False
TX_2026_00012696,False,None,False
TX_2026_00012697,False,None,False
TX_2026_00012698,False,None,False
TX_2026_00012699,False,None,False
TX_2026_00012700,False,None,False
TX_2026_00012701,False,None,False
TX_2026_00012702,False,None,False
TX_2026_00012703,False,None,False
TX_2026_00012704,False,None,False
TX_2026_00012705,False,None,False
TX_2026_00012706,False,None,False
TX_2026_00012707,False,None,False
TX_2026_00012708,False,None,False
TX_2026_00012709,False,None,False
TX_2026_00012710,False,None,False
TX_2026_00012711,False,None,False
TX_2026_00012712,False,None,False
TX_2026_00012713,False,None,False
TX_2026_00012714,True,HIGH_AMOUNT,False
TX_2026_00012715,False,None,False
TX_2026_00012716,False,None,False
TX_2026_00012717,False,None,False
TX_2026_00012718,False,None,False
TX_2026_00012719,False,None,False
TX_2026_00012720,False,None,False
TX_2026_00012721,False,None,False
TX_2026_00012722,False,None,False
TX_2026_00012723,False,None,False
TX_2026_00012724,False,None,False
TX_2026_00012725,False,None,False
TX_2026_00012726,False,None,False
TX_2026_00012727,False,None,False
TX_2026_00012728,False,None,False
TX_2026_00012729,False,None,False
TX_2026_00012730,False,None,False
TX_2026_00012731,False,None,False
TX_2026_00012732,False,None,False
TX_2026_00012733,False,None,False
TX_2026_00012734,False,None,False
TX_2026_00012735,False,None,False
TX_2026_00012736,False,None,False
TX_2026_00012737,False,None,False
TX_2026_00012738,False,None,False
TX_2026_00012739,False,None,False
TX_2026_00012740,False,None,False
TX_2026_00012741,False,None,False
TX_2026_00012742,False,None,False
TX_2026_00012743,False,None,False
TX_2026_00012744,False,None,False
TX_2026_00012745,False,None,False
TX_2026_00012746,False,None,False
TX_2026_00012747,False,None,False
TX_2026_00012748,False,None,False
TX_2026_00012749,False,None,False
TX_2026_00012750,False,None,False
TX_2026_00012751,False,None,False
TX_2026_00012752,False,None,False
TX_2026_00012753,False,None,False
TX_2026_00012754,False,None,False
TX_2026_00012755,False,None,False
TX_2026_00012756,False,None,False
TX_2026_00012757,False,None,False
TX_2026_00012758,False,None,False
TX_2026_00012759,False,None,False
TX_2026_00012760,False,None,False
TX_2026_00012761,False,None,False
TX_2026_00012762,False,None,False
TX_2026_00012763,True,NEW_FOREIGN_LOCATION,False
TX_2026_00012764,False,None,False
TX_2026_00012765,False,None,False
TX_2026_00012766,True,UNUSUAL_NIGHT,True
TX_2026_00012767,False,None,False
TX_2026_00012768,False,None,False
TX_2026_00012769,False,None,False
TX_2026_00012770,False,None,False
TX_2026_00012771,False,None,False
TX_2026_00012772,False,None,False
TX_2026_00012773,False,None,False
TX_2026_00012774,False,None,False
TX_2026_00012775,False,None,False
TX_2026_00012776,False,None,False
TX_2026_00012777,False,None,False
TX_2026_00012778,False,None,False
TX_2026_00012779,False,None,False
TX_2026_00012780,False,None,False
TX_2026_00012781,False,None,False
TX_2026_00012782,False,None,False
TX_2026_00012783,False,None,False
TX_2026_00012784,False,None,False
TX_2026_00012785,False,None,False
TX_2026_00012786,False,None,False
TX_2026_00012787,False,None,False
TX_2026_00012788,False,None,False
TX_2026_00012789,False,None,False
TX_2026_00012790,False,None,False
TX_2026_00012791,False,None,False
TX_2026_00012792,False,None,False
TX_2026_00012793,False,None,False
TX_2026_00012794,False,None,False
TX_2026_00012795,False,None,False
TX_2026_00012796,False,None,False
TX_2026_00012797,False,None,False
TX_2026_00012798,False,None,False
TX_2026_00012799,False,None,False
TX_2026_00012800,False,None,False
TX_2026_00012801,False,None,False
TX_2026_00012802,False,None,False
TX_2026_00012803,False,None,False
TX_2026_00012804,False,None,False
TX_2026_00012805,False,None,False
TX_2026_00012806,True,UNUSUAL_NIGHT,False
TX_2026_00012807,False,None,False
TX_2026_00012808,False,None,False
TX_2026_00012809,False,None,False
TX_2026_00012810,False,None,False
TX_2026_00012811,False,None,False
TX_2026_00012812,False,None,False
TX_2026_00012813,False,None,False
TX_2026_00012814,False,None,False
TX_2026_00012815,False,None,False
TX_2026_00012816,False,None,False
TX_2026_00012817,False,None,False
TX_2026_00012818,False,None,False
TX_2026_00012819,False,None,False
TX_2026_00012820,False,None,False
TX_2026_00012821,False,None,False
TX_2026_00012822,False,None,False
TX_2026_00012823,False,None,False
TX_2026_00012824,False,None,False
TX_2026_00012825,False,None,False
TX_2026_00012826,False,None,False
TX_2026_00012827,False,None,False
TX_2026_00012828,False,None,False
TX_2026_00012829,False,None,False
TX_2026_00012830,False,None,False
TX_2026_00012831,False,None,False
TX_2026_00012832,False,None,False
TX_2026_00012833,False,None,False
TX_2026_00012834,False,None,False
TX_2026_00012835,False,None,False
TX_2026_00012836,False,None,False
TX_2026_00012837,False,None,False
TX_2026_00012838,False,None,False
TX_2026_00012839,True,NEW_FOREIGN_LOCATION,True
TX_2026_00012840,False,None,False
TX_2026_00012841,False,None,False
TX_2026_00012842,False,None,False
TX_2026_00012843,False,None,False
TX_2026_00012844,False,None,False
TX_2026_00012845,False,None,False
TX_2026_00012846,False,None,False
TX_2026_00012847,False,None,False
TX_2026_00012848,False,None,False
TX_2026_00012849,False,None,False
TX_2026_00012850,False,None,False
TX_2026_00012851,False,None,False
TX_2026_00012852,True,UNUSUAL_NIGHT,True
TX_2026_00012853,False,None,False
TX_2026_00012854,False,None,False
TX_2026_00012855,False,None,False
TX_2026_00012856,False,None,False
TX_2026_00012857,False,None,False
TX_2026_00012858,False,None,False
TX_2026_00012859,False,None,False
TX_2026_00012860,False,None,False
TX_2026_00012861,False,None,False
TX_2026_00012862,False,None,False
TX_2026_00012863,False,None,False
TX_2026_00012864,False,None,False
TX_2026_00012865,False,None,False
TX_2026_00012866,False,None,False
TX_2026_00012867,False,None,False
TX_2026_00012868,False,None,False
TX_2026_00012869,False,None,False
TX_2026_00012870,False,None,False
TX_2026_00012871,False,None,False
TX_2026_00012872,False,None,False
TX_2026_00012873,False,None,False
TX_2026_00012874,False,None,False
TX_2026_00012875,False,None,False
TX_2026_00012876,False,None,False
TX_2026_00012877,False,None,False
TX_2026_00012878,False,None,False
TX_2026_00012879,False,None,False
TX_2026_00012880,False,None,False
TX_2026_00012881,False,None,False
TX_2026_00012882,False,None,False
TX_2026_00012883,False,None,False
TX_2026_00012884,False,None,False
TX_2026_00012885,False,None,False
TX_2026_00012886,False,None,False
TX_2026_00012887,True,NEW_DEVICE_BURST,False
TX_2026_00012888,False,None,False
TX_2026_00012889,False,None,False
TX_2026_00012890,False,None,False
TX_2026_00012891,True,UNUSUAL_NIGHT,True
TX_2026_00012892,False,None,False
TX_2026_00012893,False,None,False
TX_2026_00012894,False,None,False
TX_2026_00012895,False,None,False
TX_2026_00012896,False,None,False
TX_2026_00012897,False,None,False
TX_2026_00012898,False,None,False
TX_2026_00012899,False,None,False
TX_2026_00012900,False,None,False
TX_2026_00012901,False,None,False
TX_2026_00012902,False,None,False
TX_2026_00012903,False,None,False
TX_2026_00012904,False,None,False
TX_2026_00012905,False,None,False
TX_2026_00012906,False,None,False
TX_2026_00012907,False,None,False
TX_2026_00012908,False,None,False
TX_2026_00012909,False,None,False
TX_2026_00012910,False,None,False
TX_2026_00012911,False,None,False
TX_2026_00012912,False,None,False
TX_2026_00012913,False,None,False
TX_2026_00012914,False,None,False
TX_2026_00012915,False,None,False
TX_2026_00012916,False,None,False
TX_2026_00012917,False,None,False
TX_2026_00012918,False,None,False
TX_2026_00012919,False,None,False
TX_2026_00012920,True,HIGH_AMOUNT,True
TX_2026_00012921,False,None,False
TX_2026_00012922,False,None,False
TX_2026_00012923,False,None,False
TX_2026_00012924,False,None,False
TX_2026_00012925,False,None,False
TX_2026_00012926,False,None,False
TX_2026_00012927,False,None,False
TX_2026_00012928,False,None,False
TX_2026_00012929,False,None,False
TX_2026_00012930,False,None,False
TX_2026_00012931,False,None,False
TX_2026_00012932,False,None,False
TX_2026_00012933,False,None,False
TX_2026_00012934,False,None,False
TX_2026_00012935,False,None,False
TX_2026_00012936,False,None,False
TX_2026_00012937,False,None,False
TX_2026_00012938,False,None,False
TX_2026_00012939,False,None,False
TX_2026_00012940,False,None,False
TX_2026_00012941,False,None,False
TX_2026_00012942,False,None,False
TX_2026_00012943,False,None,False
TX_2026_00012944,False,None,False
TX_2026_00012945,False,None,False
TX_2026_00012946,False,None,False
TX_2026_00012947,False,None,False
TX_2026_00012948,False,None,False
TX_2026_00012949,False,None,False
TX_2026_00012950,False,None,False
TX_2026_00012951,False,None,False
TX_2026_00012952,False,None,False
TX_2026_00012953,False,None,False
TX_2026_00012954,False,None,False
TX_2026_00012955,False,None,False
TX_2026_00012956,False,None,False
TX_2026_00012957,True,UNUSUAL_NIGHT,True
TX_2026_00012958,False,None,False
TX_2026_00012959,False,None,False
TX_2026_00012960,False,None,False
TX_2026_00012961,False,None,False
TX_2026_00012962,False,None,False
TX_2026_00012963,False,None,False
TX_2026_00012964,False,None,False
TX_2026_00012965,False,None,False
TX_2026_00012966,False,None,False
TX_2026_00012967,False,None,False
TX_2026_00012968,False,None,False
TX_2026_00012969,False,None,False
TX_2026_00012970,False,None,False
TX_2026_00012971,False,None,False
TX_2026_00012972,False,None,False
TX_2026_00012973,False,None,False
TX_2026_00012974,False,None,False
TX_2026_00012975,False,None,False
TX_2026_00012976,False,None,False
TX_2026_00012977,False,None,False
TX_2026_00012978,False,None,False
TX_2026_00012979,False,None,False
TX_2026_00012980,False,None,False
TX_2026_00012981,False,None,False
TX_2026_00012982,False,None,False
TX_2026_00012983,False,None,False
TX_2026_00012984,False,None,False
TX_2026_00012985,False,None,False
TX_2026_00012986,False,None,False
TX_2026_00012987,False,None,False
TX_2026_00012988,False,None,False
TX_2026_00012989,False,None,False
TX_2026_00012990,False,None,False
TX_2026_00012991,False,None,False
TX_2026_00012992,False,None,False
TX_2026_00012993,False,None,False
TX_2026_00012994,False,None,False
TX_2026_00012995,False,None,False
TX_2026_00012996,False,None,False
TX_2026_00012997,False,None,False
TX_2026_00012998,False,None,False
TX_2026_00012999,False,None,False
TX_2026_00013000,False,None,False
TX_2026_00013001,False,None,False
TX_2026_00013002,False,None,False
TX_2026_00013003,False,None,False
TX_2026_00013004,False,None,False
TX_2026_00013005,False,None,False
TX_2026_00013006,False,None,False
TX_2026_00013007,False,None,False
TX_2026_00013008,False,None,False
TX_2026_00013009,False,None,False
TX_2026_00013010,False,None,False
TX_2026_00013011,False,None,False
TX_2026_00013012,False,None,False
TX_2026_00013013,False,None,False
TX_2026_00013014,False,None,False
TX_2026_00013015,False,None,False
TX_2026_00013016,False,None,False
TX_2026_00013017,False,None,False
TX_2026_00013018,False,None,False
TX_2026_00013019,False,None,False
TX_2026_00013020,False,None,False
TX_2026_00013021,False,None,False
TX_2026_00013022,False,None,False
TX_2026_00013023,False,None,False
TX_2026_00013024,False,None,False
TX_2026_00013025,False,None,False
TX_2026_00013026,False,None,False
TX_2026_00013027,False,None,False
TX_2026_00013028,False,None,False
TX_2026_00013029,False,None,False
TX_2026_00013030,False,None,False
TX_2026_00013031,False,None,False
TX_2026_00013032,False,None,False
TX_2026_00013033,False,None,False
TX_2026_00013034,False,None,False
TX_2026_00013035,False,None,False
TX_2026_00013036,False,None,False
TX_2026_00013037,False,None,False
TX_2026_00013038,False,None,False
TX_2026_00013039,False,None,False
TX_2026_00013040,False,None,False
TX_2026_00013041,False,None,False
TX_2026_00013042,False,None,False
TX_2026_00013043,False,None,False
TX_2026_00013044,False,None,False
TX_2026_00013045,False,None,False
TX_2026_00013046,False,None,False
TX_2026_00013047,True,NEW_DEVICE_BURST,True
TX_2026_00013048,False,None,False
TX_2026_00013049,False,None,False
TX_2026_00013050,False,None,False
TX_2026_00013051,False,None,False
TX_2026_00013052,False,None,False
TX_2026_00013053,False,None,False
TX_2026_00013054,False,None,False
TX_2026_00013055,False,None,False
TX_2026_00013056,False,None,False
TX_2026_00013057,False,None,False
TX_2026_00013058,False,None,False
TX_2026_00013059,False,None,False
TX_2026_00013060,False,None,False
TX_2026_00013061,False,None,False
TX_2026_00013062,False,None,False
TX_2026_00013063,False,None,False
TX_2026_00013064,False,None,False
TX_2026_00013065,False,None,False
TX_2026_00013066,False,None,False
TX_2026_00013067,True,HIGH_AMOUNT,True
TX_2026_00013068,False,None,False
TX_2026_00013069,False,None,False
TX_2026_00013070,False,None,False
TX_2026_00013071,False,None,False
TX_2026_00013072,False,None,False
TX_2026_00013073,False,None,False
TX_2026_00013074,False,None,False
TX_2026_00013075,False,None,False
TX_2026_00013076,False,None,False
TX_2026_00013077,False,None,False
TX_2026_00013078,False,None,False
TX_2026_00013079,False,None,False
TX_2026_00013080,False,None,False
TX_2026_00013081,False,None,False
TX_2026_00013082,False,None,False
TX_2026_00013083,False,None,False
TX_2026_00013084,False,None,False
TX_2026_00013085,False,None,False
TX_2026_00013086,False,None,False
TX_2026_00013087,False,None,False
TX_2026_00013088,False,None,False
TX_2026_00013089,False,None,False
TX_2026_00013090,False,None,False
TX_2026_00013091,False,None,False
TX_2026_00013092,False,None,False
TX_2026_00013093,False,None,False
TX_2026_00013094,False,None,False
TX_2026_00013095,False,None,False
TX_2026_00013096,False,None,False
TX_2026_00013097,False,None,False
TX_2026_00013098,False,None,False
TX_2026_00013099,False,None,False
TX_2026_00013100,False,None,False
TX_2026_00013101,False,None,False
TX_2026_00013102,False,None,False
TX_2026_00013103,False,None,False
TX_2026_00013104,False,None,False
TX_2026_00013105,False,None,False
TX_2026_00013106,False,None,False
TX_2026_00013107,False,None,False
TX_2026_00013108,False,None,False
TX_2026_00013109,False,None,False
TX_2026_00013110,False,None,False
TX_2026_00013111,False,None,False
TX_2026_00013112,False,None,False
TX_2026_00013113,False,None,False
TX_2026_00013114,False,None,False
TX_2026_00013115,False,None,False
TX_2026_00013116,False,None,False
TX_2026_00013117,False,None,False
TX_2026_00013118,False,None,False
TX_2026_00013119,False,None,False
TX_2026_00013120,False,None,False
TX_2026_00013121,False,None,False
TX_2026_00013122,False,None,False
TX_2026_00013123,False,None,False
TX_2026_00013124,False,None,False
TX_2026_00013125,False,None,False
TX_2026_00013126,False,None,False
TX_2026_00013127,False,None,False
TX_2026_00013128,False,None,False
TX_2026_00013129,False,None,False
TX_2026_00013130,False,None,False
TX_2026_00013131,False,None,False
TX_2026_00013132,False,None,False
TX_2026_00013133,False,None,False
TX_2026_00013134,False,None,False
TX_2026_00013135,False,None,False
TX_2026_00013136,False,None,False
TX_2026_00013137,False,None,False
TX_2026_00013138,False,None,False
TX_2026_00013139,False,None,False
TX_2026_00013140,False,None,False
TX_2026_00013141,False,None,False
TX_2026_00013142,False,None,False
TX_2026_00013143,False,None,False
TX_2026_00013144,False,None,False
TX_2026_00013145,False,None,False
TX_2026_00013146,False,None,False
TX_2026_00013147,False,None,False
TX_2026_00013148,False,None,False
TX_2026_00013149,False,None,False
TX_2026_00013150,False,None,False
TX_2026_00013151,False,None,False
TX_2026_00013152,False,None,False
TX_2026_00013153,False,None,False
TX_2026_00013154,False,None,False
TX_2026_00013155,False,None,False
TX_2026_00013156,False,None,False
TX_2026_00013157,False,None,False
TX_2026_00013158,False,None,False
TX_2026_00013159,False,None,False
TX_2026_00013160,False,None,False
TX_2026_00013161,False,None,False
TX_2026_00013162,False,None,False
TX_2026_00013163,False,None,False
TX_2026_00013164,False,None,False
TX_2026_00013165,False,None,False
TX_2026_00013166,False,None,False
TX_2026_00013167,False,None,False
TX_2026_00013168,False,None,False
TX_2026_00013169,True,NEW_DEVICE_BURST,False
TX_2026_00013170,False,None,False
TX_2026_00013171,False,None,False
TX_2026_00013172,False,None,False
TX_2026_00013173,False,None,False
TX_2026_00013174,False,None,False
TX_2026_00013175,False,None,False
TX_2026_00013176,False,None,False
TX_2026_00013177,False,None,False
TX_2026_00013178,False,None,False
TX_2026_00013179,False,None,False
TX_2026_00013180,False,None,False
TX_2026_00013181,False,None,False
TX_2026_00013182,False,None,False
TX_2026_00013183,False,None,False
TX_2026_00013184,False,None,False
TX_2026_00013185,False,None,False
TX_2026_00013186,False,None,False
TX_2026_00013187,False,None,False
TX_2026_00013188,False,None,False
TX_2026_00013189,False,None,False
TX_2026_00013190,False,None,False
TX_2026_00013191,False,None,False
TX_2026_00013192,False,None,False
TX_2026_00013193,False,None,False
TX_2026_00013194,False,None,False
TX_2026_00013195,False,None,False
TX_2026_00013196,False,None,False
TX_2026_00013197,False,None,False
TX_2026_00013198,False,None,False
TX_2026_00013199,False,None,False
TX_2026_00013200,False,None,False
TX_2026_00013201,False,None,False
TX_2026_00013202,False,None,False
TX_2026_00013203,False,None,False
TX_2026_00013204,False,None,False
TX_2026_00013205,False,None,False
TX_2026_00013206,False,None,False
TX_2026_00013207,False,None,False
TX_2026_00013208,False,None,False
TX_2026_00013209,False,None,False
TX_2026_00013210,False,None,False
TX_2026_00013211,True,NEW_FOREIGN_LOCATION,True
TX_2026_00013212,False,None,False
TX_2026_00013213,False,None,False
TX_2026_00013214,False,None,False
TX_2026_00013215,False,None,False
TX_2026_00013216,False,None,False
TX_2026_00013217,False,None,False
TX_2026_00013218,False,None,False
TX_2026_00013219,False,None,False
TX_2026_00013220,False,None,False
TX_2026_00013221,False,None,False
TX_2026_00013222,False,None,False
TX_2026_00013223,False,None,False
TX_2026_00013224,False,None,False
TX_2026_00013225,False,None,False
TX_2026_00013226,False,None,False
TX_2026_00013227,False,None,False
TX_2026_00013228,False,None,False
TX_2026_00013229,False,None,False
TX_2026_00013230,False,None,False
TX_2026_00013231,False,None,False
TX_2026_00013232,False,None,False
TX_2026_00013233,False,None,False
TX_2026_00013234,False,None,False
TX_2026_00013235,False,None,False
TX_2026_00013236,False,None,False
TX_2026_00013237,False,None,False
TX_2026_00013238,False,None,False
TX_2026_00013239,False,None,False
TX_2026_00013240,False,None,False
TX_2026_00013241,False,None,False
TX_2026_00013242,False,None,False
TX_2026_00013243,False,None,False
TX_2026_00013244,False,None,False
TX_2026_00013245,False,None,False
TX_2026_00013246,False,None,False
TX_2026_00013247,False,None,False
TX_2026_00013248,False,None,False
TX_2026_00013249,False,None,False
TX_2026_00013250,False,None,False
TX_2026_00013251,False,None,False
TX_2026_00013252,False,None,False
TX_2026_00013253,False,None,False
TX_2026_00013254,False,None,False
TX_2026_00013255,False,None,False
TX_2026_00013256,False,None,False
TX_2026_00013257,False,None,False
TX_2026_00013258,False,None,False
TX_2026_00013259,False,None,False
TX_2026_00013260,False,None,False
TX_2026_00013261,False,None,False
TX_2026_00013262,False,None,False
TX_2026_00013263,False,None,False
TX_2026_00013264,False,None,False
TX_2026_00013265,False,None,False
TX_2026_00013266,False,None,False
TX_2026_00013267,False,None,False
TX_2026_00013268,False,None,False
TX_2026_00013269,False,None,False
TX_2026_00013270,False,None,False
TX_2026_00013271,False,None,False
TX_2026_00013272,False,None,False
TX_2026_00013273,False,None,False
TX_2026_00013274,True,NEW_FOREIGN_LOCATION,True
TX_2026_00013275,False,None,False
TX_2026_00013276,False,None,False
TX_2026_00013277,False,None,False
TX_2026_00013278,False,None,False
TX_2026_00013279,False,None,False
TX_2026_00013280,False,None,False
TX_2026_00013281,False,None,False
TX_2026_00013282,False,None,False
TX_2026_00013283,False,None,False
TX_2026_00013284,False,None,False
TX_2026_00013285,False,None,False
TX_2026_00013286,False,None,False
TX_2026_00013287,False,None,False
TX_2026_00013288,False,None,False
TX_2026_00013289,False,None,False
TX_2026_00013290,False,None,False
TX_2026_00013291,False,None,False
TX_2026_00013292,False,None,False
TX_2026_00013293,False,None,False
TX_2026_00013294,False,None,False
TX_2026_00013295,False,None,False
TX_2026_00013296,False,None,False
TX_2026_00013297,False,None,False
TX_2026_00013298,False,None,False
TX_2026_00013299,False,None,False
TX_2026_00013300,False,None,False
TX_2026_00013301,False,None,False
TX_2026_00013302,False,None,False
TX_2026_00013303,False,None,False
TX_2026_00013304,False,None,False
TX_2026_00013305,False,None,False
TX_2026_00013306,False,None,False
TX_2026_00013307,False,None,False
TX_2026_00013308,False,None,False
TX_2026_00013309,False,None,False
TX_2026_00013310,False,None,False
TX_2026_00013311,False,None,False
TX_2026_00013312,False,None,False
TX_2026_00013313,False,None,False
TX_2026_00013314,False,None,False
TX_2026_00013315,False,None,False
TX_2026_00013316,False,None,False
TX_2026_00013317,False,None,False
TX_2026_00013318,False,None,False
TX_2026_00013319,False,None,False
TX_2026_00013320,False,None,False
TX_2026_00013321,False,None,False
TX_2026_00013322,False,None,False
TX_2026_00013323,False,None,False
TX_2026_00013324,False,None,False
TX_2026_00013325,False,None,False
TX_2026_00013326,False,None,False
TX_2026_00013327,False,None,False
TX_2026_00013328,False,None,False
TX_2026_00013329,False,None,False
TX_2026_00013330,False,None,False
TX_2026_00013331,False,None,False
TX_2026_00013332,False,None,False
TX_2026_00013333,False,None,False
TX_2026_00013334,False,None,False
TX_2026_00013335,False,None,False
TX_2026_00013336,False,None,False
TX_2026_00013337,False,None,False
TX_2026_00013338,False,None,False
TX_2026_00013339,False,None,False
TX_2026_00013340,False,None,False
TX_2026_00013341,False,None,False
TX_2026_00013342,False,None,False
TX_2026_00013343,False,None,False
TX_2026_00013344,False,None,False
TX_2026_00013345,False,None,False
TX_2026_00013346,False,None,False
TX_2026_00013347,False,None,False
TX_2026_00013348,False,None,False
TX_2026_00013349,False,None,False
TX_2026_00013350,False,None,False
TX_2026_00013351,False,None,False
TX_2026_00013352,False,None,False
TX_2026_00013353,False,None,False
TX_2026_00013354,False,None,False
TX_2026_00013355,False,None,False
TX_2026_00013356,True,UNUSUAL_NIGHT,False
TX_2026_00013357,False,None,False
TX_2026_00013358,False,None,False
TX_2026_00013359,False,None,False
TX_2026_00013360,False,None,False
TX_2026_00013361,False,None,False
TX_2026_00013362,False,None,False
TX_2026_00013363,False,None,False
TX_2026_00013364,False,None,False
TX_2026_00013365,False,None,False
TX_2026_00013366,False,None,False
TX_2026_00013367,False,None,False
TX_2026_00013368,False,None,False
TX_2026_00013369,True,UNUSUAL_NIGHT,False
TX_2026_00013370,False,None,False
TX_2026_00013371,False,None,False
TX_2026_00013372,False,None,False
TX_2026_00013373,False,None,False
TX_2026_00013374,False,None,False
TX_2026_00013375,False,None,False
TX_2026_00013376,False,None,False
TX_2026_00013377,False,None,False
TX_2026_00013378,False,None,False
TX_2026_00013379,False,None,False
TX_2026_00013380,False,None,False
TX_2026_00013381,False,None,False
TX_2026_00013382,False,None,False
TX_2026_00013383,False,None,False
TX_2026_00013384,False,None,False
TX_2026_00013385,False,None,False
TX_2026_00013386,False,None,False
TX_2026_00013387,False,None,False
TX_2026_00013388,False,None,False
TX_2026_00013389,False,None,False
TX_2026_00013390,False,None,False
TX_2026_00013391,False,None,False
TX_2026_00013392,False,None,False
TX_2026_00013393,False,None,False
TX_2026_00013394,False,None,False
TX_2026_00013395,False,None,False
TX_2026_00013396,False,None,False
TX_2026_00013397,True,UNUSUAL_NIGHT,True
TX_2026_00013398,False,None,False
TX_2026_00013399,False,None,False
TX_2026_00013400,False,None,False
TX_2026_00013401,False,None,False
TX_2026_00013402,False,None,False
TX_2026_00013403,False,None,False
TX_2026_00013404,False,None,False
TX_2026_00013405,False,None,False
TX_2026_00013406,False,None,False
TX_2026_00013407,False,None,False
TX_2026_00013408,False,None,False
TX_2026_00013409,False,None,False
TX_2026_00013410,False,None,False
TX_2026_00013411,False,None,False
TX_2026_00013412,False,None,False
TX_2026_00013413,False,None,False
TX_2026_00013414,False,None,False
TX_2026_00013415,False,None,False
TX_2026_00013416,False,None,False
TX_2026_00013417,False,None,False
TX_2026_00013418,False,None,False
TX_2026_00013419,False,None,False
TX_2026_00013420,False,None,False
TX_2026_00013421,False,None,False
TX_2026_00013422,False,None,False
TX_2026_00013423,False,None,False
TX_2026_00013424,False,None,False
TX_2026_00013425,False,None,False
TX_2026_00013426,False,None,False
TX_2026_00013427,False,None,False
TX_2026_00013428,True,NEW_DEVICE_BURST,True
TX_2026_00013429,False,None,False
TX_2026_00013430,False,None,False
TX_2026_00013431,False,None,False
TX_2026_00013432,False,None,False
TX_2026_00013433,False,None,False
TX_2026_00013434,False,None,False
TX_2026_00013435,False,None,False
TX_2026_00013436,False,None,False
TX_2026_00013437,False,None,False
TX_2026_00013438,False,None,False
TX_2026_00013439,False,None,False
TX_2026_00013440,False,None,False
TX_2026_00013441,False,None,False
TX_2026_00013442,False,None,False
TX_2026_00013443,False,None,False
TX_2026_00013444,False,None,False
TX_2026_00013445,False,None,False
TX_2026_00013446,False,None,False
TX_2026_00013447,False,None,False
TX_2026_00013448,False,None,False
TX_2026_00013449,False,None,False
TX_2026_00013450,False,None,False
TX_2026_00013451,False,None,False
TX_2026_00013452,False,None,False
TX_2026_00013453,False,None,False
TX_2026_00013454,False,None,False
TX_2026_00013455,False,None,False
TX_2026_00013456,False,None,False
TX_2026_00013457,False,None,False
TX_2026_00013458,False,None,False
TX_2026_00013459,False,None,False
TX_2026_00013460,False,None,False
TX_2026_00013461,False,None,False
TX_2026_00013462,False,None,False
TX_2026_00013463,False,None,False
TX_2026_00013464,False,None,False
TX_2026_00013465,False,None,False
TX_2026_00013466,False,None,False
TX_2026_00013467,False,None,False
TX_2026_00013468,False,None,False
TX_2026_00013469,False,None,False
TX_2026_00013470,False,None,False
TX_2026_00013471,False,None,False
TX_2026_00013472,False,None,False
TX_2026_00013473,False,None,False
TX_2026_00013474,False,None,False
TX_2026_00013475,False,None,False
TX_2026_00013476,False,None,False
TX_2026_00013477,False,None,False
TX_2026_00013478,False,None,False
TX_2026_00013479,False,None,False
TX_2026_00013480,False,None,False
TX_2026_00013481,False,None,False
TX_2026_00013482,False,None,False
TX_2026_00013483,False,None,False
TX_2026_00013484,False,None,False
TX_2026_00013485,False,None,False
TX_2026_00013486,False,None,False
TX_2026_00013487,False,None,False
TX_2026_00013488,False,None,False
TX_2026_00013489,False,None,False
TX_2026_00013490,False,None,False
TX_2026_00013491,False,None,False
TX_2026_00013492,False,None,False
TX_2026_00013493,False,None,False
TX_2026_00013494,False,None,False
TX_2026_00013495,False,None,False
TX_2026_00013496,False,None,False
TX_2026_00013497,False,None,False
TX_2026_00013498,False,None,False
TX_2026_00013499,False,None,False
TX_2026_00013500,False,None,False
TX_2026_00013501,False,None,False
TX_2026_00013502,False,None,False
TX_2026_00013503,False,None,False
TX_2026_00013504,False,None,False
TX_2026_00013505,False,None,False
TX_2026_00013506,False,None,False
TX_2026_00013507,False,None,False
TX_2026_00013508,False,None,False
TX_2026_00013509,False,None,False
TX_2026_00013510,False,None,False
TX_2026_00013511,False,None,False
TX_2026_00013512,False,None,False
TX_2026_00013513,False,None,False
TX_2026_00013514,False,None,False
TX_2026_00013515,False,None,False
TX_2026_00013516,False,None,False
TX_2026_00013517,False,None,False
TX_2026_00013518,False,None,False
TX_2026_00013519,False,None,False
TX_2026_00013520,False,None,False
TX_2026_00013521,False,None,False
TX_2026_00013522,False,None,False
TX_2026_00013523,False,None,False
TX_2026_00013524,False,None,False
TX_2026_00013525,False,None,False
TX_2026_00013526,False,None,False
TX_2026_00013527,False,None,False
TX_2026_00013528,False,None,False
TX_2026_00013529,False,None,False
TX_2026_00013530,False,None,False
TX_2026_00013531,False,None,False
TX_2026_00013532,False,None,False
TX_2026_00013533,False,None,False
TX_2026_00013534,False,None,False
TX_2026_00013535,False,None,False
TX_2026_00013536,False,None,False
TX_2026_00013537,False,None,False
TX_2026_00013538,False,None,False
TX_2026_00013539,False,None,False
TX_2026_00013540,False,None,False
TX_2026_00013541,False,None,False
TX_2026_00013542,False,None,False
TX_2026_00013543,False,None,False
TX_2026_00013544,False,None,False
TX_2026_00013545,False,None,False
TX_2026_00013546,False,None,False
TX_2026_00013547,False,None,False
TX_2026_00013548,False,None,False
TX_2026_00013549,False,None,False
TX_2026_00013550,False,None,False
TX_2026_00013551,False,None,False
TX_2026_00013552,False,None,False
TX_2026_00013553,False,None,False
TX_2026_00013554,False,None,False
TX_2026_00013555,False,None,False
TX_2026_00013556,False,None,False
TX_2026_00013557,False,None,False
TX_2026_00013558,False,None,False
TX_2026_00013559,False,None,False
TX_2026_00013560,False,None,False
TX_2026_00013561,False,None,False
TX_2026_00013562,False,None,False
TX_2026_00013563,False,None,False
TX_2026_00013564,False,None,False
TX_2026_00013565,False,None,False
TX_2026_00013566,False,None,False
TX_2026_00013567,False,None,False
TX_2026_00013568,False,None,False
TX_2026_00013569,False,None,False
TX_2026_00013570,False,None,False
TX_2026_00013571,False,None,False
TX_2026_00013572,False,None,False
TX_2026_00013573,False,None,False
TX_2026_00013574,False,None,False
TX_2026_00013575,False,None,False
TX_2026_00013576,False,None,False
TX_2026_00013577,False,None,False
TX_2026_00013578,False,None,False
TX_2026_00013579,False,None,False
TX_2026_00013580,False,None,False
TX_2026_00013581,False,None,False
TX_2026_00013582,False,None,False
TX_2026_00013583,False,None,False
TX_2026_00013584,False,None,False
TX_2026_00013585,False,None,False
TX_2026_00013586,False,None,False
TX_2026_00013587,False,None,False
TX_2026_00013588,False,None,False
TX_2026_00013589,False,None,False
TX_2026_00013590,False,None,False
TX_2026_00013591,False,None,False
TX_2026_00013592,False,None,False
TX_2026_00013593,False,None,False
TX_2026_00013594,False,None,False
TX_2026_00013595,False,None,False
TX_2026_00013596,False,None,False
TX_2026_00013597,False,None,False
TX_2026_00013598,False,None,False
TX_2026_00013599,False,None,False
TX_2026_00013600,False,None,False
TX_2026_00013601,False,None,False
TX_2026_00013602,False,None,False
TX_2026_00013603,False,None,False
TX_2026_00013604,False,None,False
TX_2026_00013605,False,None,False
TX_2026_00013606,True,NEW_FOREIGN_LOCATION,True
TX_2026_00013607,False,None,False
TX_2026_00013608,False,None,False
TX_2026_00013609,False,None,False
TX_2026_00013610,False,None,False
TX_2026_00013611,False,None,False
TX_2026_00013612,False,None,False
TX_2026_00013613,False,None,False
TX_2026_00013614,False,None,False
TX_2026_00013615,False,None,False
TX_2026_00013616,False,None,False
TX_2026_00013617,False,None,False
TX_2026_00013618,False,None,False
TX_2026_00013619,False,None,False
TX_2026_00013620,True,NEW_DEVICE_BURST,True
TX_2026_00013621,False,None,False
TX_2026_00013622,False,None,False
TX_2026_00013623,False,None,False
TX_2026_00013624,False,None,False
TX_2026_00013625,False,None,False
TX_2026_00013626,False,None,False
TX_2026_00013627,False,None,False
TX_2026_00013628,False,None,False
TX_2026_00013629,False,None,False
TX_2026_00013630,False,None,False
TX_2026_00013631,False,None,False
TX_2026_00013632,False,None,False
TX_2026_00013633,False,None,False
TX_2026_00013634,False,None,False
TX_2026_00013635,False,None,False
TX_2026_00013636,False,None,False
TX_2026_00013637,False,None,False
TX_2026_00013638,False,None,False
TX_2026_00013639,False,None,False
TX_2026_00013640,False,None,False
TX_2026_00013641,False,None,False
TX_2026_00013642,False,None,False
TX_2026_00013643,False,None,False
TX_2026_00013644,False,None,False
TX_2026_00013645,False,None,False
TX_2026_00013646,False,None,False
TX_2026_00013647,False,None,False
TX_2026_00013648,False,None,False
TX_2026_00013649,False,None,False
TX_2026_00013650,False,None,False
TX_2026_00013651,False,None,False
TX_2026_00013652,False,None,False
TX_2026_00013653,False,None,False
TX_2026_00013654,False,None,False
TX_2026_00013655,False,None,False
TX_2026_00013656,False,None,False
TX_2026_00013657,False,None,False
TX_2026_00013658,False,None,False
TX_2026_00013659,True,HIGH_AMOUNT,False
TX_2026_00013660,False,None,False
TX_2026_00013661,False,None,False
TX_2026_00013662,False,None,False
TX_2026_00013663,False,None,False
TX_2026_00013664,False,None,False
TX_2026_00013665,False,None,False
TX_2026_00013666,False,None,False
TX_2026_00013667,False,None,False
TX_2026_00013668,False,None,False
TX_2026_00013669,False,None,False
TX_2026_00013670,False,None,False
TX_2026_00013671,False,None,False
TX_2026_00013672,False,None,False
TX_2026_00013673,False,None,False
TX_2026_00013674,False,None,False
TX_2026_00013675,False,None,False
TX_2026_00013676,False,None,False
TX_2026_00013677,False,None,False
TX_2026_00013678,False,None,False
TX_2026_00013679,False,None,False
TX_2026_00013680,False,None,False
TX_2026_00013681,False,None,False
TX_2026_00013682,False,None,False
TX_2026_00013683,False,None,False
TX_2026_00013684,False,None,False
TX_2026_00013685,False,None,False
TX_2026_00013686,False,None,False
TX_2026_00013687,False,None,False
TX_2026_00013688,False,None,False
TX_2026_00013689,False,None,False
TX_2026_00013690,False,None,False
TX_2026_00013691,False,None,False
TX_2026_00013692,False,None,False
TX_2026_00013693,False,None,False
TX_2026_00013694,False,None,False
TX_2026_00013695,False,None,False
TX_2026_00013696,False,None,False
TX_2026_00013697,False,None,False
TX_2026_00013698,False,None,False
TX_2026_00013699,False,None,False
TX_2026_00013700,False,None,False
TX_2026_00013701,False,None,False
TX_2026_00013702,False,None,False
TX_2026_00013703,False,None,False
TX_2026_00013704,False,None,False
TX_2026_00013705,False,None,False
TX_2026_00013706,False,None,False
TX_2026_00013707,False,None,False
TX_2026_00013708,False,None,False
TX_2026_00013709,False,None,False
TX_2026_00013710,False,None,False
TX_2026_00013711,False,None,False
TX_2026_00013712,False,None,False
TX_2026_00013713,False,None,False
TX_2026_00013714,True,NEW_FOREIGN_LOCATION,True
TX_2026_00013715,False,None,False
TX_2026_00013716,False,None,False
TX_2026_00013717,False,None,False
TX_2026_00013718,False,None,False
TX_2026_00013719,False,None,False
TX_2026_00013720,False,None,False
TX_2026_00013721,False,None,False
TX_2026_00013722,False,None,False
TX_2026_00013723,False,None,False
TX_2026_00013724,False,None,False
TX_2026_00013725,False,None,False
TX_2026_00013726,False,None,False
TX_2026_00013727,False,None,False
TX_2026_00013728,False,None,False
TX_2026_00013729,False,None,False
TX_2026_00013730,False,None,False
TX_2026_00013731,False,None,False
TX_2026_00013732,False,None,False
TX_2026_00013733,False,None,False
TX_2026_00013734,False,None,False
TX_2026_00013735,False,None,False
TX_2026_00013736,False,None,False
TX_2026_00013737,False,None,False
TX_2026_00013738,False,None,False
TX_2026_00013739,False,None,False
TX_2026_00013740,False,None,False
TX_2026_00013741,False,None,False
TX_2026_00013742,False,None,False
TX_2026_00013743,False,None,False
TX_2026_00013744,False,None,False
TX_2026_00013745,False,None,False
TX_2026_00013746,False,None,False
TX_2026_00013747,False,None,False
TX_2026_00013748,False,None,False
TX_2026_00013749,False,None,False
TX_2026_00013750,False,None,False
TX_2026_00013751,False,None,False
TX_2026_00013752,False,None,False
TX_2026_00013753,False,None,False
TX_2026_00013754,False,None,False
TX_2026_00013755,False,None,False
TX_2026_00013756,False,None,False
TX_2026_00013757,False,None,False
TX_2026_00013758,False,None,False
TX_2026_00013759,False,None,False
TX_2026_00013760,False,None,False
TX_2026_00013761,False,None,False
TX_2026_00013762,False,None,False
TX_2026_00013763,False,None,False
TX_2026_00013764,False,None,False
TX_2026_00013765,False,None,False
TX_2026_00013766,False,None,False
TX_2026_00013767,False,None,False
TX_2026_00013768,False,None,False
TX_2026_00013769,False,None,False
TX_2026_00013770,False,None,False
TX_2026_00013771,False,None,False
TX_2026_00013772,False,None,False
TX_2026_00013773,False,None,False
TX_2026_00013774,False,None,False
TX_2026_00013775,False,None,False
TX_2026_00013776,False,None,False
TX_2026_00013777,False,None,False
TX_2026_00013778,False,None,False
TX_2026_00013779,False,None,False
TX_2026_00013780,False,None,False
TX_2026_00013781,False,None,False
TX_2026_00013782,False,None,False
TX_2026_00013783,False,None,False
TX_2026_00013784,False,None,False
TX_2026_00013785,False,None,False
TX_2026_00013786,False,None,False
TX_2026_00013787,False,None,False
TX_2026_00013788,False,None,False
TX_2026_00013789,False,None,False
TX_2026_00013790,False,None,False
TX_2026_00013791,False,None,False
TX_2026_00013792,False,None,False
TX_2026_00013793,False,None,False
TX_2026_00013794,False,None,False
TX_2026_00013795,False,None,False
TX_2026_00013796,False,None,False
TX_2026_00013797,False,None,False
TX_2026_00013798,False,None,False
TX_2026_00013799,False,None,False
TX_2026_00013800,False,None,False
TX_2026_00013801,False,None,False
TX_2026_00013802,False,None,False
TX_2026_00013803,False,None,False
TX_2026_00013804,False,None,False
TX_2026_00013805,False,None,False
TX_2026_00013806,False,None,False
TX_2026_00013807,False,None,False
TX_2026_00013808,False,None,False
TX_2026_00013809,False,None,False
TX_2026_00013810,False,None,False
TX_2026_00013811,False,None,False
TX_2026_00013812,False,None,False
TX_2026_00013813,False,None,False
TX_2026_00013814,False,None,False
TX_2026_00013815,False,None,False
TX_2026_00013816,False,None,False
TX_2026_00013817,False,None,False
TX_2026_00013818,False,None,False
TX_2026_00013819,False,None,False
TX_2026_00013820,False,None,False
TX_2026_00013821,False,None,False
TX_2026_00013822,False,None,False
TX_2026_00013823,False,None,False
TX_2026_00013824,False,None,False
TX_2026_00013825,False,None,False
TX_2026_00013826,False,None,False
TX_2026_00013827,False,None,False
TX_2026_00013828,False,None,False
TX_2026_00013829,False,None,False
TX_2026_00013830,False,None,False
TX_2026_00013831,False,None,False
TX_2026_00013832,False,None,False
TX_2026_00013833,False,None,False
TX_2026_00013834,False,None,False
TX_2026_00013835,False,None,False
TX_2026_00013836,False,None,False
TX_2026_00013837,False,None,False
TX_2026_00013838,False,None,False
TX_2026_00013839,False,None,False
TX_2026_00013840,False,None,False
TX_2026_00013841,False,None,False
TX_2026_00013842,False,None,False
TX_2026_00013843,False,None,False
TX_2026_00013844,False,None,False
TX_2026_00013845,False,None,False
TX_2026_00013846,False,None,False
TX_2026_00013847,False,None,False
TX_2026_00013848,False,None,False
TX_2026_00013849,False,None,False
TX_2026_00013850,False,None,False
TX_2026_00013851,False,None,False
TX_2026_00013852,False,None,False
TX_2026_00013853,False,None,False
TX_2026_00013854,False,None,False
TX_2026_00013855,False,None,False
TX_2026_00013856,False,None,False
TX_2026_00013857,False,None,False
TX_2026_00013858,False,None,False
TX_2026_00013859,False,None,False
TX_2026_00013860,False,None,False
TX_2026_00013861,False,None,False
TX_2026_00013862,False,None,False
TX_2026_00013863,False,None,False
TX_2026_00013864,False,None,False
TX_2026_00013865,False,None,False
TX_2026_00013866,False,None,False
TX_2026_00013867,False,None,False
TX_2026_00013868,False,None,False
TX_2026_00013869,False,None,False
TX_2026_00013870,False,None,False
TX_2026_00013871,False,None,False
TX_2026_00013872,False,None,False
TX_2026_00013873,False,None,False
TX_2026_00013874,False,None,False
TX_2026_00013875,False,None,False
TX_2026_00013876,False,None,False
TX_2026_00013877,False,None,False
TX_2026_00013878,False,None,False
TX_2026_00013879,False,None,False
TX_2026_00013880,False,None,False
TX_2026_00013881,False,None,False
TX_2026_00013882,False,None,False
TX_2026_00013883,False,None,False
TX_2026_00013884,False,None,False
TX_2026_00013885,False,None,False
TX_2026_00013886,False,None,False
TX_2026_00013887,False,None,False
TX_2026_00013888,False,None,False
TX_2026_00013889,False,None,False
TX_2026_00013890,False,None,False
TX_2026_00013891,False,None,False
TX_2026_00013892,False,None,False
TX_2026_00013893,False,None,False
TX_2026_00013894,False,None,False
TX_2026_00013895,False,None,False
TX_2026_00013896,False,None,False
TX_2026_00013897,False,None,False
TX_2026_00013898,False,None,False
TX_2026_00013899,False,None,False
TX_2026_00013900,False,None,False
TX_2026_00013901,False,None,False
TX_2026_00013902,False,None,False
TX_2026_00013903,False,None,False
TX_2026_00013904,False,None,False
TX_2026_00013905,False,None,False
TX_2026_00013906,False,None,False
TX_2026_00013907,False,None,False
TX_2026_00013908,False,None,False
TX_2026_00013909,False,None,False
TX_2026_00013910,False,None,False
TX_2026_00013911,False,None,False
TX_2026_00013912,True,HIGH_AMOUNT,True
TX_2026_00013913,False,None,False
TX_2026_00013914,False,None,False
TX_2026_00013915,False,None,False
TX_2026_00013916,False,None,False
TX_2026_00013917,False,None,False
TX_2026_00013918,False,None,False
TX_2026_00013919,False,None,False
TX_2026_00013920,False,None,False
TX_2026_00013921,False,None,False
TX_2026_00013922,False,None,False
TX_2026_00013923,False,None,False
TX_2026_00013924,False,None,False
TX_2026_00013925,False,None,False
TX_2026_00013926,False,None,False
TX_2026_00013927,False,None,False
TX_2026_00013928,False,None,False
TX_2026_00013929,False,None,False
TX_2026_00013930,False,None,False
TX_2026_00013931,False,None,False
TX_2026_00013932,False,None,False
TX_2026_00013933,False,None,False
TX_2026_00013934,False,None,False
TX_2026_00013935,False,None,False
TX_2026_00013936,False,None,False
TX_2026_00013937,False,None,False
TX_2026_00013938,False,None,False
TX_2026_00013939,False,None,False
TX_2026_00013940,False,None,False
TX_2026_00013941,False,None,False
TX_2026_00013942,False,None,False
TX_2026_00013943,False,None,False
TX_2026_00013944,False,None,False
TX_2026_00013945,False,None,False
TX_2026_00013946,False,None,False
TX_2026_00013947,False,None,False
TX_2026_00013948,False,None,False
TX_2026_00013949,False,None,False
TX_2026_00013950,False,None,False
TX_2026_00013951,False,None,False
TX_2026_00013952,False,None,False
TX_2026_00013953,False,None,False
TX_2026_00013954,False,None,False
TX_2026_00013955,False,None,False
TX_2026_00013956,False,None,False
TX_2026_00013957,False,None,False
TX_2026_00013958,False,None,False
TX_2026_00013959,False,None,False
TX_2026_00013960,False,None,False
TX_2026_00013961,False,None,False
TX_2026_00013962,False,None,False
TX_2026_00013963,False,None,False
TX_2026_00013964,False,None,False
TX_2026_00013965,False,None,False
TX_2026_00013966,False,None,False
TX_2026_00013967,False,None,False
TX_2026_00013968,False,None,False
TX_2026_00013969,False,None,False
TX_2026_00013970,False,None,False
TX_2026_00013971,False,None,False
TX_2026_00013972,False,None,False
TX_2026_00013973,False,None,False
TX_2026_00013974,False,None,False
TX_2026_00013975,False,None,False
TX_2026_00013976,False,None,False
TX_2026_00013977,False,None,False
TX_2026_00013978,False,None,False
TX_2026_00013979,False,None,False
TX_2026_00013980,False,None,False
TX_2026_00013981,False,None,False
TX_2026_00013982,False,None,False
TX_2026_00013983,False,None,False
TX_2026_00013984,False,None,False
TX_2026_00013985,False,None,False
TX_2026_00013986,False,None,False
TX_2026_00013987,False,None,False
TX_2026_00013988,False,None,False
TX_2026_00013989,False,None,False
TX_2026_00013990,False,None,False
TX_2026_00013991,False,None,False
TX_2026_00013992,False,None,False
TX_2026_00013993,False,None,False
TX_2026_00013994,False,None,False
TX_2026_00013995,False,None,False
TX_2026_00013996,False,None,False
TX_2026_00013997,False,None,False
TX_2026_00013998,False,None,False
TX_2026_00013999,False,None,False
TX_2026_00014000,False,None,False
TX_2026_00014001,False,None,False
TX_2026_00014002,False,None,False
TX_2026_00014003,False,None,False
TX_2026_00014004,False,None,False
TX_2026_00014005,False,None,False
TX_2026_00014006,False,None,False
TX_2026_00014007,False,None,False
TX_2026_00014008,False,None,False
TX_2026_00014009,False,None,False
TX_2026_00014010,False,None,False
TX_2026_00014011,False,None,False
TX_2026_00014012,False,None,False
TX_2026_00014013,False,None,False
TX_2026_00014014,False,None,False
TX_2026_00014015,False,None,False
TX_2026_00014016,False,None,False
TX_2026_00014017,False,None,False
TX_2026_00014018,False,None,False
TX_2026_00014019,False,None,False
TX_2026_00014020,False,None,False
TX_2026_00014021,False,None,False
TX_2026_00014022,False,None,False
TX_2026_00014023,False,None,False
TX_2026_00014024,False,None,False
TX_2026_00014025,False,None,False
TX_2026_00014026,False,None,False
TX_2026_00014027,True,NEW_DEVICE_BURST,True
TX_2026_00014028,False,None,False
TX_2026_00014029,False,None,False
TX_2026_00014030,False,None,False
TX_2026_00014031,False,None,False
TX_2026_00014032,False,None,False
TX_2026_00014033,False,None,False
TX_2026_00014034,False,None,False
TX_2026_00014035,False,None,False
TX_2026_00014036,False,None,False
TX_2026_00014037,False,None,False
TX_2026_00014038,False,None,False
TX_2026_00014039,False,None,False
TX_2026_00014040,False,None,False
TX_2026_00014041,False,None,False
TX_2026_00014042,False,None,False
TX_2026_00014043,True,HIGH_AMOUNT,True
TX_2026_00014044,False,None,False
TX_2026_00014045,False,None,False
TX_2026_00014046,False,None,False
TX_2026_00014047,False,None,False
TX_2026_00014048,False,None,False
TX_2026_00014049,False,None,False
TX_2026_00014050,False,None,False
TX_2026_00014051,False,None,False
TX_2026_00014052,False,None,False
TX_2026_00014053,False,None,False
TX_2026_00014054,False,None,False
TX_2026_00014055,False,None,False
TX_2026_00014056,False,None,False
TX_2026_00014057,False,None,False
TX_2026_00014058,False,None,False
TX_2026_00014059,False,None,False
TX_2026_00014060,False,None,False
TX_2026_00014061,False,None,False
TX_2026_00014062,False,None,False
TX_2026_00014063,False,None,False
TX_2026_00014064,False,None,False
TX_2026_00014065,False,None,False
TX_2026_00014066,False,None,False
TX_2026_00014067,False,None,False
TX_2026_00014068,False,None,False
TX_2026_00014069,False,None,False
TX_2026_00014070,False,None,False
TX_2026_00014071,False,None,False
TX_2026_00014072,False,None,False
TX_2026_00014073,False,None,False
TX_2026_00014074,False,None,False
TX_2026_00014075,False,None,False
TX_2026_00014076,False,None,False
TX_2026_00014077,False,None,False
TX_2026_00014078,False,None,False
TX_2026_00014079,False,None,False
TX_2026_00014080,False,None,False
TX_2026_00014081,False,None,False
TX_2026_00014082,False,None,False
TX_2026_00014083,False,None,False
TX_2026_00014084,False,None,False
TX_2026_00014085,False,None,False
TX_2026_00014086,False,None,False
TX_2026_00014087,False,None,False
TX_2026_00014088,False,None,False
TX_2026_00014089,False,None,False
TX_2026_00014090,False,None,False
TX_2026_00014091,False,None,False
TX_2026_00014092,False,None,False
TX_2026_00014093,False,None,False
TX_2026_00014094,False,None,False
TX_2026_00014095,False,None,False
TX_2026_00014096,False,None,False
TX_2026_00014097,False,None,False
TX_2026_00014098,False,None,False
TX_2026_00014099,False,None,False
TX_2026_00014100,False,None,False
TX_2026_00014101,False,None,False
TX_2026_00014102,False,None,False
TX_2026_00014103,False,None,False
TX_2026_00014104,False,None,False
TX_2026_00014105,False,None,False
TX_2026_00014106,False,None,False
TX_2026_00014107,False,None,False
TX_2026_00014108,False,None,False
TX_2026_00014109,False,None,False
TX_2026_00014110,False,None,False
TX_2026_00014111,False,None,False
TX_2026_00014112,False,None,False
TX_2026_00014113,False,None,False
TX_2026_00014114,False,None,False
TX_2026_00014115,False,None,False
TX_2026_00014116,False,None,False
TX_2026_00014117,False,None,False
TX_2026_00014118,False,None,False
TX_2026_00014119,False,None,False
TX_2026_00014120,False,None,False
TX_2026_00014121,False,None,False
TX_2026_00014122,False,None,False
TX_2026_00014123,False,None,False
TX_2026_00014124,False,None,False
TX_2026_00014125,False,None,False
TX_2026_00014126,False,None,False
TX_2026_00014127,False,None,False
TX_2026_00014128,False,None,False
TX_2026_00014129,False,None,False
TX_2026_00014130,False,None,False
TX_2026_00014131,False,None,False
TX_2026_00014132,False,None,False
TX_2026_00014133,False,None,False
TX_2026_00014134,False,None,False
TX_2026_00014135,False,None,False
TX_2026_00014136,False,None,False
TX_2026_00014137,False,None,False
TX_2026_00014138,False,None,False
TX_2026_00014139,False,None,False
TX_2026_00014140,False,None,False
TX_2026_00014141,False,None,False
TX_2026_00014142,False,None,False
TX_2026_00014143,False,None,False
TX_2026_00014144,False,None,False
TX_2026_00014145,False,None,False
TX_2026_00014146,False,None,False
TX_2026_00014147,False,None,False
TX_2026_00014148,False,None,False
TX_2026_00014149,False,None,False
TX_2026_00014150,False,None,False
TX_2026_00014151,False,None,False
TX_2026_00014152,True,NEW_DEVICE_BURST,True
TX_2026_00014153,False,None,False
TX_2026_00014154,False,None,False
TX_2026_00014155,False,None,False
TX_2026_00014156,False,None,False
TX_2026_00014157,False,None,False
TX_2026_00014158,False,None,False
TX_2026_00014159,False,None,False
TX_2026_00014160,False,None,False
TX_2026_00014161,False,None,False
TX_2026_00014162,True,NEW_DEVICE_BURST,False
TX_2026_00014163,False,None,False
TX_2026_00014164,False,None,False
TX_2026_00014165,False,None,False
TX_2026_00014166,False,None,False
TX_2026_00014167,False,None,False
TX_2026_00014168,False,None,False
TX_2026_00014169,False,None,False
TX_2026_00014170,False,None,False
TX_2026_00014171,False,None,False
TX_2026_00014172,False,None,False
TX_2026_00014173,False,None,False
TX_2026_00014174,False,None,False
TX_2026_00014175,False,None,False
TX_2026_00014176,False,None,False
TX_2026_00014177,False,None,False
TX_2026_00014178,False,None,False
TX_2026_00014179,False,None,False
TX_2026_00014180,False,None,False
TX_2026_00014181,False,None,False
TX_2026_00014182,False,None,False
TX_2026_00014183,False,None,False
TX_2026_00014184,False,None,False
TX_2026_00014185,False,None,False
TX_2026_00014186,False,None,False
TX_2026_00014187,False,None,False
TX_2026_00014188,False,None,False
TX_2026_00014189,False,None,False
TX_2026_00014190,False,None,False
TX_2026_00014191,False,None,False
TX_2026_00014192,False,None,False
TX_2026_00014193,False,None,False
TX_2026_00014194,False,None,False
TX_2026_00014195,False,None,False
TX_2026_00014196,False,None,False
TX_2026_00014197,False,None,False
TX_2026_00014198,False,None,False
TX_2026_00014199,False,None,False
TX_2026_00014200,False,None,False
TX_2026_00014201,False,None,False
TX_2026_00014202,False,None,False
TX_2026_00014203,False,None,False
TX_2026_00014204,False,None,False
TX_2026_00014205,False,None,False
TX_2026_00014206,False,None,False
TX_2026_00014207,False,None,False
TX_2026_00014208,False,None,False
TX_2026_00014209,False,None,False
TX_2026_00014210,False,None,False
TX_2026_00014211,False,None,False
TX_2026_00014212,False,None,False
TX_2026_00014213,False,None,False
TX_2026_00014214,False,None,False
TX_2026_00014215,False,None,False
TX_2026_00014216,False,None,False
TX_2026_00014217,False,None,False
TX_2026_00014218,False,None,False
TX_2026_00014219,False,None,False
TX_2026_00014220,False,None,False
TX_2026_00014221,False,None,False
TX_2026_00014222,False,None,False
TX_2026_00014223,False,None,False
TX_2026_00014224,False,None,False
TX_2026_00014225,False,None,False
TX_2026_00014226,False,None,False
TX_2026_00014227,False,None,False
TX_2026_00014228,False,None,False
TX_2026_00014229,False,None,False
TX_2026_00014230,False,None,False
TX_2026_00014231,False,None,False
TX_2026_00014232,False,None,False
TX_2026_00014233,False,None,False
TX_2026_00014234,False,None,False
TX_2026_00014235,False,None,False
TX_2026_00014236,False,None,False
TX_2026_00014237,False,None,False
TX_2026_00014238,False,None,False
TX_2026_00014239,False,None,False
TX_2026_00014240,False,None,False
TX_2026_00014241,False,None,False
TX_2026_00014242,False,None,False
TX_2026_00014243,False,None,False
TX_2026_00014244,False,None,False
TX_2026_00014245,False,None,False
TX_2026_00014246,False,None,False
TX_2026_00014247,False,None,False
TX_2026_00014248,False,None,False
TX_2026_00014249,False,None,False
TX_2026_00014250,False,None,False
TX_2026_00014251,False,None,False
TX_2026_00014252,False,None,False
TX_2026_00014253,False,None,False
TX_2026_00014254,False,None,False
TX_2026_00014255,False,None,False
TX_2026_00014256,False,None,False
TX_2026_00014257,False,None,False
TX_2026_00014258,False,None,False
TX_2026_00014259,False,None,False
TX_2026_00014260,False,None,False
TX_2026_00014261,True,UNUSUAL_NIGHT,True
TX_2026_00014262,False,None,False
TX_2026_00014263,False,None,False
TX_2026_00014264,False,None,False
TX_2026_00014265,True,NEW_FOREIGN_LOCATION,True
TX_2026_00014266,False,None,False
TX_2026_00014267,False,None,False
TX_2026_00014268,False,None,False
TX_2026_00014269,True,NEW_FOREIGN_LOCATION,True
TX_2026_00014270,False,None,False
TX_2026_00014271,False,None,False
TX_2026_00014272,False,None,False
TX_2026_00014273,False,None,False
TX_2026_00014274,False,None,False
TX_2026_00014275,False,None,False
TX_2026_00014276,False,None,False
TX_2026_00014277,False,None,False
TX_2026_00014278,False,None,False
TX_2026_00014279,False,None,False
TX_2026_00014280,False,None,False
TX_2026_00014281,False,None,False
TX_2026_00014282,False,None,False
TX_2026_00014283,False,None,False
TX_2026_00014284,False,None,False
TX_2026_00014285,False,None,False
TX_2026_00014286,False,None,False
TX_2026_00014287,False,None,False
TX_2026_00014288,False,None,False
TX_2026_00014289,False,None,False
TX_2026_00014290,False,None,False
TX_2026_00014291,False,None,False
TX_2026_00014292,False,None,False
TX_2026_00014293,False,None,False
TX_2026_00014294,False,None,False
TX_2026_00014295,False,None,False
TX_2026_00014296,False,None,False
TX_2026_00014297,False,None,False
TX_2026_00014298,False,None,False
TX_2026_00014299,False,None,False
TX_2026_00014300,False,None,False
TX_2026_00014301,False,None,False
TX_2026_00014302,False,None,False
TX_2026_00014303,False,None,False
TX_2026_00014304,False,None,False
TX_2026_00014305,False,None,False
TX_2026_00014306,False,None,False
TX_2026_00014307,False,None,False
TX_2026_00014308,False,None,False
TX_2026_00014309,False,None,False
TX_2026_00014310,False,None,False
TX_2026_00014311,False,None,False
TX_2026_00014312,False,None,False
TX_2026_00014313,False,None,False
TX_2026_00014314,False,None,False
TX_2026_00014315,False,None,False
TX_2026_00014316,False,None,False
TX_2026_00014317,False,None,False
TX_2026_00014318,False,None,False
TX_2026_00014319,False,None,False
TX_2026_00014320,False,None,False
TX_2026_00014321,False,None,False
TX_2026_00014322,False,None,False
TX_2026_00014323,False,None,False
TX_2026_00014324,False,None,False
TX_2026_00014325,False,None,False
TX_2026_00014326,False,None,False
TX_2026_00014327,False,None,False
TX_2026_00014328,False,None,False
TX_2026_00014329,False,None,False
TX_2026_00014330,False,None,False
TX_2026_00014331,False,None,False
TX_2026_00014332,False,None,False
TX_2026_00014333,False,None,False
TX_2026_00014334,False,None,False
TX_2026_00014335,False,None,False
TX_2026_00014336,False,None,False
TX_2026_00014337,False,None,False
TX_2026_00014338,False,None,False
TX_2026_00014339,False,None,False
TX_2026_00014340,False,None,False
TX_2026_00014341,False,None,False
TX_2026_00014342,False,None,False
TX_2026_00014343,False,None,False
TX_2026_00014344,False,None,False
TX_2026_00014345,False,None,False
TX_2026_00014346,False,None,False
TX_2026_00014347,False,None,False
TX_2026_00014348,False,None,False
TX_2026_00014349,False,None,False
TX_2026_00014350,False,None,False
TX_2026_00014351,False,None,False
TX_2026_00014352,False,None,False
TX_2026_00014353,False,None,False
TX_2026_00014354,False,None,False
TX_2026_00014355,False,None,False
TX_2026_00014356,False,None,False
TX_2026_00014357,False,None,False
TX_2026_00014358,False,None,False
TX_2026_00014359,False,None,False
TX_2026_00014360,True,UNUSUAL_NIGHT,True
TX_2026_00014361,False,None,False
TX_2026_00014362,False,None,False
TX_2026_00014363,False,None,False
TX_2026_00014364,False,None,False
TX_2026_00014365,False,None,False
TX_2026_00014366,False,None,False
TX_2026_00014367,True,NEW_DEVICE_BURST,True
TX_2026_00014368,False,None,False
TX_2026_00014369,False,None,False
TX_2026_00014370,False,None,False
TX_2026_00014371,False,None,False
TX_2026_00014372,False,None,False
TX_2026_00014373,False,None,False
TX_2026_00014374,False,None,False
TX_2026_00014375,False,None,False
TX_2026_00014376,False,None,False
TX_2026_00014377,False,None,False
TX_2026_00014378,False,None,False
TX_2026_00014379,False,None,False
TX_2026_00014380,False,None,False
TX_2026_00014381,False,None,False
TX_2026_00014382,False,None,False
TX_2026_00014383,False,None,False
TX_2026_00014384,False,None,False
TX_2026_00014385,False,None,False
TX_2026_00014386,False,None,False
TX_2026_00014387,False,None,False
TX_2026_00014388,False,None,False
TX_2026_00014389,False,None,False
TX_2026_00014390,False,None,False
TX_2026_00014391,False,None,False
TX_2026_00014392,False,None,False
TX_2026_00014393,True,HIGH_AMOUNT,True
TX_2026_00014394,False,None,False
TX_2026_00014395,False,None,False
TX_2026_00014396,False,None,False
TX_2026_00014397,False,None,False
TX_2026_00014398,False,None,False
TX_2026_00014399,False,None,False
TX_2026_00014400,False,None,False
TX_2026_00014401,False,None,False
TX_2026_00014402,False,None,False
TX_2026_00014403,False,None,False
TX_2026_00014404,True,UNUSUAL_NIGHT,True
TX_2026_00014405,False,None,False
TX_2026_00014406,False,None,False
TX_2026_00014407,False,None,False
TX_2026_00014408,True,NEW_DEVICE_BURST,True
TX_2026_00014409,False,None,False
TX_2026_00014410,False,None,False
TX_2026_00014411,False,None,False
TX_2026_00014412,False,None,False
TX_2026_00014413,False,None,False
TX_2026_00014414,False,None,False
TX_2026_00014415,False,None,False
TX_2026_00014416,False,None,False
TX_2026_00014417,False,None,False
TX_2026_00014418,False,None,False
TX_2026_00014419,False,None,False
TX_2026_00014420,False,None,False
TX_2026_00014421,False,None,False
TX_2026_00014422,False,None,False
TX_2026_00014423,False,None,False
TX_2026_00014424,False,None,False
TX_2026_00014425,False,None,False
TX_2026_00014426,False,None,False
TX_2026_00014427,True,UNUSUAL_NIGHT,True
TX_2026_00014428,False,None,False
TX_2026_00014429,False,None,False
TX_2026_00014430,False,None,False
TX_2026_00014431,False,None,False
TX_2026_00014432,False,None,False
TX_2026_00014433,False,None,False
TX_2026_00014434,False,None,False
TX_2026_00014435,False,None,False
TX_2026_00014436,False,None,False
TX_2026_00014437,False,None,False
TX_2026_00014438,False,None,False
TX_2026_00014439,False,None,False
TX_2026_00014440,False,None,False
TX_2026_00014441,False,None,False
TX_2026_00014442,False,None,False
TX_2026_00014443,False,None,False
TX_2026_00014444,False,None,False
TX_2026_00014445,False,None,False
TX_2026_00014446,False,None,False
TX_2026_00014447,False,None,False
TX_2026_00014448,False,None,False
TX_2026_00014449,False,None,False
TX_2026_00014450,False,None,False
TX_2026_00014451,False,None,False
TX_2026_00014452,False,None,False
TX_2026_00014453,False,None,False
TX_2026_00014454,False,None,False
TX_2026_00014455,False,None,False
TX_2026_00014456,False,None,False
TX_2026_00014457,False,None,False
TX_2026_00014458,False,None,False
TX_2026_00014459,False,None,False
TX_2026_00014460,False,None,False
TX_2026_00014461,False,None,False
TX_2026_00014462,False,None,False
TX_2026_00014463,True,NEW_FOREIGN_LOCATION,True
TX_2026_00014464,False,None,False
TX_2026_00014465,False,None,False
TX_2026_00014466,False,None,False
TX_2026_00014467,False,None,False
TX_2026_00014468,False,None,False
TX_2026_00014469,False,None,False
TX_2026_00014470,False,None,False
TX_2026_00014471,False,None,False
TX_2026_00014472,False,None,False
TX_2026_00014473,False,None,False
TX_2026_00014474,False,None,False
TX_2026_00014475,False,None,False
TX_2026_00014476,False,None,False
TX_2026_00014477,False,None,False
TX_2026_00014478,False,None,False
TX_2026_00014479,False,None,False
TX_2026_00014480,False,None,False
TX_2026_00014481,False,None,False
TX_2026_00014482,False,None,False
TX_2026_00014483,False,None,False
TX_2026_00014484,False,None,False
TX_2026_00014485,False,None,False
TX_2026_00014486,False,None,False
TX_2026_00014487,False,None,False
TX_2026_00014488,False,None,False
TX_2026_00014489,False,None,False
TX_2026_00014490,False,None,False
TX_2026_00014491,False,None,False
TX_2026_00014492,False,None,False
TX_2026_00014493,False,None,False
TX_2026_00014494,False,None,False
TX_2026_00014495,False,None,False
TX_2026_00014496,False,None,False
TX_2026_00014497,False,None,False
TX_2026_00014498,False,None,False
TX_2026_00014499,False,None,False
TX_2026_00014500,False,None,False
TX_2026_00014501,False,None,False
TX_2026_00014502,False,None,False
TX_2026_00014503,False,None,False
TX_2026_00014504,False,None,False
TX_2026_00014505,False,None,False
TX_2026_00014506,False,None,False
TX_2026_00014507,False,None,False
TX_2026_00014508,False,None,False
TX_2026_00014509,False,None,False
TX_2026_00014510,False,None,False
TX_2026_00014511,False,None,False
TX_2026_00014512,False,None,False
TX_2026_00014513,False,None,False
TX_2026_00014514,False,None,False
TX_2026_00014515,False,None,False
TX_2026_00014516,False,None,False
TX_2026_00014517,False,None,False
TX_2026_00014518,False,None,False
TX_2026_00014519,False,None,False
TX_2026_00014520,False,None,False
TX_2026_00014521,False,None,False
TX_2026_00014522,False,None,False
TX_2026_00014523,False,None,False
TX_2026_00014524,False,None,False
TX_2026_00014525,False,None,False
TX_2026_00014526,True,UNUSUAL_NIGHT,True
TX_2026_00014527,True,HIGH_AMOUNT,False
TX_2026_00014528,False,None,False
TX_2026_00014529,False,None,False
TX_2026_00014530,False,None,False
TX_2026_00014531,False,None,False
TX_2026_00014532,False,None,False
TX_2026_00014533,False,None,False
TX_2026_00014534,False,None,False
TX_2026_00014535,True,NEW_FOREIGN_LOCATION,True
TX_2026_00014536,False,None,False
TX_2026_00014537,False,None,False
TX_2026_00014538,False,None,False
TX_2026_00014539,False,None,False
TX_2026_00014540,False,None,False
TX_2026_00014541,False,None,False
TX_2026_00014542,False,None,False
TX_2026_00014543,False,None,False
TX_2026_00014544,False,None,False
TX_2026_00014545,False,None,False
TX_2026_00014546,False,None,False
TX_2026_00014547,False,None,False
TX_2026_00014548,False,None,False
TX_2026_00014549,False,None,False
TX_2026_00014550,False,None,False
TX_2026_00014551,False,None,False
TX_2026_00014552,False,None,False
TX_2026_00014553,False,None,False
TX_2026_00014554,False,None,False
TX_2026_00014555,False,None,False
TX_2026_00014556,False,None,False
TX_2026_00014557,False,None,False
TX_2026_00014558,False,None,False
TX_2026_00014559,False,None,False
TX_2026_00014560,False,None,False
TX_2026_00014561,False,None,False
TX_2026_00014562,False,None,False
TX_2026_00014563,False,None,False
TX_2026_00014564,False,None,False
TX_2026_00014565,False,None,False
TX_2026_00014566,False,None,False
TX_2026_00014567,False,None,False
TX_2026_00014568,False,None,False
TX_2026_00014569,False,None,False
TX_2026_00014570,False,None,False
TX_2026_00014571,False,None,False
TX_2026_00014572,False,None,False
TX_2026_00014573,False,None,False
TX_2026_00014574,False,None,False
TX_2026_00014575,False,None,False
TX_2026_00014576,False,None,False
TX_2026_00014577,False,None,False
TX_2026_00014578,False,None,False
TX_2026_00014579,False,None,False
TX_2026_00014580,False,None,False
TX_2026_00014581,False,None,False
TX_2026_00014582,False,None,False
TX_2026_00014583,False,None,False
TX_2026_00014584,False,None,False
TX_2026_00014585,False,None,False
TX_2026_00014586,False,None,False
TX_2026_00014587,False,None,False
TX_2026_00014588,False,None,False
TX_2026_00014589,False,None,False
TX_2026_00014590,False,None,False
TX_2026_00014591,False,None,False
TX_2026_00014592,False,None,False
TX_2026_00014593,False,None,False
TX_2026_00014594,False,None,False
TX_2026_00014595,False,None,False
TX_2026_00014596,False,None,False
TX_2026_00014597,False,None,False
TX_2026_00014598,False,None,False
TX_2026_00014599,False,None,False
TX_2026_00014600,False,None,False
TX_2026_00014601,False,None,False
TX_2026_00014602,False,None,False
TX_2026_00014603,False,None,False
TX_2026_00014604,False,None,False
TX_2026_00014605,False,None,False
TX_2026_00014606,False,None,False
TX_2026_00014607,False,None,False
TX_2026_00014608,False,None,False
TX_2026_00014609,False,None,False
TX_2026_00014610,False,None,False
TX_2026_00014611,False,None,False
TX_2026_00014612,False,None,False
TX_2026_00014613,False,None,False
TX_2026_00014614,False,None,False
TX_2026_00014615,False,None,False
TX_2026_00014616,False,None,False
TX_2026_00014617,False,None,False
TX_2026_00014618,False,None,False
TX_2026_00014619,False,None,False
TX_2026_00014620,False,None,False
TX_2026_00014621,False,None,False
TX_2026_00014622,False,None,False
TX_2026_00014623,False,None,False
TX_2026_00014624,False,None,False
TX_2026_00014625,False,None,False
TX_2026_00014626,True,HIGH_AMOUNT,True
TX_2026_00014627,False,None,False
TX_2026_00014628,True,NEW_DEVICE_BURST,False
TX_2026_00014629,False,None,False
TX_2026_00014630,False,None,False
TX_2026_00014631,False,None,False
TX_2026_00014632,False,None,False
TX_2026_00014633,False,None,False
TX_2026_00014634,False,None,False
TX_2026_00014635,False,None,False
TX_2026_00014636,False,None,False
TX_2026_00014637,False,None,False
TX_2026_00014638,False,None,False
TX_2026_00014639,False,None,False
TX_2026_00014640,False,None,False
TX_2026_00014641,False,None,False
TX_2026_00014642,False,None,False
TX_2026_00014643,False,None,False
TX_2026_00014644,False,None,False
TX_2026_00014645,False,None,False
TX_2026_00014646,False,None,False
TX_2026_00014647,False,None,False
TX_2026_00014648,False,None,False
TX_2026_00014649,False,None,False
TX_2026_00014650,False,None,False
TX_2026_00014651,False,None,False
TX_2026_00014652,False,None,False
TX_2026_00014653,False,None,False
TX_2026_00014654,False,None,False
TX_2026_00014655,False,None,False
TX_2026_00014656,False,None,False
TX_2026_00014657,False,None,False
TX_2026_00014658,False,None,False
TX_2026_00014659,False,None,False
TX_2026_00014660,False,None,False
TX_2026_00014661,False,None,False
TX_2026_00014662,False,None,False
TX_2026_00014663,False,None,False
TX_2026_00014664,False,None,False
TX_2026_00014665,False,None,False
TX_2026_00014666,False,None,False
TX_2026_00014667,False,None,False
TX_2026_00014668,False,None,False
TX_2026_00014669,False,None,False
TX_2026_00014670,False,None,False
TX_2026_00014671,False,None,False
TX_2026_00014672,False,None,False
TX_2026_00014673,False,None,False
TX_2026_00014674,False,None,False
TX_2026_00014675,False,None,False
TX_2026_00014676,False,None,False
TX_2026_00014677,False,None,False
TX_2026_00014678,False,None,False
TX_2026_00014679,False,None,False
TX_2026_00014680,False,None,False
TX_2026_00014681,False,None,False
TX_2026_00014682,True,NEW_FOREIGN_LOCATION,False
TX_2026_00014683,False,None,False
TX_2026_00014684,False,None,False
TX_2026_00014685,False,None,False
TX_2026_00014686,False,None,False
TX_2026_00014687,False,None,False
TX_2026_00014688,False,None,False
TX_2026_00014689,False,None,False
TX_2026_00014690,False,None,False
TX_2026_00014691,False,None,False
TX_2026_00014692,False,None,False
TX_2026_00014693,False,None,False
TX_2026_00014694,True,NEW_FOREIGN_LOCATION,True
TX_2026_00014695,False,None,False
TX_2026_00014696,False,None,False
TX_2026_00014697,False,None,False
TX_2026_00014698,False,None,False
TX_2026_00014699,False,None,False
TX_2026_00014700,False,None,False
TX_2026_00014701,False,None,False
TX_2026_00014702,False,None,False
TX_2026_00014703,False,None,False
TX_2026_00014704,False,None,False
TX_2026_00014705,False,None,False
TX_2026_00014706,False,None,False
TX_2026_00014707,False,None,False
TX_2026_00014708,False,None,False
TX_2026_00014709,False,None,False
TX_2026_00014710,False,None,False
TX_2026_00014711,False,None,False
TX_2026_00014712,False,None,False
TX_2026_00014713,True,NEW_FOREIGN_LOCATION,True
TX_2026_00014714,False,None,False
TX_2026_00014715,False,None,False
TX_2026_00014716,False,None,False
TX_2026_00014717,False,None,False
TX_2026_00014718,True,NEW_DEVICE_BURST,False
TX_2026_00014719,False,None,False
TX_2026_00014720,False,None,False
TX_2026_00014721,False,None,False
TX_2026_00014722,False,None,False
TX_2026_00014723,False,None,False
TX_2026_00014724,False,None,False
TX_2026_00014725,False,None,False
TX_2026_00014726,False,None,False
TX_2026_00014727,False,None,False
TX_2026_00014728,False,None,False
TX_2026_00014729,False,None,False
TX_2026_00014730,False,None,False
TX_2026_00014731,False,None,False
TX_2026_00014732,False,None,False
TX_2026_00014733,False,None,False
TX_2026_00014734,False,None,False
TX_2026_00014735,False,None,False
TX_2026_00014736,False,None,False
TX_2026_00014737,False,None,False
TX_2026_00014738,False,None,False
TX_2026_00014739,False,None,False
TX_2026_00014740,False,None,False
TX_2026_00014741,False,None,False
TX_2026_00014742,False,None,False
TX_2026_00014743,False,None,False
TX_2026_00014744,False,None,False
TX_2026_00014745,False,None,False
TX_2026_00014746,False,None,False
TX_2026_00014747,False,None,False
TX_2026_00014748,False,None,False
TX_2026_00014749,False,None,False
TX_2026_00014750,False,None,False
TX_2026_00014751,False,None,False
TX_2026_00014752,False,None,False
TX_2026_00014753,False,None,False
TX_2026_00014754,False,None,False
TX_2026_00014755,False,None,False
TX_2026_00014756,False,None,False
TX_2026_00014757,False,None,False
TX_2026_00014758,False,None,False
TX_2026_00014759,False,None,False
TX_2026_00014760,False,None,False
TX_2026_00014761,False,None,False
TX_2026_00014762,False,None,False
TX_2026_00014763,False,None,False
TX_2026_00014764,False,None,False
TX_2026_00014765,False,None,False
TX_2026_00014766,False,None,False
TX_2026_00014767,False,None,False
TX_2026_00014768,False,None,False
TX_2026_00014769,False,None,False
TX_2026_00014770,False,None,False
TX_2026_00014771,False,None,False
TX_2026_00014772,False,None,False
TX_2026_00014773,False,None,False
TX_2026_00014774,False,None,False
TX_2026_00014775,False,None,False
TX_2026_00014776,False,None,False
TX_2026_00014777,False,None,False
TX_2026_00014778,False,None,False
TX_2026_00014779,False,None,False
TX_2026_00014780,False,None,False
TX_2026_00014781,False,None,False
TX_2026_00014782,False,None,False
TX_2026_00014783,False,None,False
TX_2026_00014784,False,None,False
TX_2026_00014785,False,None,False
TX_2026_00014786,False,None,False
TX_2026_00014787,False,None,False
TX_2026_00014788,False,None,False
TX_2026_00014789,False,None,False
TX_2026_00014790,False,None,False
TX_2026_00014791,False,None,False
TX_2026_00014792,False,None,False
TX_2026_00014793,False,None,False
TX_2026_00014794,False,None,False
TX_2026_00014795,False,None,False
TX_2026_00014796,False,None,False
TX_2026_00014797,False,None,False
TX_2026_00014798,False,None,False
TX_2026_00014799,False,None,False
TX_2026_00014800,False,None,False
TX_2026_00014801,False,None,False
TX_2026_00014802,False,None,False
TX_2026_00014803,False,None,False
TX_2026_00014804,False,None,False
TX_2026_00014805,False,None,False
TX_2026_00014806,False,None,False
TX_2026_00014807,False,None,False
TX_2026_00014808,False,None,False
TX_2026_00014809,False,None,False
TX_2026_00014810,False,None,False
TX_2026_00014811,False,None,False
TX_2026_00014812,False,None,False
TX_2026_00014813,False,None,False
TX_2026_00014814,False,None,False
TX_2026_00014815,False,None,False
TX_2026_00014816,False,None,False
TX_2026_00014817,False,None,False
TX_2026_00014818,False,None,False
TX_2026_00014819,False,None,False
TX_2026_00014820,False,None,False
TX_2026_00014821,False,None,False
TX_2026_00014822,False,None,False
TX_2026_00014823,False,None,False
TX_2026_00014824,False,None,False
TX_2026_00014825,False,None,False
TX_2026_00014826,False,None,False
TX_2026_00014827,False,None,False
TX_2026_00014828,False,None,False
TX_2026_00014829,False,None,False
TX_2026_00014830,False,None,False
TX_2026_00014831,False,None,False
TX_2026_00014832,False,None,False
TX_2026_00014833,False,None,False
TX_2026_00014834,False,None,False
TX_2026_00014835,False,None,False
TX_2026_00014836,False,None,False
TX_2026_00014837,False,None,False
TX_2026_00014838,False,None,False
TX_2026_00014839,False,None,False
TX_2026_00014840,False,None,False
TX_2026_00014841,True,NEW_DEVICE_BURST,True
TX_2026_00014842,False,None,False
TX_2026_00014843,False,None,False
TX_2026_00014844,True,NEW_FOREIGN_LOCATION,True
TX_2026_00014845,False,None,False
TX_2026_00014846,False,None,False
TX_2026_00014847,False,None,False
TX_2026_00014848,False,None,False
TX_2026_00014849,False,None,False
TX_2026_00014850,False,None,False
TX_2026_00014851,False,None,False
TX_2026_00014852,False,None,False
TX_2026_00014853,False,None,False
TX_2026_00014854,False,None,False
TX_2026_00014855,False,None,False
TX_2026_00014856,False,None,False
TX_2026_00014857,False,None,False
TX_2026_00014858,False,None,False
TX_2026_00014859,False,None,False
TX_2026_00014860,False,None,False
TX_2026_00014861,False,None,False
TX_2026_00014862,False,None,False
TX_2026_00014863,False,None,False
TX_2026_00014864,False,None,False
TX_2026_00014865,False,None,False
TX_2026_00014866,False,None,False
TX_2026_00014867,False,None,False
TX_2026_00014868,False,None,False
TX_2026_00014869,False,None,False
TX_2026_00014870,False,None,False
TX_2026_00014871,False,None,False
TX_2026_00014872,False,None,False
TX_2026_00014873,False,None,False
TX_2026_00014874,False,None,False
TX_2026_00014875,False,None,False
TX_2026_00014876,False,None,False
TX_2026_00014877,False,None,False
TX_2026_00014878,False,None,False
TX_2026_00014879,False,None,False
TX_2026_00014880,False,None,False
TX_2026_00014881,False,None,False
TX_2026_00014882,False,None,False
TX_2026_00014883,False,None,False
TX_2026_00014884,False,None,False
TX_2026_00014885,False,None,False
TX_2026_00014886,False,None,False
TX_2026_00014887,False,None,False
TX_2026_00014888,False,None,False
TX_2026_00014889,False,None,False
TX_2026_00014890,False,None,False
TX_2026_00014891,False,None,False
TX_2026_00014892,False,None,False
TX_2026_00014893,False,None,False
TX_2026_00014894,False,None,False
TX_2026_00014895,False,None,False
TX_2026_00014896,False,None,False
TX_2026_00014897,False,None,False
TX_2026_00014898,False,None,False
TX_2026_00014899,False,None,False
TX_2026_00014900,False,None,False
TX_2026_00014901,False,None,False
TX_2026_00014902,False,None,False
TX_2026_00014903,False,None,False
TX_2026_00014904,False,None,False
TX_2026_00014905,False,None,False
TX_2026_00014906,False,None,False
TX_2026_00014907,False,None,False
TX_2026_00014908,False,None,False
TX_2026_00014909,False,None,False
TX_2026_00014910,False,None,False
TX_2026_00014911,False,None,False
TX_2026_00014912,False,None,False
TX_2026_00014913,False,None,False
TX_2026_00014914,False,None,False
TX_2026_00014915,False,None,False
TX_2026_00014916,False,None,False
TX_2026_00014917,False,None,False
TX_2026_00014918,False,None,False
TX_2026_00014919,False,None,False
TX_2026_00014920,False,None,False
TX_2026_00014921,False,None,False
TX_2026_00014922,False,None,False
TX_2026_00014923,False,None,False
TX_2026_00014924,False,None,False
TX_2026_00014925,False,None,False
TX_2026_00014926,False,None,False
TX_2026_00014927,False,None,False
TX_2026_00014928,False,None,False
TX_2026_00014929,False,None,False
TX_2026_00014930,False,None,False
TX_2026_00014931,False,None,False
TX_2026_00014932,False,None,False
TX_2026_00014933,False,None,False
TX_2026_00014934,False,None,False
TX_2026_00014935,False,None,False
TX_2026_00014936,False,None,False
TX_2026_00014937,False,None,False
TX_2026_00014938,False,None,False
TX_2026_00014939,False,None,False
TX_2026_00014940,False,None,False
TX_2026_00014941,False,None,False
TX_2026_00014942,False,None,False
TX_2026_00014943,False,None,False
TX_2026_00014944,False,None,False
TX_2026_00014945,False,None,False
TX_2026_00014946,False,None,False
TX_2026_00014947,False,None,False
TX_2026_00014948,False,None,False
TX_2026_00014949,False,None,False
TX_2026_00014950,False,None,False
TX_2026_00014951,False,None,False
TX_2026_00014952,False,None,False
TX_2026_00014953,False,None,False
TX_2026_00014954,False,None,False
TX_2026_00014955,False,None,False
TX_2026_00014956,False,None,False
TX_2026_00014957,False,None,False
TX_2026_00014958,False,None,False
TX_2026_00014959,False,None,False
TX_2026_00014960,False,None,False
TX_2026_00014961,False,None,False
TX_2026_00014962,False,None,False
TX_2026_00014963,False,None,False
TX_2026_00014964,False,None,False
TX_2026_00014965,False,None,False
TX_2026_00014966,False,None,False
TX_2026_00014967,False,None,False
TX_2026_00014968,False,None,False
TX_2026_00014969,False,None,False
TX_2026_00014970,False,None,False
TX_2026_00014971,False,None,False
TX_2026_00014972,False,None,False
TX_2026_00014973,False,None,False
TX_2026_00014974,False,None,False
TX_2026_00014975,False,None,False
TX_2026_00014976,False,None,False
TX_2026_00014977,False,None,False
TX_2026_00014978,False,None,False
TX_2026_00014979,False,None,False
TX_2026_00014980,False,None,False
TX_2026_00014981,False,None,False
TX_2026_00014982,True,UNUSUAL_NIGHT,False
TX_2026_00014983,True,NEW_DEVICE_BURST,False
TX_2026_00014984,False,None,False
TX_2026_00014985,False,None,False
TX_2026_00014986,False,None,False
TX_2026_00014987,False,None,False
TX_2026_00014988,False,None,False
TX_2026_00014989,False,None,False
TX_2026_00014990,False,None,False
TX_2026_00014991,False,None,False
TX_2026_00014992,False,None,False
TX_2026_00014993,False,None,False
TX_2026_00014994,False,None,False
TX_2026_00014995,False,None,False
TX_2026_00014996,False,None,False
TX_2026_00014997,False,None,False
TX_2026_00014998,False,None,False
TX_2026_00014999,False,None,False
TX_2026_00015000,False,None,False
TX_2026_00015001,False,None,False
TX_2026_00015002,False,None,False
TX_2026_00015003,False,None,False
TX_2026_00015004,False,None,False
TX_2026_00015005,False,None,False
TX_2026_00015006,False,None,False
TX_2026_00015007,True,NEW_FOREIGN_LOCATION,False
TX_2026_00015008,False,None,False
TX_2026_00015009,False,None,False
TX_2026_00015010,False,None,False
TX_2026_00015011,False,None,False
TX_2026_00015012,False,None,False
TX_2026_00015013,False,None,False
TX_2026_00015014,False,None,False
TX_2026_00015015,False,None,False
TX_2026_00015016,False,None,False
TX_2026_00015017,False,None,False
TX_2026_00015018,False,None,False
TX_2026_00015019,False,None,False
TX_2026_00015020,False,None,False
TX_2026_00015021,False,None,False
TX_2026_00015022,False,None,False
TX_2026_00015023,False,None,False
TX_2026_00015024,False,None,False
TX_2026_00015025,False,None,False
TX_2026_00015026,False,None,False
TX_2026_00015027,False,None,False
TX_2026_00015028,False,None,False
TX_2026_00015029,True,NEW_FOREIGN_LOCATION,True
TX_2026_00015030,False,None,False
TX_2026_00015031,False,None,False
TX_2026_00015032,False,None,False
TX_2026_00015033,False,None,False
TX_2026_00015034,False,None,False
TX_2026_00015035,False,None,False
TX_2026_00015036,False,None,False
TX_2026_00015037,False,None,False
TX_2026_00015038,False,None,False
TX_2026_00015039,False,None,False
TX_2026_00015040,False,None,False
TX_2026_00015041,True,UNUSUAL_NIGHT,True
TX_2026_00015042,False,None,False
TX_2026_00015043,False,None,False
TX_2026_00015044,False,None,False
TX_2026_00015045,False,None,False
TX_2026_00015046,False,None,False
TX_2026_00015047,False,None,False
TX_2026_00015048,False,None,False
TX_2026_00015049,False,None,False
TX_2026_00015050,True,UNUSUAL_NIGHT,True
TX_2026_00015051,False,None,False
TX_2026_00015052,False,None,False
TX_2026_00015053,False,None,False
TX_2026_00015054,False,None,False
TX_2026_00015055,False,None,False
TX_2026_00015056,False,None,False
TX_2026_00015057,False,None,False
TX_2026_00015058,False,None,False
TX_2026_00015059,False,None,False
TX_2026_00015060,False,None,False
TX_2026_00015061,False,None,False
TX_2026_00015062,False,None,False
TX_2026_00015063,False,None,False
TX_2026_00015064,False,None,False
TX_2026_00015065,False,None,False
TX_2026_00015066,False,None,False
TX_2026_00015067,False,None,False
TX_2026_00015068,False,None,False
TX_2026_00015069,False,None,False
TX_2026_00015070,False,None,False
TX_2026_00015071,False,None,False
TX_2026_00015072,False,None,False
TX_2026_00015073,False,None,False
TX_2026_00015074,False,None,False
TX_2026_00015075,False,None,False
TX_2026_00015076,False,None,False
TX_2026_00015077,False,None,False
TX_2026_00015078,False,None,False
TX_2026_00015079,False,None,False
TX_2026_00015080,False,None,False
TX_2026_00015081,False,None,False
TX_2026_00015082,False,None,False
TX_2026_00015083,False,None,False
TX_2026_00015084,False,None,False
TX_2026_00015085,False,None,False
TX_2026_00015086,False,None,False
TX_2026_00015087,False,None,False
TX_2026_00015088,False,None,False
TX_2026_00015089,False,None,False
TX_2026_00015090,False,None,False
TX_2026_00015091,False,None,False
TX_2026_00015092,False,None,False
TX_2026_00015093,False,None,False
TX_2026_00015094,False,None,False
TX_2026_00015095,False,None,False
TX_2026_00015096,False,None,False
TX_2026_00015097,False,None,False
TX_2026_00015098,False,None,False
TX_2026_00015099,False,None,False
TX_2026_00015100,False,None,False
TX_2026_00015101,True,NEW_FOREIGN_LOCATION,True
TX_2026_00015102,False,None,False
TX_2026_00015103,False,None,False
TX_2026_00015104,False,None,False
TX_2026_00015105,False,None,False
TX_2026_00015106,False,None,False
TX_2026_00015107,False,None,False
TX_2026_00015108,False,None,False
TX_2026_00015109,False,None,False
TX_2026_00015110,False,None,False
TX_2026_00015111,False,None,False
TX_2026_00015112,False,None,False
TX_2026_00015113,False,None,False
TX_2026_00015114,False,None,False
TX_2026_00015115,False,None,False
TX_2026_00015116,True,NEW_DEVICE_BURST,True
TX_2026_00015117,False,None,False
TX_2026_00015118,False,None,False
TX_2026_00015119,False,None,False
TX_2026_00015120,False,None,False
TX_2026_00015121,False,None,False
TX_2026_00015122,False,None,False
TX_2026_00015123,False,None,False
TX_2026_00015124,False,None,False
TX_2026_00015125,False,None,False
TX_2026_00015126,False,None,False
TX_2026_00015127,False,None,False
TX_2026_00015128,False,None,False
TX_2026_00015129,False,None,False
TX_2026_00015130,False,None,False
TX_2026_00015131,True,NEW_DEVICE_BURST,False
TX_2026_00015132,False,None,False
TX_2026_00015133,False,None,False
TX_2026_00015134,False,None,False
TX_2026_00015135,False,None,False
TX_2026_00015136,False,None,False
TX_2026_00015137,False,None,False
TX_2026_00015138,False,None,False
TX_2026_00015139,False,None,False
TX_2026_00015140,False,None,False
TX_2026_00015141,False,None,False
TX_2026_00015142,False,None,False
TX_2026_00015143,False,None,False
TX_2026_00015144,False,None,False
TX_2026_00015145,False,None,False
TX_2026_00015146,False,None,False
TX_2026_00015147,False,None,False
TX_2026_00015148,False,None,False
TX_2026_00015149,False,None,False
TX_2026_00015150,False,None,False
TX_2026_00015151,False,None,False
TX_2026_00015152,False,None,False
TX_2026_00015153,False,None,False
TX_2026_00015154,False,None,False
TX_2026_00015155,False,None,False
TX_2026_00015156,False,None,False
TX_2026_00015157,False,None,False
TX_2026_00015158,False,None,False
TX_2026_00015159,False,None,False
TX_2026_00015160,False,None,False
TX_2026_00015161,False,None,False
TX_2026_00015162,False,None,False
TX_2026_00015163,False,None,False
TX_2026_00015164,False,None,False
TX_2026_00015165,False,None,False
TX_2026_00015166,False,None,False
TX_2026_00015167,False,None,False
TX_2026_00015168,False,None,False
TX_2026_00015169,False,None,False
TX_2026_00015170,False,None,False
TX_2026_00015171,False,None,False
TX_2026_00015172,False,None,False
TX_2026_00015173,False,None,False
TX_2026_00015174,False,None,False
TX_2026_00015175,False,None,False
TX_2026_00015176,False,None,False
TX_2026_00015177,False,None,False
TX_2026_00015178,False,None,False
TX_2026_00015179,False,None,False
TX_2026_00015180,False,None,False
TX_2026_00015181,False,None,False
TX_2026_00015182,False,None,False
TX_2026_00015183,False,None,False
TX_2026_00015184,False,None,False
TX_2026_00015185,False,None,False
TX_2026_00015186,False,None,False
TX_2026_00015187,False,None,False
TX_2026_00015188,False,None,False
TX_2026_00015189,False,None,False
TX_2026_00015190,False,None,False
TX_2026_00015191,False,None,False
TX_2026_00015192,False,None,False
TX_2026_00015193,False,None,False
TX_2026_00015194,False,None,False
TX_2026_00015195,False,None,False
TX_2026_00015196,False,None,False
TX_2026_00015197,False,None,False
TX_2026_00015198,False,None,False
TX_2026_00015199,False,None,False
TX_2026_00015200,False,None,False
TX_2026_00015201,False,None,False
TX_2026_00015202,False,None,False
TX_2026_00015203,False,None,False
TX_2026_00015204,False,None,False
TX_2026_00015205,False,None,False
TX_2026_00015206,False,None,False
TX_2026_00015207,False,None,False
TX_2026_00015208,False,None,False
TX_2026_00015209,True,NEW_DEVICE_BURST,True
TX_2026_00015210,False,None,False
TX_2026_00015211,False,None,False
TX_2026_00015212,False,None,False
TX_2026_00015213,False,None,False
TX_2026_00015214,False,None,False
TX_2026_00015215,False,None,False
TX_2026_00015216,False,None,False
TX_2026_00015217,False,None,False
TX_2026_00015218,False,None,False
TX_2026_00015219,False,None,False
TX_2026_00015220,False,None,False
TX_2026_00015221,False,None,False
TX_2026_00015222,False,None,False
TX_2026_00015223,False,None,False
TX_2026_00015224,False,None,False
TX_2026_00015225,False,None,False
TX_2026_00015226,False,None,False
TX_2026_00015227,False,None,False
TX_2026_00015228,False,None,False
TX_2026_00015229,False,None,False
TX_2026_00015230,False,None,False
TX_2026_00015231,False,None,False
TX_2026_00015232,False,None,False
TX_2026_00015233,False,None,False
TX_2026_00015234,False,None,False
TX_2026_00015235,False,None,False
TX_2026_00015236,False,None,False
TX_2026_00015237,False,None,False
TX_2026_00015238,False,None,False
TX_2026_00015239,False,None,False
TX_2026_00015240,False,None,False
TX_2026_00015241,False,None,False
TX_2026_00015242,True,NEW_DEVICE_BURST,False
TX_2026_00015243,False,None,False
TX_2026_00015244,False,None,False
TX_2026_00015245,False,None,False
TX_2026_00015246,False,None,False
TX_2026_00015247,False,None,False
TX_2026_00015248,False,None,False
TX_2026_00015249,False,None,False
TX_2026_00015250,True,UNUSUAL_NIGHT,True
TX_2026_00015251,False,None,False
TX_2026_00015252,False,None,False
TX_2026_00015253,False,None,False
TX_2026_00015254,False,None,False
TX_2026_00015255,False,None,False
TX_2026_00015256,False,None,False
TX_2026_00015257,False,None,False
TX_2026_00015258,False,None,False
TX_2026_00015259,False,None,False
TX_2026_00015260,False,None,False
TX_2026_00015261,False,None,False
TX_2026_00015262,False,None,False
TX_2026_00015263,False,None,False
TX_2026_00015264,False,None,False
TX_2026_00015265,False,None,False
TX_2026_00015266,False,None,False
TX_2026_00015267,False,None,False
TX_2026_00015268,False,None,False
TX_2026_00015269,False,None,False
TX_2026_00015270,False,None,False
TX_2026_00015271,False,None,False
TX_2026_00015272,False,None,False
TX_2026_00015273,False,None,False
TX_2026_00015274,False,None,False
TX_2026_00015275,False,None,False
TX_2026_00015276,False,None,False
TX_2026_00015277,False,None,False
TX_2026_00015278,False,None,False
TX_2026_00015279,False,None,False
TX_2026_00015280,False,None,False
TX_2026_00015281,False,None,False
TX_2026_00015282,False,None,False
TX_2026_00015283,False,None,False
TX_2026_00015284,False,None,False
TX_2026_00015285,False,None,False
TX_2026_00015286,False,None,False
TX_2026_00015287,False,None,False
TX_2026_00015288,False,None,False
TX_2026_00015289,False,None,False
TX_2026_00015290,True,NEW_DEVICE_BURST,True
TX_2026_00015291,False,None,False
TX_2026_00015292,False,None,False
TX_2026_00015293,False,None,False
TX_2026_00015294,False,None,False
TX_2026_00015295,False,None,False
TX_2026_00015296,False,None,False
TX_2026_00015297,False,None,False
TX_2026_00015298,False,None,False
TX_2026_00015299,False,None,False
TX_2026_00015300,False,None,False
TX_2026_00015301,False,None,False
TX_2026_00015302,False,None,False
TX_2026_00015303,False,None,False
TX_2026_00015304,False,None,False
TX_2026_00015305,False,None,False
TX_2026_00015306,False,None,False
TX_2026_00015307,False,None,False
TX_2026_00015308,False,None,False
TX_2026_00015309,False,None,False
TX_2026_00015310,False,None,False
TX_2026_00015311,False,None,False
TX_2026_00015312,False,None,False
TX_2026_00015313,False,None,False
TX_2026_00015314,False,None,False
TX_2026_00015315,False,None,False
TX_2026_00015316,False,None,False
TX_2026_00015317,False,None,False
TX_2026_00015318,False,None,False
TX_2026_00015319,False,None,False
TX_2026_00015320,False,None,False
TX_2026_00015321,False,None,False
TX_2026_00015322,False,None,False
TX_2026_00015323,False,None,False
TX_2026_00015324,False,None,False
TX_2026_00015325,False,None,False
TX_2026_00015326,False,None,False
TX_2026_00015327,False,None,False
TX_2026_00015328,False,None,False
TX_2026_00015329,True,UNUSUAL_NIGHT,True
TX_2026_00015330,False,None,False
TX_2026_00015331,False,None,False
TX_2026_00015332,False,None,False
TX_2026_00015333,False,None,False
TX_2026_00015334,False,None,False
TX_2026_00015335,False,None,False
TX_2026_00015336,False,None,False
TX_2026_00015337,False,None,False
TX_2026_00015338,False,None,False
TX_2026_00015339,False,None,False
TX_2026_00015340,False,None,False
TX_2026_00015341,False,None,False
TX_2026_00015342,False,None,False
TX_2026_00015343,False,None,False
TX_2026_00015344,False,None,False
TX_2026_00015345,False,None,False
TX_2026_00015346,False,None,False
TX_2026_00015347,False,None,False
TX_2026_00015348,False,None,False
TX_2026_00015349,False,None,False
TX_2026_00015350,False,None,False
TX_2026_00015351,False,None,False
TX_2026_00015352,False,None,False
TX_2026_00015353,False,None,False
TX_2026_00015354,False,None,False
TX_2026_00015355,False,None,False
TX_2026_00015356,True,NEW_DEVICE_BURST,True
TX_2026_00015357,False,None,False
TX_2026_00015358,False,None,False
TX_2026_00015359,False,None,False
TX_2026_00015360,False,None,False
TX_2026_00015361,False,None,False
TX_2026_00015362,False,None,False
TX_2026_00015363,False,None,False
TX_2026_00015364,False,None,False
TX_2026_00015365,False,None,False
TX_2026_00015366,False,None,False
TX_2026_00015367,False,None,False
TX_2026_00015368,False,None,False
TX_2026_00015369,False,None,False
TX_2026_00015370,False,None,False
TX_2026_00015371,False,None,False
TX_2026_00015372,False,None,False
TX_2026_00015373,False,None,False
TX_2026_00015374,False,None,False
TX_2026_00015375,False,None,False
TX_2026_00015376,False,None,False
TX_2026_00015377,False,None,False
TX_2026_00015378,False,None,False
TX_2026_00015379,False,None,False
TX_2026_00015380,False,None,False
TX_2026_00015381,False,None,False
TX_2026_00015382,False,None,False
TX_2026_00015383,False,None,False
TX_2026_00015384,False,None,False
TX_2026_00015385,False,None,False
TX_2026_00015386,False,None,False
TX_2026_00015387,False,None,False
TX_2026_00015388,False,None,False
TX_2026_00015389,False,None,False
TX_2026_00015390,False,None,False
TX_2026_00015391,False,None,False
TX_2026_00015392,False,None,False
TX_2026_00015393,False,None,False
TX_2026_00015394,False,None,False
TX_2026_00015395,False,None,False
TX_2026_00015396,False,None,False
TX_2026_00015397,False,None,False
TX_2026_00015398,False,None,False
TX_2026_00015399,False,None,False
TX_2026_00015400,False,None,False
TX_2026_00015401,False,None,False
TX_2026_00015402,False,None,False
TX_2026_00015403,False,None,False
TX_2026_00015404,False,None,False
TX_2026_00015405,False,None,False
TX_2026_00015406,False,None,False
TX_2026_00015407,False,None,False
TX_2026_00015408,True,NEW_DEVICE_BURST,True
TX_2026_00015409,False,None,False
TX_2026_00015410,False,None,False
TX_2026_00015411,False,None,False
TX_2026_00015412,False,None,False
TX_2026_00015413,False,None,False
TX_2026_00015414,False,None,False
TX_2026_00015415,False,None,False
TX_2026_00015416,False,None,False
TX_2026_00015417,False,None,False
TX_2026_00015418,False,None,False
TX_2026_00015419,False,None,False
TX_2026_00015420,False,None,False
TX_2026_00015421,False,None,False
TX_2026_00015422,False,None,False
TX_2026_00015423,False,None,False
TX_2026_00015424,False,None,False
TX_2026_00015425,False,None,False
TX_2026_00015426,False,None,False
TX_2026_00015427,False,None,False
TX_2026_00015428,False,None,False
TX_2026_00015429,False,None,False
TX_2026_00015430,False,None,False
TX_2026_00015431,False,None,False
TX_2026_00015432,False,None,False
TX_2026_00015433,False,None,False
TX_2026_00015434,False,None,False
TX_2026_00015435,False,None,False
TX_2026_00015436,False,None,False
TX_2026_00015437,False,None,False
TX_2026_00015438,False,None,False
TX_2026_00015439,False,None,False
TX_2026_00015440,False,None,False
TX_2026_00015441,False,None,False
TX_2026_00015442,False,None,False
TX_2026_00015443,False,None,False
TX_2026_00015444,False,None,False
TX_2026_00015445,False,None,False
TX_2026_00015446,False,None,False
TX_2026_00015447,False,None,False
TX_2026_00015448,False,None,False
TX_2026_00015449,False,None,False
TX_2026_00015450,False,None,False
TX_2026_00015451,False,None,False
TX_2026_00015452,False,None,False
TX_2026_00015453,False,None,False
TX_2026_00015454,False,None,False
TX_2026_00015455,False,None,False
TX_2026_00015456,False,None,False
TX_2026_00015457,False,None,False
TX_2026_00015458,False,None,False
TX_2026_00015459,False,None,False
TX_2026_00015460,False,None,False
TX_2026_00015461,False,None,False
TX_2026_00015462,False,None,False
TX_2026_00015463,False,None,False
TX_2026_00015464,False,None,False
TX_2026_00015465,False,None,False
TX_2026_00015466,False,None,False
TX_2026_00015467,False,None,False
TX_2026_00015468,False,None,False
TX_2026_00015469,False,None,False
TX_2026_00015470,False,None,False
TX_2026_00015471,False,None,False
TX_2026_00015472,False,None,False
TX_2026_00015473,False,None,False
TX_2026_00015474,True,NEW_FOREIGN_LOCATION,True
TX_2026_00015475,False,None,False
TX_2026_00015476,False,None,False
TX_2026_00015477,False,None,False
TX_2026_00015478,False,None,False
TX_2026_00015479,False,None,False
TX_2026_00015480,False,None,False
TX_2026_00015481,False,None,False
TX_2026_00015482,False,None,False
TX_2026_00015483,False,None,False
TX_2026_00015484,False,None,False
TX_2026_00015485,False,None,False
TX_2026_00015486,False,None,False
TX_2026_00015487,False,None,False
TX_2026_00015488,False,None,False
TX_2026_00015489,False,None,False
TX_2026_00015490,False,None,False
TX_2026_00015491,False,None,False
TX_2026_00015492,False,None,False
TX_2026_00015493,False,None,False
TX_2026_00015494,False,None,False
TX_2026_00015495,False,None,False
TX_2026_00015496,False,None,False
TX_2026_00015497,False,None,False
TX_2026_00015498,False,None,False
TX_2026_00015499,False,None,False
TX_2026_00015500,False,None,False
TX_2026_00015501,False,None,False
TX_2026_00015502,False,None,False
TX_2026_00015503,False,None,False
TX_2026_00015504,True,UNUSUAL_NIGHT,False
TX_2026_00015505,False,None,False
TX_2026_00015506,False,None,False
TX_2026_00015507,False,None,False
TX_2026_00015508,False,None,False
TX_2026_00015509,False,None,False
TX_2026_00015510,False,None,False
TX_2026_00015511,False,None,False
TX_2026_00015512,False,None,False
TX_2026_00015513,False,None,False
TX_2026_00015514,False,None,False
TX_2026_00015515,False,None,False
TX_2026_00015516,False,None,False
TX_2026_00015517,False,None,False
TX_2026_00015518,False,None,False
TX_2026_00015519,False,None,False
TX_2026_00015520,False,None,False
TX_2026_00015521,False,None,False
TX_2026_00015522,False,None,False
TX_2026_00015523,False,None,False
TX_2026_00015524,False,None,False
TX_2026_00015525,False,None,False
TX_2026_00015526,False,None,False
TX_2026_00015527,False,None,False
TX_2026_00015528,False,None,False
TX_2026_00015529,False,None,False
TX_2026_00015530,False,None,False
TX_2026_00015531,False,None,False
TX_2026_00015532,False,None,False
TX_2026_00015533,False,None,False
TX_2026_00015534,False,None,False
TX_2026_00015535,False,None,False
TX_2026_00015536,False,None,False
TX_2026_00015537,False,None,False
TX_2026_00015538,False,None,False
TX_2026_00015539,False,None,False
TX_2026_00015540,False,None,False
TX_2026_00015541,False,None,False
TX_2026_00015542,False,None,False
TX_2026_00015543,False,None,False
TX_2026_00015544,False,None,False
TX_2026_00015545,False,None,False
TX_2026_00015546,False,None,False
TX_2026_00015547,False,None,False
TX_2026_00015548,False,None,False
TX_2026_00015549,False,None,False
TX_2026_00015550,False,None,False
TX_2026_00015551,False,None,False
TX_2026_00015552,False,None,False
TX_2026_00015553,False,None,False
TX_2026_00015554,False,None,False
TX_2026_00015555,False,None,False
TX_2026_00015556,False,None,False
TX_2026_00015557,False,None,False
TX_2026_00015558,False,None,False
TX_2026_00015559,False,None,False
TX_2026_00015560,False,None,False
TX_2026_00015561,False,None,False
TX_2026_00015562,False,None,False
TX_2026_00015563,False,None,False
TX_2026_00015564,False,None,False
TX_2026_00015565,False,None,False
TX_2026_00015566,False,None,False
TX_2026_00015567,False,None,False
TX_2026_00015568,False,None,False
TX_2026_00015569,False,None,False
TX_2026_00015570,False,None,False
TX_2026_00015571,False,None,False
TX_2026_00015572,False,None,False
TX_2026_00015573,False,None,False
TX_2026_00015574,False,None,False
TX_2026_00015575,False,None,False
TX_2026_00015576,False,None,False
TX_2026_00015577,False,None,False
TX_2026_00015578,False,None,False
TX_2026_00015579,False,None,False
TX_2026_00015580,False,None,False
TX_2026_00015581,False,None,False
TX_2026_00015582,False,None,False
TX_2026_00015583,False,None,False
TX_2026_00015584,False,None,False
TX_2026_00015585,False,None,False
TX_2026_00015586,False,None,False
TX_2026_00015587,False,None,False
TX_2026_00015588,False,None,False
TX_2026_00015589,False,None,False
TX_2026_00015590,False,None,False
TX_2026_00015591,False,None,False
TX_2026_00015592,False,None,False
TX_2026_00015593,False,None,False
TX_2026_00015594,False,None,False
TX_2026_00015595,False,None,False
TX_2026_00015596,False,None,False
TX_2026_00015597,False,None,False
TX_2026_00015598,False,None,False
TX_2026_00015599,False,None,False
TX_2026_00015600,False,None,False
TX_2026_00015601,False,None,False
TX_2026_00015602,False,None,False
TX_2026_00015603,False,None,False
TX_2026_00015604,False,None,False
TX_2026_00015605,False,None,False
TX_2026_00015606,False,None,False
TX_2026_00015607,False,None,False
TX_2026_00015608,False,None,False
TX_2026_00015609,False,None,False
TX_2026_00015610,False,None,False
TX_2026_00015611,False,None,False
TX_2026_00015612,False,None,False
TX_2026_00015613,False,None,False
TX_2026_00015614,False,None,False
TX_2026_00015615,False,None,False
TX_2026_00015616,False,None,False
TX_2026_00015617,False,None,False
TX_2026_00015618,False,None,False
TX_2026_00015619,False,None,False
TX_2026_00015620,False,None,False
TX_2026_00015621,False,None,False
TX_2026_00015622,False,None,False
TX_2026_00015623,False,None,False
TX_2026_00015624,False,None,False
TX_2026_00015625,False,None,False
TX_2026_00015626,False,None,False
TX_2026_00015627,False,None,False
TX_2026_00015628,False,None,False
TX_2026_00015629,False,None,False
TX_2026_00015630,False,None,False
TX_2026_00015631,False,None,False
TX_2026_00015632,False,None,False
TX_2026_00015633,False,None,False
TX_2026_00015634,False,None,False
TX_2026_00015635,False,None,False
TX_2026_00015636,False,None,False
TX_2026_00015637,False,None,False
TX_2026_00015638,False,None,False
TX_2026_00015639,False,None,False
TX_2026_00015640,False,None,False
TX_2026_00015641,False,None,False
TX_2026_00015642,False,None,False
TX_2026_00015643,False,None,False
TX_2026_00015644,False,None,False
TX_2026_00015645,False,None,False
TX_2026_00015646,False,None,False
TX_2026_00015647,False,None,False
TX_2026_00015648,False,None,False
TX_2026_00015649,False,None,False
TX_2026_00015650,False,None,False
TX_2026_00015651,False,None,False
TX_2026_00015652,False,None,False
TX_2026_00015653,False,None,False
TX_2026_00015654,False,None,False
TX_2026_00015655,False,None,False
TX_2026_00015656,False,None,False
TX_2026_00015657,False,None,False
TX_2026_00015658,False,None,False
TX_2026_00015659,False,None,False
TX_2026_00015660,False,None,False
TX_2026_00015661,False,None,False
TX_2026_00015662,False,None,False
TX_2026_00015663,False,None,False
TX_2026_00015664,False,None,False
TX_2026_00015665,False,None,False
TX_2026_00015666,False,None,False
TX_2026_00015667,False,None,False
TX_2026_00015668,False,None,False
TX_2026_00015669,False,None,False
TX_2026_00015670,False,None,False
TX_2026_00015671,False,None,False
TX_2026_00015672,False,None,False
TX_2026_00015673,False,None,False
TX_2026_00015674,False,None,False
TX_2026_00015675,False,None,False
TX_2026_00015676,False,None,False
TX_2026_00015677,False,None,False
TX_2026_00015678,False,None,False
TX_2026_00015679,False,None,False
TX_2026_00015680,False,None,False
TX_2026_00015681,False,None,False
TX_2026_00015682,False,None,False
TX_2026_00015683,False,None,False
TX_2026_00015684,False,None,False
TX_2026_00015685,False,None,False
TX_2026_00015686,False,None,False
TX_2026_00015687,False,None,False
TX_2026_00015688,False,None,False
TX_2026_00015689,False,None,False
TX_2026_00015690,False,None,False
TX_2026_00015691,False,None,False
TX_2026_00015692,False,None,False
TX_2026_00015693,False,None,False
TX_2026_00015694,False,None,False
TX_2026_00015695,True,UNUSUAL_NIGHT,False
TX_2026_00015696,False,None,False
TX_2026_00015697,False,None,False
TX_2026_00015698,False,None,False
TX_2026_00015699,False,None,False
TX_2026_00015700,False,None,False
TX_2026_00015701,False,None,False
TX_2026_00015702,False,None,False
TX_2026_00015703,False,None,False
TX_2026_00015704,False,None,False
TX_2026_00015705,False,None,False
TX_2026_00015706,False,None,False
TX_2026_00015707,False,None,False
TX_2026_00015708,False,None,False
TX_2026_00015709,False,None,False
TX_2026_00015710,False,None,False
TX_2026_00015711,False,None,False
TX_2026_00015712,False,None,False
TX_2026_00015713,False,None,False
TX_2026_00015714,False,None,False
TX_2026_00015715,False,None,False
TX_2026_00015716,False,None,False
TX_2026_00015717,False,None,False
TX_2026_00015718,False,None,False
TX_2026_00015719,False,None,False
TX_2026_00015720,False,None,False
TX_2026_00015721,False,None,False
TX_2026_00015722,False,None,False
TX_2026_00015723,False,None,False
TX_2026_00015724,False,None,False
TX_2026_00015725,False,None,False
TX_2026_00015726,False,None,False
TX_2026_00015727,False,None,False
TX_2026_00015728,False,None,False
TX_2026_00015729,False,None,False
TX_2026_00015730,False,None,False
TX_2026_00015731,False,None,False
TX_2026_00015732,False,None,False
TX_2026_00015733,False,None,False
TX_2026_00015734,False,None,False
TX_2026_00015735,False,None,False
TX_2026_00015736,False,None,False
TX_2026_00015737,False,None,False
TX_2026_00015738,False,None,False
TX_2026_00015739,False,None,False
TX_2026_00015740,False,None,False
TX_2026_00015741,False,None,False
TX_2026_00015742,False,None,False
TX_2026_00015743,False,None,False
TX_2026_00015744,False,None,False
TX_2026_00015745,False,None,False
TX_2026_00015746,False,None,False
TX_2026_00015747,False,None,False
TX_2026_00015748,False,None,False
TX_2026_00015749,False,None,False
TX_2026_00015750,False,None,False
TX_2026_00015751,False,None,False
TX_2026_00015752,False,None,False
TX_2026_00015753,False,None,False
TX_2026_00015754,False,None,False
TX_2026_00015755,False,None,False
TX_2026_00015756,False,None,False
TX_2026_00015757,False,None,False
TX_2026_00015758,False,None,False
TX_2026_00015759,False,None,False
TX_2026_00015760,True,HIGH_AMOUNT,True
TX_2026_00015761,False,None,False
TX_2026_00015762,False,None,False
TX_2026_00015763,False,None,False
TX_2026_00015764,False,None,False
TX_2026_00015765,False,None,False
TX_2026_00015766,False,None,False
TX_2026_00015767,False,None,False
TX_2026_00015768,False,None,False
TX_2026_00015769,False,None,False
TX_2026_00015770,False,None,False
TX_2026_00015771,False,None,False
TX_2026_00015772,False,None,False
TX_2026_00015773,False,None,False
TX_2026_00015774,False,None,False
TX_2026_00015775,False,None,False
TX_2026_00015776,False,None,False
TX_2026_00015777,False,None,False
TX_2026_00015778,False,None,False
TX_2026_00015779,False,None,False
TX_2026_00015780,False,None,False
TX_2026_00015781,False,None,False
TX_2026_00015782,False,None,False
TX_2026_00015783,False,None,False
TX_2026_00015784,False,None,False
TX_2026_00015785,False,None,False
TX_2026_00015786,False,None,False
TX_2026_00015787,False,None,False
TX_2026_00015788,False,None,False
TX_2026_00015789,False,None,False
TX_2026_00015790,False,None,False
TX_2026_00015791,False,None,False
TX_2026_00015792,False,None,False
TX_2026_00015793,False,None,False
TX_2026_00015794,False,None,False
TX_2026_00015795,False,None,False
TX_2026_00015796,False,None,False
TX_2026_00015797,False,None,False
TX_2026_00015798,False,None,False
TX_2026_00015799,False,None,False
TX_2026_00015800,False,None,False
TX_2026_00015801,False,None,False
TX_2026_00015802,False,None,False
TX_2026_00015803,False,None,False
TX_2026_00015804,False,None,False
TX_2026_00015805,False,None,False
TX_2026_00015806,False,None,False
TX_2026_00015807,False,None,False
TX_2026_00015808,False,None,False
TX_2026_00015809,False,None,False
TX_2026_00015810,False,None,False
TX_2026_00015811,False,None,False
TX_2026_00015812,False,None,False
TX_2026_00015813,False,None,False
TX_2026_00015814,False,None,False
TX_2026_00015815,False,None,False
TX_2026_00015816,False,None,False
TX_2026_00015817,False,None,False
TX_2026_00015818,False,None,False
TX_2026_00015819,False,None,False
TX_2026_00015820,False,None,False
TX_2026_00015821,False,None,False
TX_2026_00015822,False,None,False
TX_2026_00015823,False,None,False
TX_2026_00015824,False,None,False
TX_2026_00015825,False,None,False
TX_2026_00015826,False,None,False
TX_2026_00015827,False,None,False
TX_2026_00015828,False,None,False
TX_2026_00015829,False,None,False
TX_2026_00015830,False,None,False
TX_2026_00015831,False,None,False
TX_2026_00015832,False,None,False
TX_2026_00015833,False,None,False
TX_2026_00015834,False,None,False
TX_2026_00015835,False,None,False
TX_2026_00015836,False,None,False
TX_2026_00015837,False,None,False
TX_2026_00015838,False,None,False
TX_2026_00015839,False,None,False
TX_2026_00015840,False,None,False
TX_2026_00015841,False,None,False
TX_2026_00015842,False,None,False
TX_2026_00015843,False,None,False
TX_2026_00015844,False,None,False
TX_2026_00015845,False,None,False
TX_2026_00015846,False,None,False
TX_2026_00015847,False,None,False
TX_2026_00015848,False,None,False
TX_2026_00015849,False,None,False
TX_2026_00015850,False,None,False
TX_2026_00015851,False,None,False
TX_2026_00015852,False,None,False
TX_2026_00015853,False,None,False
TX_2026_00015854,False,None,False
TX_2026_00015855,False,None,False
TX_2026_00015856,False,None,False
TX_2026_00015857,False,None,False
TX_2026_00015858,False,None,False
TX_2026_00015859,False,None,False
TX_2026_00015860,False,None,False
TX_2026_00015861,False,None,False
TX_2026_00015862,True,UNUSUAL_NIGHT,True
TX_2026_00015863,False,None,False
TX_2026_00015864,False,None,False
TX_2026_00015865,False,None,False
TX_2026_00015866,False,None,False
TX_2026_00015867,False,None,False
TX_2026_00015868,False,None,False
TX_2026_00015869,False,None,False
TX_2026_00015870,False,None,False
TX_2026_00015871,False,None,False
TX_2026_00015872,False,None,False
TX_2026_00015873,False,None,False
TX_2026_00015874,False,None,False
TX_2026_00015875,False,None,False
TX_2026_00015876,False,None,False
TX_2026_00015877,False,None,False
TX_2026_00015878,False,None,False
TX_2026_00015879,False,None,False
TX_2026_00015880,False,None,False
TX_2026_00015881,False,None,False
TX_2026_00015882,False,None,False
TX_2026_00015883,False,None,False
TX_2026_00015884,False,None,False
TX_2026_00015885,False,None,False
TX_2026_00015886,False,None,False
TX_2026_00015887,False,None,False
TX_2026_00015888,False,None,False
TX_2026_00015889,False,None,False
TX_2026_00015890,False,None,False
TX_2026_00015891,False,None,False
TX_2026_00015892,False,None,False
TX_2026_00015893,False,None,False
TX_2026_00015894,False,None,False
TX_2026_00015895,False,None,False
TX_2026_00015896,False,None,False
TX_2026_00015897,False,None,False
TX_2026_00015898,False,None,False
TX_2026_00015899,False,None,False
TX_2026_00015900,False,None,False
TX_2026_00015901,False,None,False
TX_2026_00015902,False,None,False
TX_2026_00015903,False,None,False
TX_2026_00015904,False,None,False
TX_2026_00015905,False,None,False
TX_2026_00015906,False,None,False
TX_2026_00015907,False,None,False
TX_2026_00015908,False,None,False
TX_2026_00015909,False,None,False
TX_2026_00015910,False,None,False
TX_2026_00015911,False,None,False
TX_2026_00015912,False,None,False
TX_2026_00015913,False,None,False
TX_2026_00015914,False,None,False
TX_2026_00015915,False,None,False
TX_2026_00015916,False,None,False
TX_2026_00015917,False,None,False
TX_2026_00015918,False,None,False
TX_2026_00015919,False,None,False
TX_2026_00015920,False,None,False
TX_2026_00015921,False,None,False
TX_2026_00015922,False,None,False
TX_2026_00015923,False,None,False
TX_2026_00015924,False,None,False
TX_2026_00015925,False,None,False
TX_2026_00015926,False,None,False
TX_2026_00015927,False,None,False
TX_2026_00015928,False,None,False
TX_2026_00015929,False,None,False
TX_2026_00015930,False,None,False
TX_2026_00015931,False,None,False
TX_2026_00015932,False,None,False
TX_2026_00015933,False,None,False
TX_2026_00015934,False,None,False
TX_2026_00015935,False,None,False
TX_2026_00015936,False,None,False
TX_2026_00015937,False,None,False
TX_2026_00015938,False,None,False
TX_2026_00015939,False,None,False
TX_2026_00015940,False,None,False
TX_2026_00015941,False,None,False
TX_2026_00015942,True,NEW_FOREIGN_LOCATION,True
TX_2026_00015943,False,None,False
TX_2026_00015944,False,None,False
TX_2026_00015945,False,None,False
TX_2026_00015946,False,None,False
TX_2026_00015947,False,None,False
TX_2026_00015948,False,None,False
TX_2026_00015949,False,None,False
TX_2026_00015950,False,None,False
TX_2026_00015951,False,None,False
TX_2026_00015952,False,None,False
TX_2026_00015953,False,None,False
TX_2026_00015954,False,None,False
TX_2026_00015955,False,None,False
TX_2026_00015956,False,None,False
TX_2026_00015957,False,None,False
TX_2026_00015958,False,None,False
TX_2026_00015959,False,None,False
TX_2026_00015960,False,None,False
TX_2026_00015961,False,None,False
TX_2026_00015962,False,None,False
TX_2026_00015963,False,None,False
TX_2026_00015964,False,None,False
TX_2026_00015965,False,None,False
TX_2026_00015966,False,None,False
TX_2026_00015967,False,None,False
TX_2026_00015968,False,None,False
TX_2026_00015969,False,None,False
TX_2026_00015970,False,None,False
TX_2026_00015971,False,None,False
TX_2026_00015972,False,None,False
TX_2026_00015973,False,None,False
TX_2026_00015974,False,None,False
TX_2026_00015975,False,None,False
TX_2026_00015976,False,None,False
TX_2026_00015977,False,None,False
TX_2026_00015978,False,None,False
TX_2026_00015979,False,None,False
TX_2026_00015980,False,None,False
TX_2026_00015981,False,None,False
TX_2026_00015982,False,None,False
TX_2026_00015983,False,None,False
TX_2026_00015984,False,None,False
TX_2026_00015985,False,None,False
TX_2026_00015986,False,None,False
TX_2026_00015987,False,None,False
TX_2026_00015988,False,None,False
TX_2026_00015989,False,None,False
TX_2026_00015990,False,None,False
TX_2026_00015991,False,None,False
TX_2026_00015992,False,None,False
TX_2026_00015993,False,None,False
TX_2026_00015994,False,None,False
TX_2026_00015995,False,None,False
TX_2026_00015996,False,None,False
TX_2026_00015997,False,None,False
TX_2026_00015998,False,None,False
TX_2026_00015999,False,None,False
TX_2026_00016000,False,None,False
TX_2026_00016001,False,None,False
TX_2026_00016002,False,None,False
TX_2026_00016003,False,None,False
TX_2026_00016004,False,None,False
TX_2026_00016005,False,None,False
TX_2026_00016006,False,None,False
TX_2026_00016007,False,None,False
TX_2026_00016008,False,None,False
TX_2026_00016009,False,None,False
TX_2026_00016010,False,None,False
TX_2026_00016011,False,None,False
TX_2026_00016012,False,None,False
TX_2026_00016013,False,None,False
TX_2026_00016014,False,None,False
TX_2026_00016015,False,None,False
TX_2026_00016016,False,None,False
TX_2026_00016017,False,None,False
TX_2026_00016018,False,None,False
TX_2026_00016019,False,None,False
TX_2026_00016020,False,None,False
TX_2026_00016021,False,None,False
TX_2026_00016022,False,None,False
TX_2026_00016023,False,None,False
TX_2026_00016024,False,None,False
TX_2026_00016025,False,None,False
TX_2026_00016026,False,None,False
TX_2026_00016027,False,None,False
TX_2026_00016028,False,None,False
TX_2026_00016029,False,None,False
TX_2026_00016030,False,None,False
TX_2026_00016031,False,None,False
TX_2026_00016032,False,None,False
TX_2026_00016033,False,None,False
TX_2026_00016034,False,None,False
TX_2026_00016035,False,None,False
TX_2026_00016036,False,None,False
TX_2026_00016037,False,None,False
TX_2026_00016038,False,None,False
TX_2026_00016039,False,None,False
TX_2026_00016040,False,None,False
TX_2026_00016041,False,None,False
TX_2026_00016042,False,None,False
TX_2026_00016043,False,None,False
TX_2026_00016044,False,None,False
TX_2026_00016045,False,None,False
TX_2026_00016046,False,None,False
TX_2026_00016047,False,None,False
TX_2026_00016048,False,None,False
TX_2026_00016049,False,None,False
TX_2026_00016050,False,None,False
TX_2026_00016051,False,None,False
TX_2026_00016052,False,None,False
TX_2026_00016053,False,None,False
TX_2026_00016054,False,None,False
TX_2026_00016055,False,None,False
TX_2026_00016056,False,None,False
TX_2026_00016057,False,None,False
TX_2026_00016058,False,None,False
TX_2026_00016059,False,None,False
TX_2026_00016060,False,None,False
TX_2026_00016061,False,None,False
TX_2026_00016062,False,None,False
TX_2026_00016063,False,None,False
TX_2026_00016064,False,None,False
TX_2026_00016065,False,None,False
TX_2026_00016066,False,None,False
TX_2026_00016067,False,None,False
TX_2026_00016068,False,None,False
TX_2026_00016069,False,None,False
TX_2026_00016070,False,None,False
TX_2026_00016071,False,None,False
TX_2026_00016072,False,None,False
TX_2026_00016073,False,None,False
TX_2026_00016074,False,None,False
TX_2026_00016075,False,None,False
TX_2026_00016076,False,None,False
TX_2026_00016077,False,None,False
TX_2026_00016078,False,None,False
TX_2026_00016079,False,None,False
TX_2026_00016080,False,None,False
TX_2026_00016081,False,None,False
TX_2026_00016082,False,None,False
TX_2026_00016083,False,None,False
TX_2026_00016084,False,None,False
TX_2026_00016085,False,None,False
TX_2026_00016086,False,None,False
TX_2026_00016087,False,None,False
TX_2026_00016088,False,None,False
TX_2026_00016089,False,None,False
TX_2026_00016090,False,None,False
TX_2026_00016091,False,None,False
TX_2026_00016092,False,None,False
TX_2026_00016093,False,None,False
TX_2026_00016094,False,None,False
TX_2026_00016095,False,None,False
TX_2026_00016096,False,None,False
TX_2026_00016097,False,None,False
TX_2026_00016098,False,None,False
TX_2026_00016099,False,None,False
TX_2026_00016100,False,None,False
TX_2026_00016101,False,None,False
TX_2026_00016102,False,None,False
TX_2026_00016103,False,None,False
TX_2026_00016104,False,None,False
TX_2026_00016105,False,None,False
TX_2026_00016106,False,None,False
TX_2026_00016107,False,None,False
TX_2026_00016108,False,None,False
TX_2026_00016109,False,None,False
TX_2026_00016110,False,None,False
TX_2026_00016111,False,None,False
TX_2026_00016112,False,None,False
TX_2026_00016113,False,None,False
TX_2026_00016114,False,None,False
TX_2026_00016115,False,None,False
TX_2026_00016116,False,None,False
TX_2026_00016117,False,None,False
TX_2026_00016118,False,None,False
TX_2026_00016119,False,None,False
TX_2026_00016120,False,None,False
TX_2026_00016121,False,None,False
TX_2026_00016122,False,None,False
TX_2026_00016123,False,None,False
TX_2026_00016124,False,None,False
TX_2026_00016125,False,None,False
TX_2026_00016126,False,None,False
TX_2026_00016127,False,None,False
TX_2026_00016128,False,None,False
TX_2026_00016129,False,None,False
TX_2026_00016130,False,None,False
TX_2026_00016131,False,None,False
TX_2026_00016132,False,None,False
TX_2026_00016133,False,None,False
TX_2026_00016134,False,None,False
TX_2026_00016135,False,None,False
TX_2026_00016136,False,None,False
TX_2026_00016137,False,None,False
TX_2026_00016138,False,None,False
TX_2026_00016139,False,None,False
TX_2026_00016140,False,None,False
TX_2026_00016141,False,None,False
TX_2026_00016142,False,None,False
TX_2026_00016143,False,None,False
TX_2026_00016144,False,None,False
TX_2026_00016145,False,None,False
TX_2026_00016146,False,None,False
TX_2026_00016147,False,None,False
TX_2026_00016148,False,None,False
TX_2026_00016149,False,None,False
TX_2026_00016150,False,None,False
TX_2026_00016151,False,None,False
TX_2026_00016152,False,None,False
TX_2026_00016153,False,None,False
TX_2026_00016154,False,None,False
TX_2026_00016155,False,None,False
TX_2026_00016156,False,None,False
TX_2026_00016157,False,None,False
TX_2026_00016158,False,None,False
TX_2026_00016159,False,None,False
TX_2026_00016160,True,NEW_FOREIGN_LOCATION,True
TX_2026_00016161,False,None,False
TX_2026_00016162,False,None,False
TX_2026_00016163,False,None,False
TX_2026_00016164,False,None,False
TX_2026_00016165,False,None,False
TX_2026_00016166,False,None,False
TX_2026_00016167,False,None,False
TX_2026_00016168,False,None,False
TX_2026_00016169,False,None,False
TX_2026_00016170,False,None,False
TX_2026_00016171,False,None,False
TX_2026_00016172,False,None,False
TX_2026_00016173,False,None,False
TX_2026_00016174,False,None,False
TX_2026_00016175,False,None,False
TX_2026_00016176,False,None,False
TX_2026_00016177,False,None,False
TX_2026_00016178,False,None,False
TX_2026_00016179,False,None,False
TX_2026_00016180,False,None,False
TX_2026_00016181,False,None,False
TX_2026_00016182,False,None,False
TX_2026_00016183,False,None,False
TX_2026_00016184,False,None,False
TX_2026_00016185,False,None,False
TX_2026_00016186,False,None,False
TX_2026_00016187,False,None,False
TX_2026_00016188,False,None,False
TX_2026_00016189,False,None,False
TX_2026_00016190,False,None,False
TX_2026_00016191,False,None,False
TX_2026_00016192,False,None,False
TX_2026_00016193,False,None,False
TX_2026_00016194,False,None,False
TX_2026_00016195,False,None,False
TX_2026_00016196,False,None,False
TX_2026_00016197,False,None,False
TX_2026_00016198,False,None,False
TX_2026_00016199,False,None,False
TX_2026_00016200,False,None,False
TX_2026_00016201,False,None,False
TX_2026_00016202,False,None,False
TX_2026_00016203,False,None,False
TX_2026_00016204,False,None,False
TX_2026_00016205,False,None,False
TX_2026_00016206,False,None,False
TX_2026_00016207,False,None,False
TX_2026_00016208,False,None,False
TX_2026_00016209,False,None,False
TX_2026_00016210,False,None,False
TX_2026_00016211,False,None,False
TX_2026_00016212,False,None,False
TX_2026_00016213,False,None,False
TX_2026_00016214,False,None,False
TX_2026_00016215,False,None,False
TX_2026_00016216,False,None,False
TX_2026_00016217,False,None,False
TX_2026_00016218,False,None,False
TX_2026_00016219,False,None,False
TX_2026_00016220,False,None,False
TX_2026_00016221,False,None,False
TX_2026_00016222,False,None,False
TX_2026_00016223,False,None,False
TX_2026_00016224,False,None,False
TX_2026_00016225,False,None,False
TX_2026_00016226,False,None,False
TX_2026_00016227,False,None,False
TX_2026_00016228,False,None,False
TX_2026_00016229,False,None,False
TX_2026_00016230,False,None,False
TX_2026_00016231,False,None,False
TX_2026_00016232,False,None,False
TX_2026_00016233,False,None,False
TX_2026_00016234,False,None,False
TX_2026_00016235,False,None,False
TX_2026_00016236,False,None,False
TX_2026_00016237,False,None,False
TX_2026_00016238,False,None,False
TX_2026_00016239,False,None,False
TX_2026_00016240,False,None,False
TX_2026_00016241,False,None,False
TX_2026_00016242,False,None,False
TX_2026_00016243,False,None,False
TX_2026_00016244,False,None,False
TX_2026_00016245,False,None,False
TX_2026_00016246,False,None,False
TX_2026_00016247,False,None,False
TX_2026_00016248,False,None,False
TX_2026_00016249,False,None,False
TX_2026_00016250,False,None,False
TX_2026_00016251,False,None,False
TX_2026_00016252,False,None,False
TX_2026_00016253,False,None,False
TX_2026_00016254,False,None,False
TX_2026_00016255,False,None,False
TX_2026_00016256,False,None,False
TX_2026_00016257,False,None,False
TX_2026_00016258,False,None,False
TX_2026_00016259,False,None,False
TX_2026_00016260,False,None,False
TX_2026_00016261,False,None,False
TX_2026_00016262,False,None,False
TX_2026_00016263,False,None,False
TX_2026_00016264,False,None,False
TX_2026_00016265,False,None,False
TX_2026_00016266,False,None,False
TX_2026_00016267,False,None,False
TX_2026_00016268,False,None,False
TX_2026_00016269,False,None,False
TX_2026_00016270,False,None,False
TX_2026_00016271,False,None,False
TX_2026_00016272,False,None,False
TX_2026_00016273,False,None,False
TX_2026_00016274,False,None,False
TX_2026_00016275,False,None,False
TX_2026_00016276,False,None,False
TX_2026_00016277,False,None,False
TX_2026_00016278,False,None,False
TX_2026_00016279,False,None,False
TX_2026_00016280,False,None,False
TX_2026_00016281,False,None,False
TX_2026_00016282,False,None,False
TX_2026_00016283,False,None,False
TX_2026_00016284,False,None,False
TX_2026_00016285,False,None,False
TX_2026_00016286,False,None,False
TX_2026_00016287,False,None,False
TX_2026_00016288,False,None,False
TX_2026_00016289,False,None,False
TX_2026_00016290,False,None,False
TX_2026_00016291,False,None,False
TX_2026_00016292,False,None,False
TX_2026_00016293,False,None,False
TX_2026_00016294,False,None,False
TX_2026_00016295,False,None,False
TX_2026_00016296,False,None,False
TX_2026_00016297,False,None,False
TX_2026_00016298,False,None,False
TX_2026_00016299,False,None,False
TX_2026_00016300,False,None,False
TX_2026_00016301,False,None,False
TX_2026_00016302,False,None,False
TX_2026_00016303,False,None,False
TX_2026_00016304,False,None,False
TX_2026_00016305,False,None,False
TX_2026_00016306,False,None,False
TX_2026_00016307,False,None,False
TX_2026_00016308,False,None,False
TX_2026_00016309,False,None,False
TX_2026_00016310,False,None,False
TX_2026_00016311,False,None,False
TX_2026_00016312,False,None,False
TX_2026_00016313,False,None,False
TX_2026_00016314,False,None,False
TX_2026_00016315,False,None,False
TX_2026_00016316,False,None,False
TX_2026_00016317,False,None,False
TX_2026_00016318,False,None,False
TX_2026_00016319,False,None,False
TX_2026_00016320,False,None,False
TX_2026_00016321,False,None,False
TX_2026_00016322,False,None,False
TX_2026_00016323,False,None,False
TX_2026_00016324,False,None,False
TX_2026_00016325,False,None,False
TX_2026_00016326,False,None,False
TX_2026_00016327,False,None,False
TX_2026_00016328,False,None,False
TX_2026_00016329,False,None,False
TX_2026_00016330,False,None,False
TX_2026_00016331,False,None,False
TX_2026_00016332,False,None,False
TX_2026_00016333,False,None,False
TX_2026_00016334,False,None,False
TX_2026_00016335,False,None,False
TX_2026_00016336,False,None,False
TX_2026_00016337,False,None,False
TX_2026_00016338,False,None,False
TX_2026_00016339,False,None,False
TX_2026_00016340,False,None,False
TX_2026_00016341,False,None,False
TX_2026_00016342,False,None,False
TX_2026_00016343,False,None,False
TX_2026_00016344,False,None,False
TX_2026_00016345,False,None,False
TX_2026_00016346,False,None,False
TX_2026_00016347,False,None,False
TX_2026_00016348,False,None,False
TX_2026_00016349,True,NEW_FOREIGN_LOCATION,True
TX_2026_00016350,False,None,False
TX_2026_00016351,False,None,False
TX_2026_00016352,False,None,False
TX_2026_00016353,False,None,False
TX_2026_00016354,False,None,False
TX_2026_00016355,False,None,False
TX_2026_00016356,False,None,False
TX_2026_00016357,False,None,False
TX_2026_00016358,False,None,False
TX_2026_00016359,False,None,False
TX_2026_00016360,False,None,False
TX_2026_00016361,False,None,False
TX_2026_00016362,True,UNUSUAL_NIGHT,True
TX_2026_00016363,False,None,False
TX_2026_00016364,False,None,False
TX_2026_00016365,False,None,False
TX_2026_00016366,False,None,False
TX_2026_00016367,False,None,False
TX_2026_00016368,False,None,False
TX_2026_00016369,False,None,False
TX_2026_00016370,False,None,False
TX_2026_00016371,False,None,False
TX_2026_00016372,False,None,False
TX_2026_00016373,False,None,False
TX_2026_00016374,False,None,False
TX_2026_00016375,False,None,False
TX_2026_00016376,False,None,False
TX_2026_00016377,False,None,False
TX_2026_00016378,False,None,False
TX_2026_00016379,False,None,False
TX_2026_00016380,False,None,False
TX_2026_00016381,False,None,False
TX_2026_00016382,False,None,False
TX_2026_00016383,False,None,False
TX_2026_00016384,False,None,False
TX_2026_00016385,False,None,False
TX_2026_00016386,False,None,False
TX_2026_00016387,False,None,False
TX_2026_00016388,False,None,False
TX_2026_00016389,False,None,False
TX_2026_00016390,False,None,False
TX_2026_00016391,False,None,False
TX_2026_00016392,False,None,False
TX_2026_00016393,False,None,False
TX_2026_00016394,False,None,False
TX_2026_00016395,False,None,False
TX_2026_00016396,False,None,False
TX_2026_00016397,False,None,False
TX_2026_00016398,False,None,False
TX_2026_00016399,False,None,False
TX_2026_00016400,False,None,False
TX_2026_00016401,False,None,False
TX_2026_00016402,False,None,False
TX_2026_00016403,False,None,False
TX_2026_00016404,False,None,False
TX_2026_00016405,False,None,False
TX_2026_00016406,True,NEW_FOREIGN_LOCATION,True
TX_2026_00016407,False,None,False
TX_2026_00016408,False,None,False
TX_2026_00016409,False,None,False
TX_2026_00016410,False,None,False
TX_2026_00016411,False,None,False
TX_2026_00016412,False,None,False
TX_2026_00016413,False,None,False
TX_2026_00016414,False,None,False
TX_2026_00016415,False,None,False
TX_2026_00016416,False,None,False
TX_2026_00016417,False,None,False
TX_2026_00016418,False,None,False
TX_2026_00016419,False,None,False
TX_2026_00016420,False,None,False
TX_2026_00016421,False,None,False
TX_2026_00016422,False,None,False
TX_2026_00016423,False,None,False
TX_2026_00016424,False,None,False
TX_2026_00016425,False,None,False
TX_2026_00016426,False,None,False
TX_2026_00016427,False,None,False
TX_2026_00016428,False,None,False
TX_2026_00016429,False,None,False
TX_2026_00016430,False,None,False
TX_2026_00016431,False,None,False
TX_2026_00016432,False,None,False
TX_2026_00016433,False,None,False
TX_2026_00016434,False,None,False
TX_2026_00016435,False,None,False
TX_2026_00016436,False,None,False
TX_2026_00016437,False,None,False
TX_2026_00016438,False,None,False
TX_2026_00016439,False,None,False
TX_2026_00016440,False,None,False
TX_2026_00016441,False,None,False
TX_2026_00016442,False,None,False
TX_2026_00016443,False,None,False
TX_2026_00016444,False,None,False
TX_2026_00016445,False,None,False
TX_2026_00016446,False,None,False
TX_2026_00016447,False,None,False
TX_2026_00016448,False,None,False
TX_2026_00016449,False,None,False
TX_2026_00016450,False,None,False
TX_2026_00016451,False,None,False
TX_2026_00016452,False,None,False
TX_2026_00016453,False,None,False
TX_2026_00016454,False,None,False
TX_2026_00016455,False,None,False
TX_2026_00016456,False,None,False
TX_2026_00016457,False,None,False
TX_2026_00016458,False,None,False
TX_2026_00016459,False,None,False
TX_2026_00016460,False,None,False
TX_2026_00016461,False,None,False
TX_2026_00016462,False,None,False
TX_2026_00016463,False,None,False
TX_2026_00016464,False,None,False
TX_2026_00016465,False,None,False
TX_2026_00016466,False,None,False
TX_2026_00016467,False,None,False
TX_2026_00016468,False,None,False
TX_2026_00016469,False,None,False
TX_2026_00016470,False,None,False
TX_2026_00016471,False,None,False
TX_2026_00016472,False,None,False
TX_2026_00016473,False,None,False
TX_2026_00016474,False,None,False
TX_2026_00016475,False,None,False
TX_2026_00016476,False,None,False
TX_2026_00016477,False,None,False
TX_2026_00016478,False,None,False
TX_2026_00016479,False,None,False
TX_2026_00016480,False,None,False
TX_2026_00016481,False,None,False
TX_2026_00016482,False,None,False
TX_2026_00016483,False,None,False
TX_2026_00016484,False,None,False
TX_2026_00016485,False,None,False
TX_2026_00016486,False,None,False
TX_2026_00016487,False,None,False
TX_2026_00016488,False,None,False
TX_2026_00016489,True,NEW_FOREIGN_LOCATION,True
TX_2026_00016490,False,None,False
TX_2026_00016491,False,None,False
TX_2026_00016492,False,None,False
TX_2026_00016493,False,None,False
TX_2026_00016494,False,None,False
TX_2026_00016495,True,HIGH_AMOUNT,True
TX_2026_00016496,False,None,False
TX_2026_00016497,False,None,False
TX_2026_00016498,False,None,False
TX_2026_00016499,False,None,False
TX_2026_00016500,False,None,False
TX_2026_00016501,False,None,False
TX_2026_00016502,False,None,False
TX_2026_00016503,False,None,False
TX_2026_00016504,False,None,False
TX_2026_00016505,False,None,False
TX_2026_00016506,False,None,False
TX_2026_00016507,False,None,False
TX_2026_00016508,False,None,False
TX_2026_00016509,False,None,False
TX_2026_00016510,False,None,False
TX_2026_00016511,False,None,False
TX_2026_00016512,False,None,False
TX_2026_00016513,False,None,False
TX_2026_00016514,False,None,False
TX_2026_00016515,False,None,False
TX_2026_00016516,False,None,False
TX_2026_00016517,False,None,False
TX_2026_00016518,False,None,False
TX_2026_00016519,False,None,False
TX_2026_00016520,False,None,False
TX_2026_00016521,False,None,False
TX_2026_00016522,False,None,False
TX_2026_00016523,False,None,False
TX_2026_00016524,False,None,False
TX_2026_00016525,False,None,False
